674,42,-148,230
679,-59,130,242
684,-14,-108,385
689,-106,-142,151
694,16,170,248
699,-26,-178,428
704,-192,-32,160
709,73,93,244
714,-50,-188,286
719,-181,74,209
724,78,-20,350
729,-67,-183,148
734,-168,127,240
739,83,-131,439
744,-77,-80,153
749,-61,132,220
754,106,-154,367
759,-89,48,183
764,6,28,288
769,19,-164,205
774,-67,141,237
779,-67,141,237
784,14,-115,410
789,-112,-136,140
794,-5,176,244
799,47,-168,420
804,-168,-22,144
809,11,73,252
814,39,-133,262
819,-128,87,212
824,-6,-87,367
829,-63,-137,145
834,-22,158,254
839,-15,-168,427
844,-168,-39,157
849,98,109,230
854,-50,-194,305
859,-185,70,213
864,98,-17,342
869,-70,-175,148
874,-151,136,235
879,94,-134,439
884,-67,-68,153
889,-12,120,227
894,22,-175,340
899,-97,57,198
904,63,15,307
909,-63,-189,156
914,-133,150,242
919,100,-114,435
924,-89,-97,157
929,-85,125,213
934,90,-153,362
939,-68,48,197
944,23,4,305
949,-67,-184,157
954,-119,147,238
959,108,-111,427
964,-88,-89,162
969,-94,126,212
974,65,-167,355
979,-78,65,199
984,47,1,305
989,-66,-187,151
994,-163,138,249
999,109,-119,439
1004,-79,-77,153
1009,-30,127,225
1014,28,-171,333
[FEATURES] f0=-37170 f1=71610 f2=80682 f3=-192000 f4=126000 f5=318000 f6=57199 f7=-30465 f8=122814 f9=126536 f10=-274000 f11=227000 f12=501000 f13=107816 f14=259829 f15=79618 f16=271754 f17=140000 f18=439000 f19=299000 f20=63789
[SCALED_FEATURES] f0=-1447 f1=167 f2=185 f3=-599 f4=348 f5=477 f6=97 f7=-3133 f8=-337 f9=-321 f10=18 f11=-130 f12=-75 f13=-351 f14=301 f15=481 f16=157 f17=-367 f18=928 f19=679 f20=360
[FEATURES_X] mean=-37170 std=71610 rms=80682 min=-192000 max=126000 p2p=318000 mad=57199
[FEATURES_Y] mean=-30465 std=122814 rms=126536 min=-274000 max=227000 p2p=501000 mad=107816
[FEATURES_Z] mean=259829 std=79618 rms=271754 min=140000 max=439000 p2p=299000 mad=63789
[CLASS] CLASS=normal ID=0 scores_x1000=[5954,-322,-4533,-1098]
[CLASS_STATS] condition=normal total_windows=1
predicted_count=[1,0,0,0]
correct_windows=1
accuracy_x1000=1000
current_prediction=0
[CLASS_TIMING] sample_interval_ms=5 window_acquisition_ms=995 feature_extract_ms=8 inference_ms=1 total_cycle_ms=1068
1116,25,176,241
1118,25,176,241
1121,-14,-180,419
1123,-14,-180,419
1126,-180,-16,152
1128,-180,-16,152
1131,-21,54,258
1133,-21,54,258
1136,-21,54,258
1138,68,-129,243
1141,68,-129,243
1143,-44,132,239
1146,-44,132,239
1148,-27,-112,393
1151,-27,-112,393
1153,-121,-134,140
1156,-121,-134,140
1159,-46,175,235
1161,-46,175,235
1164,120,-144,399
1166,120,-144,399
1169,-77,39,191
1171,-77,39,191
1174,18,20,288
1176,18,20,288
1178,-27,-179,174
1181,-27,-179,174
1183,-91,152,251
1186,-91,152,251
1188,125,-120,436
1191,125,-120,436
1193,-77,-77,159
1196,-77,-77,159
1198,-27,116,219
1201,-27,116,219
1203,-20,-180,322
1206,-20,-180,322
1208,-145,73,205
1211,-145,73,205
1214,123,-14,342
1219,-64,-172,136
1224,-95,148,239
1229,-36,-162,422
1234,-196,-36,165
1239,45,75,248
1244,61,-135,247
1249,-64,129,238
1254,-29,-113,400
1259,-127,-130,133
1264,-76,154,223
1269,121,-147,392
1274,-55,48,200
1279,38,-2,306
1284,-92,-193,148
1289,-183,133,238
1294,101,-130,445
1299,-79,-59,154
1304,38,109,227
1309,-75,-191,300
1314,-192,77,219
1319,-192,77,219
1324,78,-48,359
1329,-26,-143,147
1334,-33,160,240
1339,-45,-167,427
1344,-192,-29,166
1349,31,69,260
1354,82,-131,244
1359,-49,134,236
1364,-32,-118,402
1369,-119,-124,134
1374,-84,155,219
1379,121,-159,380
1384,-56,59,199
1389,43,2,302
1394,-65,-188,159
1399,-168,127,249
1404,81,-138,435
1409,-99,-52,165
1414,105,104,228
1419,-19,-177,285
1424,-157,84,208
1429,-23,-90,373
1434,-92,-138,143
1439,21,168,245
1444,44,-163,404
1449,-123,24,176
1454,-28,27,267
1459,48,-148,211
1464,-41,146,255
1469,53,-122,415
1474,-111,-114,150
1479,-109,136,218
1484,98,-146,376
1489,-44,60,203
1494,47,5,306
1499,-74,-198,152
1504,-149,141,235
1509,111,-124,451
1514,-73,-71,163
1519,-15,117,227
1524,-17,-179,318
1529,-140,71,204
1534,95,-25,359
1539,-54,-167,143
1544,-86,145,237
1549,-35,-170,422
1554,-172,-34,170
1559,69,83,257
1564,54,-141,248
1569,-121,104,227
1574,-38,-107,379
1579,-91,-134,150
1584,-91,-134,150
1589,-18,170,236
1594,110,-143,402
1599,-101,31,192
1604,-16,22,275
1609,-8,-182,165
1614,-103,152,247
1619,111,-117,432
1624,-79,-78,167
1629,-12,110,222
1634,-28,-188,312
1639,-149,82,219
1644,102,-26,363
1649,-54,-158,138
1654,-85,150,234
1659,-61,-174,420
1664,-185,-23,162
1669,16,66,261
1674,92,-136,240
1679,-50,141,242
1684,-1,-129,404
1689,-117,-115,141
1694,-95,132,216
1699,82,-159,354
1704,-101,68,212
1709,125,-3,329
1714,-74,-187,148
1719,-104,154,231
1724,-25,-169,422
1729,-166,-28,174
1734,45,75,262
1739,90,-134,250
1744,-60,134,235
1749,-36,-121,401
1754,-124,-130,133
1759,-75,148,225
1764,110,-144,384
1769,-56,58,200
1774,51,-3,309
1779,-81,-197,151
1784,-167,135,244
1789,85,-139,440
1794,-93,-46,168
1799,62,102,219
1804,-62,-189,291
1809,-187,76,214
1814,44,-71,373
1819,-50,-136,154
1824,21,175,243
1829,-23,-181,421
1834,-156,-8,152
1839,-16,51,262
1844,79,-143,224
1849,-33,148,246
1854,-33,148,246
1859,33,-129,412
1864,-121,-114,152
1869,-103,125,219
1874,89,-154,352
1879,-89,72,216
1884,109,-5,317
1889,-80,-178,155
1894,-142,136,229
1899,35,-155,435
1904,-129,-35,165
1909,91,96,241
1914,-33,-173,269
1919,-168,79,196
1924,19,-78,376
1929,-61,-138,156
1934,28,175,245
1939,2,-174,415
1944,-154,9,161
1949,-32,36,268
1954,60,-136,223
1959,-37,147,248
1964,28,-123,407
1969,-94,-105,145
1974,-90,134,218
1979,91,-155,354
1984,-67,64,209
1989,106,-3,311
1994,-105,-194,151
1999,-151,130,228
2004,26,-158,437
2009,-139,-36,168
2014,86,92,250
[FEATURES] f0=-32560 f1=84393 f2=90456 f3=-196000 f4=125000 f5=321000 f6=68802 f7=-24915 f8=122529 f9=125036 f10=-198000 f11=176000 f12=374000 f13=111208 f14=259200 f15=90270 f16=274469 f17=133000 f18=451000 f19=318000 f20=73670
[SCALED_FEATURES] f0=-836 f1=415 f2=394 f3=-646 f4=337 f5=495 f6=363 f7=-2380 f8=-339 f9=-330 f10=344 f11=-338 f12=-342 f13=-329 f14=229 f15=664 f16=256 f17=-453 f18=1057 f19=790 f20=547
[FEATURES_X] mean=-32560 std=84393 rms=90456 min=-196000 max=125000 p2p=321000 mad=68802
[FEATURES_Y] mean=-24915 std=122529 rms=125036 min=-198000 max=176000 p2p=374000 mad=111208
[FEATURES_Z] mean=259200 std=90270 rms=274469 min=133000 max=451000 p2p=318000 mad=73670
[CLASS] CLASS=normal ID=0 scores_x1000=[7032,-1275,-2079,-3678]
[CLASS_STATS] condition=normal total_windows=2
predicted_count=[2,0,0,0]
correct_windows=2
accuracy_x1000=1000
current_prediction=0
[CLASS_TIMING] sample_interval_ms=5 window_acquisition_ms=898 feature_extract_ms=8 inference_ms=1 total_cycle_ms=971
2116,-95,69,208
2118,-95,69,208
2121,97,-8,335
2123,97,-8,335
2125,-72,-169,144
2128,-72,-169,144
2131,-117,154,238
2133,-117,154,238
2136,-46,-169,421
2138,-46,-169,421
2141,-176,-25,175
2143,-176,-25,175
2146,27,64,257
2148,27,64,257
2151,94,-128,241
2153,94,-128,241
2156,-34,143,245
2158,-34,143,245
2161,20,-127,406
2163,20,-127,406
2166,-112,-105,160
2168,-112,-105,160
2171,-74,117,207
2173,-74,117,207
2176,19,-168,333
2178,19,-168,333
2181,-123,74,212
2183,-123,74,212
2186,116,-23,356
2188,116,-23,356
2191,-36,-150,138
2193,-36,-150,138
2196,-47,157,238
2198,-47,157,238
2201,-47,157,238
2203,-46,-181,420
2206,-46,-181,420
2208,-160,-16,162
2211,-160,-16,162
2214,-10,50,257
2219,84,-136,232
2224,-31,151,251
2229,38,-128,409
2234,-107,-97,163
2239,-72,120,207
2244,-8,-179,327
2249,-160,69,206
2254,89,-29,356
2259,-24,-146,149
2264,3,174,231
2269,-31,-182,416
2274,-151,4,161
2279,-27,39,266
2284,37,-155,204
2289,-46,154,253
2294,83,-122,420
2299,-94,-86,171
2304,-45,115,217
2309,-5,-178,320
2314,-130,80,211
2319,101,-24,350
2324,-48,-159,139
2329,-97,150,227
2334,-35,-175,424
2339,-172,-25,175
2344,45,79,257
2349,87,-137,249
2354,-92,118,231
2359,-37,-117,388
2364,-117,-130,141
2369,-41,158,228
2374,122,-136,399
2379,-60,44,201
2384,-7,4,298
2389,-7,4,298
2394,-82,-193,147
2399,-146,133,242
2404,102,-126,443
2409,-95,-60,165
2414,36,99,226
2419,-57,-193,292
2424,-179,73,216
2429,56,-66,371
2434,-32,-136,162
2439,14,180,236
2444,5,-181,412
2449,-131,11,166
2454,-26,31,269
2459,33,-167,192
2464,-81,161,238
2469,110,-117,436
2474,-100,-84,163
2479,-2,110,228
2484,-53,-190,301
2489,-173,72,217
2494,74,-49,366
2499,-37,-141,155
2504,25,172,236
2509,-24,-183,413
2514,-145,1,163
2519,-32,35,273
2524,41,-153,199
2529,-73,149,248
2534,99,-115,426
2539,-90,-75,165
2544,0,105,220
2549,-77,-188,292
2554,-196,70,222
2559,52,-63,370
2564,-34,-130,155
2569,18,176,240
2574,31,-174,408
2579,-123,17,178
2584,-43,26,262
2589,21,-166,185
2594,-90,143,247
2599,115,-123,439
2604,-96,-74,159
2609,23,108,224
2614,-67,-187,299
2619,-190,74,208
2624,15,-78,370
2629,-67,-132,151
2634,35,176,250
2639,71,-164,399
2644,-102,22,184
2649,-24,24,281
2654,-24,24,281
2659,-35,-178,165
2664,-127,153,233
2669,118,-119,444
2674,-73,-57,158
2679,57,107,222
2684,-49,-188,288
2689,-173,81,205
2694,-21,-85,374
2699,-70,-138,150
2704,13,173,239
2709,95,-143,398
2714,-109,29,196
2719,-23,17,273
2724,-17,-174,171
2729,-124,139,242
2734,121,-117,446
2739,-92,-77,163
2744,-4,115,225
2749,-40,-181,307
2754,-165,72,218
2759,86,-34,357
2764,-37,-153,142
2769,-56,151,241
2774,-40,-176,428
2779,-169,-30,174
2784,64,90,248
2789,32,-136,252
2794,-133,100,218
2799,-21,-100,377
2804,-86,-148,154
2809,17,183,243
2814,37,-164,407
2819,-150,0,167
2824,-34,37,268
2829,76,-134,215
2834,-35,147,248
2839,11,-127,408
2844,-107,-112,148
2849,-88,140,226
2854,115,-146,372
2859,-68,65,207
2864,54,-1,304
2869,-97,-187,145
2874,-171,131,233
2879,90,-142,442
2884,-94,-50,169
2889,82,102,219
2894,-60,-186,288
2899,-188,76,211
2904,32,-67,363
2909,-33,-140,152
2914,14,173,240
2919,14,173,240
2924,-45,-181,417
2929,-172,-17,148
2934,-39,55,260
2939,75,-136,218
2944,-34,149,253
2949,31,-117,405
2954,-127,-111,155
2959,-98,125,217
2964,74,-156,357
2969,-81,71,207
2974,112,-10,324
2979,-90,-186,150
2984,-155,133,226
2989,63,-144,437
2994,-129,-44,165
2999,85,101,228
3004,-23,-181,282
3009,-181,85,200
3014,20,-77,374
[FEATURES] f0=-33160 f1=81121 f2=87637 f3=-196000 f4=122000 f5=318000 f6=65937 f7=-25230 f8=121539 f9=124130 f10=-193000 f11=183000 f12=376000 f13=108929 f14=259489 f15=88814 f16=274268 f17=138000 f18=446000 f19=308000 f20=73327
[SCALED_FEATURES] f0=-916 f1=351 f2=334 f3=-646 f4=304 f5=477 f6=298 f7=-2423 f8=-345 f9=-335 f10=365 f11=-309 f12=-338 f13=-344 f14=262 f15=639 f16=249 f17=-391 f18=1003 f19=732 f20=541
[FEATURES_X] mean=-33160 std=81121 rms=87637 min=-196000 max=122000 p2p=318000 mad=65937
[FEATURES_Y] mean=-25230 std=121539 rms=124130 min=-193000 max=183000 p2p=376000 mad=108929
[FEATURES_Z] mean=259489 std=88814 rms=274268 min=138000 max=446000 p2p=308000 mad=73327
[CLASS] CLASS=normal ID=0 scores_x1000=[6867,-1270,-2397,-3199]
[CLASS_STATS] condition=normal total_windows=3
predicted_count=[3,0,0,0]
correct_windows=3
accuracy_x1000=1000
current_prediction=0
[CLASS_TIMING] sample_interval_ms=5 window_acquisition_ms=898 feature_extract_ms=8 inference_ms=1 total_cycle_ms=971
3116,-86,122,227
3119,-30,-127,395
3121,-30,-127,395
3124,-120,-127,136
3126,-120,-127,136
3129,-82,152,223
3132,-82,152,223
3134,104,-146,366
3137,104,-146,366
3139,-81,63,211
3142,-81,63,211
3144,98,3,311
3146,98,3,311
3148,98,3,311
3151,-99,-191,149
3153,-99,-191,149
3156,-134,143,225
3158,-134,143,225
3161,-10,-161,434
3164,-10,-161,434
3166,-140,-37,173
3169,-140,-37,173
3171,73,92,252
3174,73,92,252
3176,62,-137,246
3178,62,-137,246
3181,-87,121,234
3183,-87,121,234
3186,-41,-115,389
3188,-41,-115,389
3191,-116,-137,139
3194,-116,-137,139
3196,-37,173,224
3199,-37,173,224
3201,119,-138,405
3204,119,-138,405
3206,-83,39,202
3209,-83,39,202
3211,9,18,293
3214,9,18,293
3219,-57,-184,154
3224,-135,149,242
3229,116,-119,442
3234,-85,-69,164
3239,23,113,230
3244,-57,-196,295
3249,-170,85,219
3254,54,-65,371
3259,-45,-142,156
3264,20,174,243
3269,1,-177,412
3274,-155,0,163
3279,-22,38,264
3284,65,-152,203
3289,-43,153,254
3294,62,-128,414
3299,-105,-96,161
3304,-82,116,214
3309,40,-166,328
3314,-123,67,207
3319,106,-20,341
3324,-98,-177,141
3329,-120,144,232
3334,-28,-167,433
3339,-146,-28,184
3344,72,88,259
3349,55,-141,251
3354,-74,128,226
3359,-53,-119,387
3364,-128,-139,140
3369,-38,169,226
3374,126,-132,391
3379,-69,54,199
3384,11,0,306
3389,-91,-195,147
3394,-127,152,242
3399,114,-123,446
3404,-93,-58,160
3409,38,96,217
3414,-79,-194,295
3419,-175,86,211
3424,57,-56,360
3429,-42,-138,155
3434,4,167,234
3439,-35,-189,416
3444,-178,-14,157
3449,-178,-14,157
3454,-16,48,265
3459,84,-148,207
3464,-49,150,251
3469,73,-124,413
3474,-95,-95,169
3479,-59,119,215
3484,-25,-186,315
3489,-164,71,215
3494,100,-37,360
3499,-26,-140,156
3504,-38,158,228
3509,-53,-179,413
3514,-169,-13,159
3519,-27,43,260
3524,79,-132,221
3529,-40,149,248
3534,101,-116,426
3539,-115,-89,169
3544,-33,119,225
3549,-59,-188,307
3554,-176,79,218
3559,70,-58,370
3564,-38,-137,158
3569,27,171,243
3574,-1,-176,413
3579,-155,0,162
3584,-34,36,264
3589,72,-137,224
3594,-43,147,243
3599,43,-123,413
3604,-100,-102,154
3609,-97,126,214
3614,73,-159,348
3619,-93,76,201
3624,103,-7,320
3629,-96,-181,144
3634,-174,128,242
3639,83,-142,435
3644,-85,-52,169
3649,78,104,228
3654,-82,-188,284
3659,-212,76,207
3664,47,-68,361
3669,-28,-135,158
3674,11,169,233
3679,-52,-183,411
3684,-177,-20,156
3689,9,70,257
3694,72,-128,255
3699,-62,129,224
3704,-49,-118,393
3709,-105,-138,142
3714,-48,173,229
3719,-48,173,229
3724,131,-141,402
3729,-87,39,197
3734,-19,11,290
3739,-45,-178,165
3744,-111,155,239
3749,134,-109,440
3754,-101,-81,163
3759,-27,123,222
3764,-28,-188,311
3769,-138,69,212
3774,106,-27,362
3779,-33,-156,148
3784,-60,165,229
3789,-62,-185,414
3794,-171,-20,165
3799,17,67,269
3804,93,-130,247
3809,-47,139,244
3814,-2,-119,405
3819,-122,-124,137
3824,-79,146,218
3829,127,-136,375
3834,-71,52,204
3839,41,-6,309
3844,-99,-202,149
3849,-167,132,236
3854,54,-151,435
3859,-106,-38,174
3864,94,92,238
3869,-14,-162,256
3874,-135,100,224
3879,-50,-106,375
3884,-94,-137,153
3889,-31,176,232
3894,133,-143,399
3899,-88,47,199
3904,19,-4,309
3909,-87,-197,151
3914,-155,140,241
3919,75,-144,444
3924,-95,-37,175
3929,104,106,236
3934,-13,-161,259
3939,-146,105,213
3944,-54,-110,373
3949,-106,-132,144
3954,-41,159,226
3959,132,-139,386
3964,-44,61,205
3969,53,-8,312
3974,-110,-188,150
3979,-166,132,229
3984,-166,132,229
3989,17,-158,430
3994,-127,-23,181
3999,77,76,259
4004,73,-129,249
4009,-80,132,227
4014,-31,-127,401
[FEATURES] f0=-33855 f1=85442 f2=91905 f3=-212000 f4=134000 f5=346000 f6=70583 f7=-25215 f8=122694 f9=125258 f10=-202000 f11=176000 f12=378000 f13=110788 f14=259954 f15=89488 f16=274926 f17=136000 f18=446000 f19=310000 f20=74131
[SCALED_FEATURES] f0=-1008 f1=435 f2=425 f3=-834 f4=436 f5=639 f6=404 f7=-2421 f8=-338 f9=-329 f10=327 f11=-338 f12=-333 f13=-332 f14=315 f15=650 f16=273 f17=-416 f18=1003 f19=743 f20=556
[FEATURES_X] mean=-33855 std=85442 rms=91905 min=-212000 max=134000 p2p=346000 mad=70583
[FEATURES_Y] mean=-25215 std=122694 rms=125258 min=-202000 max=176000 p2p=378000 mad=110788
[FEATURES_Z] mean=259954 std=89488 rms=274926 min=136000 max=446000 p2p=310000 mad=74131
[CLASS] CLASS=normal ID=0 scores_x1000=[6619,-1308,-2691,-2619]
[CLASS_STATS] condition=normal total_windows=4
predicted_count=[4,0,0,0]
correct_windows=4
accuracy_x1000=1000
current_prediction=0
[CLASS_TIMING] sample_interval_ms=5 window_acquisition_ms=898 feature_extract_ms=8 inference_ms=0 total_cycle_ms=971
4116,-62,161,240
4119,-57,-182,424
4121,-57,-182,424
4124,-178,-16,171
4127,-178,-16,171
4129,22,64,263
4131,22,64,263
4134,88,-134,238
4136,88,-134,238
4139,-46,144,242
4141,-46,144,242
4144,21,-128,404
4146,21,-128,404
4149,-133,-111,159
4151,-133,-111,159
4154,-94,119,215
4156,-94,119,215
4159,41,-171,327
4161,41,-171,327
4164,-98,74,211
4166,-98,74,211
4169,130,-15,353
4171,130,-15,353
4174,-71,-162,136
4176,-71,-162,136
4179,-88,153,231
4181,-88,153,231
4184,-58,-185,415
4186,-58,-185,415
4189,-178,-13,156
4192,-178,-13,156
4194,-2,49,269
4196,-2,49,269
4199,74,-153,210
4201,74,-153,210
4204,-57,155,248
4206,-57,155,248
4209,104,-122,433
4211,104,-122,433
4214,-91,-67,160
4219,33,105,228
4224,-72,-188,283
4229,-183,79,202
4234,-5,-86,372
4239,-69,-135,154
4244,-17,170,230
4249,-17,170,230
4254,137,-137,394
4259,-59,61,202
4264,52,-10,312
4269,-86,-188,156
4274,-155,139,231
4279,-14,-167,425
4284,-151,-27,168
4289,54,77,259
4294,84,-123,250
4299,-84,131,231
4304,-13,-124,408
4309,-135,-123,137
4314,-80,138,223
4319,103,-154,355
4324,-86,70,209
4329,85,-11,329
4334,-98,-179,138
4339,-121,144,229
4344,-25,-172,426
4349,-153,-26,176
4354,70,81,257
4359,76,-121,245
4364,-88,122,237
4369,-45,-124,392
4374,-128,-125,132
4379,-50,153,225
4384,118,-151,369
4389,-65,70,207
4394,92,-7,319
4399,-100,-190,148
4404,-158,136,223
4409,-9,-170,432
4414,-142,-29,176
4419,67,85,254
4424,65,-128,258
4429,-113,114,221
4434,-46,-115,396
4439,-107,-135,143
4444,-58,152,222
4449,124,-149,371
4454,-74,65,208
4459,57,-1,310
4464,-103,-186,145
4469,-164,133,235
4474,32,-158,431
4479,-130,-29,171
4484,74,87,258
4489,1,-159,250
4494,-133,116,219
4499,-44,-117,383
4504,-100,-140,147
4509,-31,162,228
4514,-31,162,228
4519,142,-137,400
4524,-71,54,194
4529,23,0,301
4534,-107,-195,144
4539,-147,138,234
4544,91,-139,442
4549,-114,-39,170
4554,100,100,245
4559,-25,-172,254
4564,-150,101,213
4569,-35,-104,373
4574,-49,-129,160
4579,5,178,236
4584,92,-142,398
4589,-117,35,195
4594,-31,10,285
4599,-4,-174,170
4604,-92,157,245
4609,118,-118,441
4614,-76,-78,159
4619,-18,111,222
4624,-61,-195,302
4629,-166,75,216
4634,97,-40,364
4639,-26,-141,157
4644,-43,161,235
4649,-57,-181,413
4654,-175,-23,150
4659,0,54,261
4664,98,-141,219
4669,-24,152,252
4674,71,-116,417
4679,-122,-94,159
4684,-59,114,221
4689,-25,-190,310
4694,-131,81,213
4699,109,-40,358
4704,-30,-147,148
4709,-47,159,231
4714,-66,-183,414
4719,-178,-20,153
4724,1,53,260
4729,77,-140,229
4734,-36,154,247
4739,48,-127,405
4744,-101,-106,166
4749,-75,119,211
4754,21,-184,321
4759,-117,80,206
4764,117,-28,357
4769,-65,-157,141
4774,-71,147,232
4779,-50,-183,420
4784,-50,-183,420
4789,-167,-18,163
4794,20,60,254
4799,94,-128,244
4804,-42,137,245
4809,-1,-128,400
4814,-117,-114,155
4819,-76,131,221
4824,91,-160,351
4829,-95,79,207
4834,86,-12,326
4839,-108,-187,143
4844,-146,138,227
4849,19,-160,428
4854,-128,-24,176
4859,78,92,257
4864,34,-144,246
4869,-134,111,218
4874,-52,-117,385
4879,-91,-137,153
4884,-26,171,231
4889,106,-139,403
4894,-99,43,182
4899,-16,9,295
4904,-45,-185,161
4909,-102,150,242
4914,134,-117,449
4919,-129,-78,160
4924,-27,104,218
4929,-48,-197,293
4934,-154,76,213
4939,104,-34,363
4944,-47,-151,155
4949,-50,157,227
4954,-62,-189,413
4959,-176,-24,170
4964,20,69,254
4969,102,-126,250
4974,-103,123,222
4979,-58,-126,390
4984,-120,-141,138
4989,-14,171,229
4994,113,-141,412
4999,-128,31,181
5004,-20,17,278
5009,32,-169,185
5014,-45,159,238
[FEATURES] f0=-33625 f1=84851 f2=91271 f3=-183000 f4=142000 f5=325000 f6=70330 f7=-26335 f8=123966 f9=126732 f10=-197000 f11=178000 f12=375000 f13=112031 f14=260234 f15=89605 f16=275229 f17=132000 f18=449000 f19=317000 f20=73750
[SCALED_FEATURES] f0=-977 f1=424 f2=411 f3=-494 f4=525 f5=518 f6=398 f7=-2573 f8=-330 f9=-320 f10=348 f11=-330 f12=-340 f13=-324 f14=347 f15=652 f16=284 f17=-465 f18=1036 f19=784 f20=549
[FEATURES_X] mean=-33625 std=84851 rms=91271 min=-183000 max=142000 p2p=325000 mad=70330
[FEATURES_Y] mean=-26335 std=123966 rms=126732 min=-197000 max=178000 p2p=375000 mad=112031
[FEATURES_Z] mean=260234 std=89605 rms=275229 min=132000 max=449000 p2p=317000 mad=73750
[CLASS] CLASS=normal ID=0 scores_x1000=[6977,-1279,-2487,-3210]
[CLASS_STATS] condition=normal total_windows=5
predicted_count=[5,0,0,0]
correct_windows=5
accuracy_x1000=1000
current_prediction=0
[CLASS_TIMING] sample_interval_ms=5 window_acquisition_ms=898 feature_extract_ms=8 inference_ms=1 total_cycle_ms=971
5116,42,-128,255
5119,42,-128,255
5121,-106,114,232
5124,-106,114,232
5126,-52,-120,385
5129,-52,-120,385
5131,-103,-134,145
5134,-103,-134,145
5137,-14,171,230
5139,-14,171,230
5142,110,-139,405
5144,110,-139,405
5147,-118,25,184
5149,-118,25,184
5152,-37,11,275
5154,-37,11,275
5157,4,-172,183
5159,4,-172,183
5161,4,-172,183
5164,-81,161,233
5166,-81,161,233
5169,120,-116,445
5171,120,-116,445
5174,-124,-92,164
5177,-124,-92,164
5179,-58,111,208
5182,-58,111,208
5184,15,-177,319
5187,15,-177,319
5189,-124,83,204
5191,-124,83,204
5194,113,-28,353
5196,113,-28,353
5199,-58,-143,141
5202,-58,-143,141
5204,-76,147,244
5207,-76,147,244
5209,-34,-174,420
5212,-34,-174,420
5214,-163,-19,173
5219,29,66,254
5224,90,-123,251
5229,-46,138,241
5234,-15,-136,402
5239,-113,-123,142
5244,-80,138,227
5249,117,-146,372
5254,-68,63,199
5259,34,-2,306
5264,-86,-188,155
5269,-142,137,247
5274,103,-139,432
5279,-93,-51,167
5284,50,101,224
5289,-78,-191,287
5294,-176,79,204
5299,62,-51,363
5304,-33,-140,156
5309,-32,166,232
5314,-32,166,232
5319,-50,-182,424
5324,-183,-23,154
5329,10,67,269
5334,71,-132,234
5339,-27,141,253
5344,26,-122,402
5349,-111,-101,154
5354,-73,127,213
5359,53,-168,337
5364,-101,77,207
5369,131,-15,358
5374,-52,-159,147
5379,-84,145,237
5384,-54,-177,417
5389,-179,-31,167
5394,25,66,256
5399,89,-131,243
5404,-33,136,244
5409,-11,-131,409
5414,-126,-109,147
5419,-89,130,222
5424,86,-162,358
5429,-78,72,200
5434,111,-7,331
5439,-82,-179,140
5444,-135,139,226
5449,-28,-168,430
5454,-156,-26,174
5459,72,75,255
5464,89,-128,253
5469,-78,129,231
5474,-21,-131,404
5479,-129,-123,142
5484,-51,152,230
5489,107,-155,360
5494,-75,71,205
5499,101,-4,322
5504,-87,-182,153
5509,-146,137,229
5514,-15,-166,425
5519,-126,-26,185
5524,53,77,253
5529,81,-132,257
5534,-47,132,239
5539,-3,-115,403
5544,-113,-100,153
5549,-71,121,213
5554,-53,-188,303
5559,-184,70,213
5564,46,-70,369
5569,-51,-133,159
5574,11,176,241
5579,132,-144,393
5584,132,-144,393
5589,-76,53,200
5594,57,-12,309
5599,-97,-185,154
5604,-126,148,239
5609,-62,-179,411
5614,-171,-24,163
5619,-13,53,266
5624,78,-152,207
5629,-51,155,247
5634,106,-114,429
5639,-113,-80,161
5644,-11,102,228
5649,-60,-192,308
5654,-181,72,217
5659,53,-62,372
5664,-45,-142,156
5669,30,175,249
5674,50,-164,400
5679,-119,27,183
5684,-31,21,281
5689,-60,-192,161
5694,-122,149,246
5699,119,-127,441
5704,-106,-57,160
5709,58,107,227
5714,-56,-190,276
5719,-178,91,196
5724,-25,-93,378
5729,-70,-140,158
5734,-3,180,229
5739,114,-144,394
5744,-103,43,192
5749,20,10,306
5754,-107,-190,146
5759,-171,124,242
5764,64,-148,438
5769,-143,-38,162
5774,87,83,251
5779,57,-132,247
5784,-95,130,229
5789,-23,-128,399
5794,-115,-115,142
5799,-84,133,215
5804,59,-169,341
5809,-111,70,206
5814,115,-21,351
5819,-46,-157,145
5824,-63,157,241
5829,-62,-183,416
5834,-183,-18,154
5839,-11,54,269
5844,78,-150,203
5849,78,-150,203
5854,-45,156,249
5859,113,-118,434
5864,-103,-68,154
5869,14,101,224
5874,-83,-198,277
5879,-168,99,200
5884,-31,-100,381
5889,-98,-136,160
5894,-33,160,223
5899,137,-147,385
5904,-72,66,203
5909,97,-3,319
5914,-88,-181,154
5919,-107,152,230
5924,-69,-176,415
5929,-171,-17,163
5934,3,53,268
5939,62,-150,206
5944,-53,150,244
5949,125,-122,440
5954,-79,-59,168
5959,67,97,223
5964,-25,-179,262
5969,-136,116,220
5974,-45,-120,403
5979,-127,-109,148
5984,-79,123,208
5989,-50,-186,314
5994,-182,78,214
5999,5,-95,380
6004,-75,-131,150
6009,-40,159,221
6014,110,-161,371
[FEATURES] f0=-32009 f1=84959 f2=90789 f3=-184000 f4=137000 f5=321000 f6=70468 f7=-30040 f8=123143 f9=126754 f10=-198000 f11=180000 f12=378000 f13=111978 f14=259950 f15=89544 f16=274940 f17=140000 f18=445000 f19=305000 f20=74505
[SCALED_FEATURES] f0=-763 f1=426 f2=401 f3=-505 f4=469 f5=495 f6=402 f7=-3075 f8=-335 f9=-320 f10=344 f11=-321 f12=-333 f13=-324 f14=315 f15=651 f16=273 f17=-367 f18=993 f19=714 f20=563
[FEATURES_X] mean=-32009 std=84959 rms=90789 min=-184000 max=137000 p2p=321000 mad=70468
[FEATURES_Y] mean=-30040 std=123143 rms=126754 min=-198000 max=180000 p2p=378000 mad=111978
[FEATURES_Z] mean=259950 std=89544 rms=274940 min=140000 max=445000 p2p=305000 mad=74505
[CLASS] CLASS=normal ID=0 scores_x1000=[6621,-1189,-2136,-3295]
[CLASS_STATS] condition=normal total_windows=6
predicted_count=[6,0,0,0]
correct_windows=6
accuracy_x1000=1000
current_prediction=0
[CLASS_TIMING] sample_interval_ms=5 window_acquisition_ms=898 feature_extract_ms=8 inference_ms=1 total_cycle_ms=971
6116,-27,-118,406
6119,-27,-118,406
6121,-124,-118,142
6124,-124,-118,142
6127,-69,129,222
6129,-69,129,222
6132,30,-176,323
6134,30,-176,323
6137,-140,81,217
6139,-140,81,217
6142,85,-48,366
6144,85,-48,366
6146,-27,-137,161
6149,-27,-137,161
6152,28,172,248
6154,28,172,248
6156,60,-158,396
6159,60,-158,396
6161,-123,36,194
6164,-123,36,194
6166,-10,19,294
6169,-10,19,294
6171,-82,-192,146
6174,-82,-192,146
6176,-120,151,239
6179,-120,151,239
6181,93,-140,435
6184,93,-140,435
6186,-111,-42,166
6189,-111,-42,166
6191,85,96,243
6194,85,96,243
6196,-20,-164,245
6199,-20,-164,245
6201,-136,109,217
6204,-136,109,217
6206,-44,-112,383
6209,-44,-112,383
6211,-100,-133,147
6214,-100,-133,147
6219,-56,159,226
6224,110,-153,372
6229,-71,67,209
6234,107,-3,323
6239,-70,-170,151
6244,-122,143,232
6249,-52,-172,417
6254,-173,-33,174
6259,25,67,257
6264,99,-131,244
6269,-52,139,239
6274,25,-130,408
6279,-130,-111,162
6284,-73,120,212
6289,-30,-184,313
6294,-141,71,222
6299,91,-52,358
6304,-31,-142,162
6309,13,170,237
6314,40,-168,412
6319,-132,25,176
6324,-27,20,279
6329,-78,-198,157
6334,-143,142,246
6339,107,-136,432
6344,-107,-40,165
6349,100,103,244
6354,-3,-162,254
6359,-121,110,218
6364,-49,-110,378
6369,-114,-142,148
6374,-26,166,225
6379,137,-135,393
6384,137,-135,393
6389,-80,55,193
6394,10,-1,311
6399,-74,-195,153
6404,-130,142,241
6409,96,-137,433
6414,-90,-42,174
6419,64,103,223
6424,-72,-187,279
6429,-175,76,210
6434,36,-67,371
6439,-28,-133,155
6444,6,172,240
6449,-25,-180,413
6454,-169,-13,147
6459,1,58,271
6464,62,-137,240
6469,-39,143,252
6474,11,-131,411
6479,-116,-116,142
6484,-75,148,228
6489,115,-149,378
6494,-80,56,201
6499,36,1,310
6504,-80,-181,153
6509,-165,134,245
6514,94,-140,436
6519,-102,-55,163
6524,79,107,224
6529,-67,-188,277
6534,-178,81,200
6539,-3,-85,378
6544,-57,-136,160
6549,37,178,248
6554,56,-163,400
6559,-142,13,176
6564,-47,28,269
6569,8,-173,179
6574,-79,153,240
6579,107,-116,430
6584,-100,-88,162
6589,-35,112,225
6594,-34,-187,311
6599,-140,76,217
6604,114,-31,363
6609,-29,-141,147
6614,-52,159,229
6619,-52,-186,421
6624,-176,-27,158
6629,18,68,256
6634,68,-132,239
6639,-57,141,232
6644,-5,-124,400
6649,-5,-124,400
6654,-117,-114,141
6659,-79,139,223
6664,81,-167,358
6669,-81,75,206
6674,118,-6,333
6679,-77,-168,148
6684,-132,145,225
6689,-37,-173,420
6694,-163,-19,175
6699,62,83,250
6704,82,-131,254
6709,-89,132,230
6714,-30,-126,398
6719,-125,-129,136
6724,-49,157,229
6729,133,-147,365
6734,-72,66,200
6739,80,2,308
6744,-98,-188,149
6749,-158,138,221
6754,9,-164,431
6759,-135,-36,166
6764,68,88,256
6769,65,-134,247
6774,-92,120,233
6779,-35,-121,392
6784,-111,-128,135
6789,-75,138,224
6794,126,-149,367
6799,-70,65,205
6804,88,-3,319
6809,-96,-183,147
6814,-148,135,229
6819,16,-163,433
6824,-115,-32,174
6829,78,98,254
6834,33,-154,257
6839,-130,112,221
6844,-33,-112,381
6849,-111,-135,142
6854,-20,168,229
6859,109,-136,398
6864,-70,49,191
6869,-3,2,298
6874,-70,-196,150
6879,-121,148,240
6884,115,-130,441
6889,-99,-55,167
6894,44,104,222
6899,-70,-190,282
6904,-189,79,209
6909,39,-72,371
6914,39,-72,371
6919,-40,-138,158
6924,27,177,245
6929,15,-163,402
6934,-143,17,178
6939,-33,26,275
6944,18,-180,181
6949,-103,154,247
6954,112,-122,443
6959,-100,-73,162
6964,-24,110,228
6969,-61,-190,300
6974,-177,78,213
6979,83,-55,369
6984,-34,-144,152
6989,-11,170,231
6994,-31,-179,427
6999,-167,-14,152
7004,-1,49,266
7009,86,-138,226
7014,-45,153,245
[FEATURES] f0=-31990 f1=83596 f2=89508 f3=-189000 f4=137000 f5=326000 f6=70040 f7=-30040 f8=122613 f9=126239 f10=-198000 f11=178000 f12=376000 f13=111166 f14=260915 f15=90425 f16=276140 f17=135000 f18=443000 f19=308000 f20=75690
[SCALED_FEATURES] f0=-761 f1=399 f2=374 f3=-564 f4=469 f5=524 f6=392 f7=-3075 f8=-338 f9=-323 f10=344 f11=-330 f12=-338 f13=-330 f14=424 f15=666 f16=317 f17=-428 f18=971 f19=732 f20=585
[FEATURES_X] mean=-31990 std=83596 rms=89508 min=-189000 max=137000 p2p=326000 mad=70040
[FEATURES_Y] mean=-30040 std=122613 rms=126239 min=-198000 max=178000 p2p=376000 mad=111166
[FEATURES_Z] mean=260915 std=90425 rms=276140 min=135000 max=443000 p2p=308000 mad=75690
[CLASS] CLASS=normal ID=0 scores_x1000=[6714,-1226,-2067,-3420]
[CLASS_STATS] condition=normal total_windows=7
predicted_count=[7,0,0,0]
correct_windows=7
accuracy_x1000=1000
current_prediction=0
[CLASS_TIMING] sample_interval_ms=5 window_acquisition_ms=898 feature_extract_ms=8 inference_ms=1 total_cycle_ms=971
7116,-41,-129,165
7119,12,180,233
7121,12,180,233
7124,112,-144,400
7126,112,-144,400
7129,-72,50,202
7131,-72,50,202
7133,-72,50,202
7136,20,-4,301
7138,20,-4,301
7140,-126,-199,146
7143,-126,-199,146
7146,-145,138,232
7148,-145,138,232
7151,35,-157,435
7153,35,-157,435
7156,-115,-24,178
7158,-115,-24,178
7161,73,86,259
7163,73,86,259
7166,86,-133,239
7168,86,-133,239
7171,-51,149,239
7173,-51,149,239
7176,22,-131,400
7178,22,-131,400
7181,-138,-103,164
7183,-138,-103,164
7186,-38,116,224
7188,-38,116,224
7191,-76,-192,288
7193,-76,-192,288
7196,-191,78,209
7198,-191,78,209
7201,1,-96,378
7203,1,-96,378
7206,-82,-131,154
7208,-82,-131,154
7211,-38,164,226
7214,-38,164,226
7219,123,-145,355
7224,-76,76,213
7229,125,-12,345
7234,-41,-157,145
7239,-42,166,231
7244,-22,-183,411
7249,-143,17,181
7254,-23,14,289
7259,-88,-196,147
7264,-167,136,249
7269,11,-168,427
7274,-140,-22,182
7279,41,66,260
7284,88,-135,224
7289,-46,152,253
7294,98,-116,426
7299,-81,-68,156
7304,37,98,223
7309,-56,-186,280
7314,-174,100,207
7319,-55,-113,381
7324,-128,-135,147
7329,-68,144,225
7334,56,-174,331
7339,-132,84,215
7344,90,-50,366
7349,-24,-138,168
7354,27,183,241
7359,93,-149,392
7364,-97,52,209
7369,58,-3,311
7374,-103,-189,152
7379,-127,141,235
7384,-70,-184,415
7389,-157,-11,167
7394,-26,40,263
7399,50,-168,195
7404,-90,162,237
7409,119,-132,439
7414,-91,-41,177
7419,100,100,247
7424,60,-147,245
7429,-78,136,233
7434,24,-128,410
7439,-122,-90,168
7444,-24,105,221
7449,-24,105,221
7454,-93,-196,278
7459,-172,90,198
7464,-43,-101,373
7469,-94,-132,153
7474,-54,159,225
7479,125,-151,360
7484,-75,82,214
7489,115,-24,353
7494,-45,-156,147
7499,-25,173,227
7504,-21,-189,406
7509,-140,17,173
7514,-41,26,270
7519,-42,-192,172
7524,-132,149,240
7529,98,-141,436
7534,-108,-39,168
7539,75,94,252
7544,89,-140,246
7549,-67,136,237
7554,30,-127,407
7559,-128,-95,165
7564,-30,110,225
7569,-78,-192,292
7574,-187,79,216
7579,14,-90,377
7584,-60,-134,162
7589,-12,171,229
7594,140,-146,388
7599,-67,64,208
7604,85,-14,322
7609,-68,-178,144
7614,-76,163,229
7619,-50,-189,411
7624,-153,6,169
7629,-27,23,265
7634,-36,-183,162
7639,-145,140,248
7644,95,-141,434
7649,-106,-32,174
7654,94,83,255
7659,69,-136,253
7664,-65,143,237
7669,9,-134,407
7674,-118,-94,160
7679,-65,117,216
7684,-17,-183,318
7689,-158,81,215
7694,86,-46,359
7699,-27,-144,161
7704,13,172,236
7709,-1,-180,407
7714,-1,-180,407
7719,-143,19,178
7724,-46,23,273
7729,1,-185,184
7734,-97,160,240
7739,109,-127,432
7744,-94,-45,172
7749,82,95,236
7754,-26,-166,258
7759,-151,101,215
7764,-58,-115,384
7769,-110,-127,150
7774,-62,153,229
7779,130,-145,352
7784,-65,67,207
7789,113,-15,338
7794,-51,-161,142
7799,-75,156,230
7804,-60,-188,408
7809,-167,-7,163
7814,-30,36,269
7819,61,-164,195
7824,-79,153,239
7829,124,-123,435
7834,-106,-63,166
7839,49,101,225
7844,-58,-182,278
7849,-176,91,202
7854,-29,-103,380
7859,-86,-132,161
7864,-35,169,232
7869,117,-147,374
7874,-68,75,211
7879,103,-15,335
7884,-55,-168,139
7889,-92,148,233
7894,-74,-185,404
7899,-163,2,153
7904,-31,41,269
7909,36,-167,194
7914,-72,161,245
7919,123,-126,438
7924,-80,-58,170
7929,40,96,217
7934,-64,-181,268
7939,-169,95,204
7944,-27,-97,370
7949,-101,-132,154
7954,-37,156,225
7959,130,-150,365
7964,-79,70,206
7969,114,-13,332
7974,-76,-174,144
7979,-76,-174,144
7984,-103,150,234
7989,-54,-180,420
7994,-164,-13,159
7999,-9,44,268
8004,65,-150,201
8009,-64,151,249
8014,123,-117,442
[FEATURES] f0=-32410 f1=84334 f2=90347 f3=-191000 f4=140000 f5=331000 f6=69102 f7=-27655 f8=125391 f9=128404 f10=-199000 f11=183000 f12=382000 f13=113728 f14=258609 f15=87823 f16=273115 f17=139000 f18=442000 f19=303000 f20=72484
[SCALED_FEATURES] f0=-816 f1=414 f2=392 f3=-588 f4=502 f5=552 f6=370 f7=-2752 f8=-322 f9=-310 f10=339 f11=-309 f12=-325 f13=-313 f14=162 f15=622 f16=207 f17=-379 f18=960 f19=703 f20=525
[FEATURES_X] mean=-32410 std=84334 rms=90347 min=-191000 max=140000 p2p=331000 mad=69102
[FEATURES_Y] mean=-27655 std=125391 rms=128404 min=-199000 max=183000 p2p=382000 mad=113728
[FEATURES_Z] mean=258609 std=87823 rms=273115 min=139000 max=442000 p2p=303000 mad=72484
[CLASS] CLASS=normal ID=0 scores_x1000=[6304,-1171,-2223,-2909]
[CLASS_STATS] condition=normal total_windows=8
predicted_count=[8,0,0,0]
correct_windows=8
accuracy_x1000=1000
current_prediction=0
[CLASS_TIMING] sample_interval_ms=5 window_acquisition_ms=898 feature_extract_ms=8 inference_ms=1 total_cycle_ms=971
8116,89,93,247
8119,54,-141,249
8121,54,-141,249
8124,-74,137,240
8126,-74,137,240
8128,33,-127,408
8131,33,-127,408
8133,-119,-88,165
8136,-119,-88,165
8139,-18,102,229
8141,-18,102,229
8144,-76,-188,276
8146,-76,-188,276
8149,-154,98,214
8151,-154,98,214
8154,-50,-115,383
8156,-50,-115,383
8159,-131,-117,149
8161,-131,-117,149
8164,-73,127,211
8167,-73,127,211
8169,-61,-192,308
8172,-61,-192,308
8174,-178,83,210
8177,-178,83,210
8179,4,-93,380
8182,4,-93,380
8184,-87,-128,150
8186,-87,-128,150
8189,-29,164,227
8191,-29,164,227
8194,115,-164,348
8196,115,-164,348
8199,-96,75,211
8201,-96,75,211
8204,98,-41,356
8206,98,-41,356
8209,98,-41,356
8211,-24,-137,169
8214,29,183,242
8219,125,-146,391
8224,-67,66,207
8229,95,-10,331
8234,-43,-155,148
8239,-23,165,226
8244,-23,165,226
8249,38,-171,388
8254,-92,49,201
8259,38,-5,310
8264,-105,-182,150
8269,-111,158,231
8274,-46,-191,402
8279,-156,23,183
8284,-16,9,297
8289,-114,-194,144
8294,-148,138,229
8299,-55,-180,410
8304,-163,-5,164
8309,-27,38,268
8314,-30,-190,168
8319,-106,154,240
8324,52,-156,432
8329,-121,-12,177
8334,31,61,267
8339,60,-158,196
8344,-96,156,243
8349,118,-145,434
8354,-99,-19,176
8359,64,74,262
8364,98,-148,214
8369,-68,155,251
8374,121,-133,432
8379,-102,-28,179
8384,75,78,259
8389,102,-139,236
8394,-54,157,249
8399,115,-115,435
8404,-104,-55,171
8409,90,94,241
8414,57,-144,253
8419,-91,138,232
8424,12,-133,401
8429,-133,-93,165
8434,-25,106,226
8439,-94,-196,275
8444,-166,98,210
8449,-47,-104,375
8454,-123,-126,143
8459,-66,141,224
8464,58,-175,325
8469,-109,88,216
8474,96,-52,365
8479,-31,-137,168
8484,20,178,243
8489,104,-149,395
8494,-85,53,195
8499,45,-10,310
8504,-133,-198,145
8509,-133,-198,145
8514,-135,145,233
8519,-57,-181,415
8524,-172,-9,161
8529,-33,36,267
8534,20,-171,188
8539,-104,147,246
8544,103,-137,430
8549,-79,-32,174
8554,81,90,260
8559,90,-140,253
8564,-52,144,242
8569,56,-128,420
8574,-135,-86,161
8579,14,102,226
8584,-58,-187,269
8589,-150,108,209
8594,-48,-128,390
8599,-123,-112,149
8604,-52,129,219
8609,-40,-193,303
8614,-166,83,215
8619,29,-87,379
8624,-63,-130,164
8629,-19,168,231
8634,139,-147,354
8639,-74,69,210
8644,119,-28,362
8649,3,-134,167
8654,14,178,246
8659,112,-147,396
8664,-79,56,206
8669,66,-8,309
8674,-97,-179,147
8679,-114,146,232
8684,-52,-184,413
8689,-163,-8,158
8694,-27,40,269
8699,15,-178,182
8704,-96,154,239
8709,109,-133,431
8714,-89,-35,178
8719,92,93,257
8724,62,-140,253
8729,-73,141,230
8734,17,-126,411
8739,-135,-100,166
8744,-46,115,219
8749,-80,-203,293
8754,-175,81,207
8759,29,-77,370
8764,-64,-133,154
8769,4,176,235
8774,4,176,235
8779,117,-148,398
8784,-95,51,194
8789,48,-3,314
8794,-124,-199,146
8799,-150,146,226
8804,0,-163,429
8809,-135,-23,175
8814,60,78,259
8819,84,-139,248
8824,-88,134,229
8829,5,-130,403
8834,-114,-106,153
8839,-79,128,216
8844,39,-175,329
8849,-100,81,209
8854,98,-29,359
8859,-50,-144,147
8864,-66,163,231
8869,-63,-186,418
8874,-150,-7,160
8879,2,49,278
8884,73,-148,206
8889,-43,158,248
8894,110,-119,435
8899,-113,-80,163
8904,-11,108,227
8909,-90,-192,275
8914,-179,78,206
8919,2,-94,387
8924,-63,-128,160
8929,0,172,233
8934,141,-134,386
8939,-72,59,200
8944,46,-5,305
8949,-92,-179,147
8954,-158,145,224
8959,-38,-180,416
8964,-177,-20,171
8969,23,53,261
8974,69,-144,212
8979,-58,152,243
8984,97,-120,432
8989,-117,-83,159
8994,-8,111,228
8999,-89,-203,270
9004,-180,78,200
9009,12,-83,380
9014,-70,-133,148
[FEATURES] f0=-32505 f1=85131 f2=91126 f3=-180000 f4=141000 f5=321000 f6=72419 f7=-27425 f8=125060 f9=128032 f10=-203000 f11=183000 f12=386000 f13=113449 f14=258984 f15=85991 f16=272887 f17=143000 f18=435000 f19=292000 f20=70891
[SCALED_FEATURES] f0=-829 f1=429 f2=408 f3=-458 f4=513 f5=495 f6=446 f7=-2721 f8=-324 f9=-312 f10=322 f11=-309 f12=-317 f13=-315 f14=205 f15=591 f16=198 f17=-330 f18=885 f19=638 f20=495
[FEATURES_X] mean=-32505 std=85131 rms=91126 min=-180000 max=141000 p2p=321000 mad=72419
[FEATURES_Y] mean=-27425 std=125060 rms=128032 min=-203000 max=183000 p2p=386000 mad=113449
[FEATURES_Z] mean=258984 std=85991 rms=272887 min=143000 max=435000 p2p=292000 mad=70891
[CLASS] CLASS=normal ID=0 scores_x1000=[6158,-1215,-2246,-2696]
[CLASS_STATS] condition=normal total_windows=9
predicted_count=[9,0,0,0]
correct_windows=9
accuracy_x1000=1000
current_prediction=0
[CLASS_TIMING] sample_interval_ms=5 window_acquisition_ms=898 feature_extract_ms=8 inference_ms=1 total_cycle_ms=971
9116,25,-162,438
9119,25,-162,438
9121,-128,-34,173
9124,-128,-34,173
9126,91,89,251
9129,91,89,251
9131,91,89,251
9133,22,-144,251
9136,22,-144,251
9138,-129,109,223
9141,-129,109,223
9143,-25,-108,370
9146,-25,-108,370
9149,-100,-130,150
9151,-100,-130,150
9154,-34,170,225
9156,-34,170,225
9159,125,-132,389
9161,125,-132,389
9164,-102,44,194
9166,-102,44,194
9169,29,3,311
9171,29,3,311
9173,-97,-194,150
9176,-97,-194,150
9178,-160,141,229
9181,-160,141,229
9184,60,-152,431
9186,60,-152,431
9189,-116,-25,173
9191,-116,-25,173
9194,73,85,253
9196,73,85,253
9198,87,-135,253
9201,87,-135,253
9203,-88,128,231
9206,-88,128,231
9208,-6,-126,402
9211,-6,-126,402
9214,-115,-112,152
9219,-84,124,205
9224,26,-181,324
9229,-118,83,215
9234,93,-39,356
9239,-36,-145,161
9244,21,173,242
9249,17,-181,397
9254,-135,24,186
9259,-12,10,293
9264,-86,-193,149
9269,-126,140,231
9274,31,-160,438
9279,-128,-18,179
9284,41,69,260
9289,99,-141,221
9294,-49,159,239
9299,104,-121,426
9304,104,-121,426
9309,-95,-72,165
9314,41,97,219
9319,-35,-173,274
9324,-138,104,219
9329,-56,-119,376
9334,-103,-124,153
9339,-59,146,232
9344,98,-162,340
9349,-118,78,211
9354,102,-29,352
9359,-26,-138,162
9364,-7,167,234
9369,33,-173,399
9374,-128,28,191
9379,-10,9,295
9384,-95,-194,143
9389,-129,144,232
9394,42,-157,441
9399,-129,-22,175
9404,55,78,256
9409,86,-134,237
9414,-45,148,240
9419,43,-130,409
9424,-118,-94,164
9429,-44,114,218
9434,-73,-188,290
9439,-163,78,217
9444,35,-85,375
9449,-58,-126,156
9454,15,172,236
9459,81,-151,393
9464,-94,48,198
9469,11,-5,306
9474,-103,-195,143
9479,-148,139,226
9484,50,-155,434
9489,-129,-24,167
9494,86,84,250
9499,32,-145,250
9504,-100,125,222
9509,-35,-120,386
9514,-102,-128,143
9519,-59,153,221
9524,117,-140,370
9529,-72,72,208
9534,77,-11,317
9539,-85,-180,151
9544,-139,139,227
9549,-10,-167,421
9554,-146,-23,172
9559,58,73,253
9564,88,-128,244
9569,88,-128,244
9574,-55,133,246
9579,-25,-134,406
9584,-129,-116,146
9589,-88,127,219
9594,83,-163,342
9599,-82,85,203
9604,105,-17,342
9609,-67,-171,145
9614,-79,146,237
9619,-45,-168,418
9624,-161,-19,162
9629,14,57,257
9634,84,-127,230
9639,-40,137,247
9644,21,-124,409
9649,-121,-104,150
9654,-72,117,214
9659,46,-175,333
9664,-99,80,206
9669,111,-22,344
9674,-54,-159,144
9679,-80,154,235
9684,-41,-178,419
9689,-164,-25,181
9694,41,70,254
9699,83,-131,247
9704,-78,134,228
9709,-26,-122,392
9714,-121,-129,150
9719,-80,145,224
9724,101,-147,375
9729,-70,55,204
9734,63,-6,309
9739,-103,-190,148
9744,-160,126,234
9749,44,-155,436
9754,-115,-43,164
9759,90,89,248
9764,24,-143,257
9769,-116,117,222
9774,-47,-113,377
9779,-110,-133,145
9784,-40,170,229
9789,119,-138,386
9794,-57,55,201
9799,36,2,308
9804,-95,-184,144
9809,-168,129,238
9814,57,-155,436
9819,-106,-44,162
9824,103,92,245
9829,16,-154,256
9834,16,-154,256
9839,-117,116,227
9844,-36,-110,380
9849,-111,-131,147
9854,-63,151,228
9859,94,-152,357
9864,-71,73,209
9869,107,-16,329
9874,-75,-165,144
9879,-83,158,237
9884,-49,-176,414
9889,-174,-24,156
9894,9,61,261
9899,82,-138,223
9904,-55,151,241
9909,56,-126,421
9914,-92,-88,162
9919,-55,130,209
9924,-23,-182,318
9929,-153,77,215
9934,89,-36,359
9939,-28,-143,151
9944,-29,161,233
9949,-16,-173,417
9954,-154,2,157
9959,-26,31,268
9964,58,-155,204
9969,-63,154,245
9974,90,-127,424
9979,-111,-86,160
9984,-45,112,212
9989,-21,-185,312
9994,-155,73,211
9999,93,-37,360
10004,-65,-153,145
10009,-78,152,237
10014,-29,-179,419
[FEATURES] f0=-28785 f1=82503 f2=87380 f3=-174000 f4=125000 f5=299000 f6=71514 f7=-29570 f8=121544 f9=125089 f10=-195000 f11=173000 f12=368000 f13=110138 f14=261019 f15=88934 f16=275754 f17=143000 f18=441000 f19=298000 f20=73636
[SCALED_FEATURES] f0=-336 f1=378 f2=328 f3=-388 f4=337 f5=367 f6=426 f7=-3012 f8=-345 f9=-330 f10=357 f11=-350 f12=-354 f13=-336 f14=436 f15=641 f16=303 f17=-330 f18=950 f19=673 f20=547
[FEATURES_X] mean=-28785 std=82503 rms=87380 min=-174000 max=125000 p2p=299000 mad=71514
[FEATURES_Y] mean=-29570 std=121544 rms=125089 min=-195000 max=173000 p2p=368000 mad=110138
[FEATURES_Z] mean=261019 std=88934 rms=275754 min=143000 max=441000 p2p=298000 mad=73636
[CLASS] CLASS=normal ID=0 scores_x1000=[6754,-1259,-760,-4735]
[CLASS_STATS] condition=normal total_windows=10
predicted_count=[10,0,0,0]
correct_windows=10
accuracy_x1000=1000
current_prediction=0
[CLASS_TIMING] sample_interval_ms=5 window_acquisition_ms=898 feature_extract_ms=8 inference_ms=0 total_cycle_ms=971
10117,-145,79,208
10119,-145,79,208
10122,120,-17,352
10124,120,-17,352
10127,-90,-180,150
10129,-90,-180,150
10132,-155,132,243
10135,-155,132,243
10137,103,-121,438
10140,103,-121,438
10143,-97,-77,156
10145,-61,130,218
10148,-61,130,218
10150,96,-156,360
10153,96,-156,360
10156,-77,62,198
10158,-77,62,198
10161,-77,62,198
10163,11,7,306
10165,11,7,306
10168,-13,-184,173
10170,-13,-184,173
10173,-83,154,235
10176,-83,154,235
10178,37,-124,413
10181,37,-124,413
10183,-119,-118,144
10186,-119,-118,144
10189,-52,157,228
10191,101,-142,398
10194,101,-142,398
10197,-85,38,190
10199,-85,38,190
10202,-21,21,275
10204,-21,21,275
10207,47,-155,207
10209,47,-155,207
10212,-45,149,242
10214,-45,149,242
10217,8,-123,407
10219,8,-123,407
10224,-128,-131,139
10229,-49,154,229
10234,117,-132,395
10239,-122,35,184
10244,-20,18,272
10249,28,-172,192
10254,-36,162,242
10259,45,-118,410
10264,-112,-123,147
10269,-74,141,227
10274,121,-133,387
10279,-104,41,180
10284,-21,11,288
10289,10,-184,188
10294,-68,160,236
10299,62,-115,419
10304,-110,-119,153
10309,-65,139,233
10314,120,-136,380
10319,-83,37,187
10324,-15,22,279
10329,37,-173,191
10334,-52,152,239
10339,6,-119,407
10344,-115,-124,138
10349,-46,161,230
10354,101,-140,410
10359,-126,19,179
10364,-126,19,179
10369,-33,16,269
10374,51,-148,215
10379,-29,150,245
10384,-11,-127,404
10389,-119,-124,134
10394,-48,159,224
10399,102,-138,406
10404,-124,25,180
10409,-42,25,267
10414,41,-160,201
10419,-56,154,242
10424,3,-117,410
10429,-122,-128,143
10434,-59,154,229
10439,123,-137,403
10444,-86,34,198
10449,-14,16,288
10454,-50,-185,164
10459,-89,158,239
10464,117,-112,443
10469,-127,-89,159
10474,-53,116,221
10479,-26,-187,319
10484,-108,84,216
10489,100,-24,348
10494,-43,-151,152
10499,-102,150,241
10504,-16,-184,425
10509,-154,-23,179
10514,69,84,257
10519,26,-136,259
10524,-132,113,220
10529,-43,-115,380
10534,-105,-138,144
10539,-11,167,232
10544,110,-140,400
10549,-95,43,188
10554,-1,4,295
10559,-62,-191,156
10564,-112,141,244
10569,114,-126,439
10574,-93,-67,160
10579,-16,110,219
10584,-54,-189,301
10589,-145,71,217
10594,90,-43,360
10599,-44,-145,156
10604,-77,151,235
10609,-43,-182,416
10614,-150,-26,182
10619,44,70,255
10624,44,70,255
10629,75,-132,262
10634,-74,135,232
10639,-35,-129,394
10644,-114,-130,142
10649,-61,152,229
10654,120,-150,367
10659,-93,59,202
10664,51,-5,307
10669,-83,-179,153
10674,-136,133,225
10679,19,-161,433
10684,-140,-31,167
10689,64,89,248
10694,56,-136,250
10699,-86,127,235
10704,-10,-121,397
10709,-128,-111,146
10714,-78,134,223
10719,73,-171,338
10724,-108,78,201
10729,105,-22,351
10734,-39,-152,156
10739,-54,154,238
10744,-42,-185,406
10749,-145,-3,154
10754,-6,34,274
10759,41,-161,199
10764,-76,159,232
10769,118,-121,438
10774,-97,-67,159
10779,24,104,227
10784,-60,-186,280
10789,-171,87,206
10794,-12,-98,375
10799,-69,-127,165
10804,-35,163,226
10809,126,-149,371
10814,-70,73,209
10819,105,-12,335
10824,-78,-171,153
10829,-57,158,238
10834,-32,-179,399
10839,-133,21,179
10844,-19,19,278
10849,-96,-197,150
10854,-132,138,245
10859,30,-156,434
10864,-132,-17,182
10869,41,67,262
10874,87,-141,224
10879,-51,158,245
10884,102,-123,428
10889,102,-123,428
10894,-112,-76,163
10899,27,102,222
10904,-76,-186,263
10909,-160,99,206
10914,-24,-100,381
10919,-82,-135,165
10924,-24,164,232
10929,121,-137,392
10934,-80,50,192
10939,8,5,306
10944,-76,-196,154
10949,-128,144,242
10954,118,-127,433
10959,-100,-54,166
10964,20,103,224
10969,-67,-189,294
10974,-161,75,211
10979,80,-43,365
10984,-64,-154,152
10989,-97,149,227
10994,-23,-180,424
10999,-138,-24,177
11004,75,87,254
11009,-12,-149,260
11014,-166,95,197
[FEATURES] f0=-30035 f1=80888 f2=86285 f3=-171000 f4=126000 f5=297000 f6=67800 f7=-25750 f8=121506 f9=124204 f10=-197000 f11=167000 f12=364000 f13=110507 f14=260345 f15=90174 f16=275519 f17=134000 f18=443000 f19=309000 f20=75278
[SCALED_FEATURES] f0=-502 f1=347 f2=305 f3=-353 f4=348 f5=356 f6=340 f7=-2494 f8=-345 f9=-335 f10=348 f11=-374 f12=-363 f13=-334 f14=360 f15=662 f16=295 f17=-441 f18=971 f19=738 f20=578
[FEATURES_X] mean=-30035 std=80888 rms=86285 min=-171000 max=126000 p2p=297000 mad=67800
[FEATURES_Y] mean=-25750 std=121506 rms=124204 min=-197000 max=167000 p2p=364000 mad=110507
[FEATURES_Z] mean=260345 std=90174 rms=275519 min=134000 max=443000 p2p=309000 mad=75278
[CLASS] CLASS=normal ID=0 scores_x1000=[7122,-1328,-950,-4843]
[CLASS_STATS] condition=normal total_windows=11
predicted_count=[11,0,0,0]
correct_windows=11
accuracy_x1000=1000
current_prediction=0
[CLASS_TIMING] sample_interval_ms=5 window_acquisition_ms=897 feature_extract_ms=8 inference_ms=1 total_cycle_ms=970
11116,124,-153,372
11119,-79,47,203
11122,-79,47,203
11124,57,-6,311
11126,57,-6,311
11129,57,-6,311
11131,-110,-193,146
11134,-110,-193,146
11137,-141,139,222
11139,69,-153,442
11142,69,-153,442
11145,-118,-42,168
11147,-118,-42,168
11150,82,95,250
11152,82,95,250
11155,-36,-160,256
11157,-36,-160,256
11160,-160,96,201
11163,-160,96,201
11165,-9,-99,380
11168,-9,-99,380
11170,-79,-135,157
11173,-79,-135,157
11175,-3,180,235
11178,-3,180,235
11180,90,-151,399
11183,90,-151,399
11185,-88,37,198
11188,-88,37,198
11190,2,15,292
11193,2,15,292
11195,2,15,292
11197,-70,-192,159
11200,-70,-192,159
11203,-134,140,250
11205,-134,140,250
11208,98,-133,431
11211,-93,-49,171
11213,-93,-49,171
11216,53,99,228
11219,53,99,228
11224,-56,-181,277
11229,-170,89,196
11234,30,-83,381
11239,-48,-130,159
11244,20,179,241
11249,66,-152,404
11254,-129,21,184
11259,-27,20,273
11264,-63,-181,160
11269,-126,138,251
11274,84,-142,426
11279,-112,-42,159
11284,87,90,253
11289,27,-145,245
11294,-112,124,224
11299,-49,-124,398
11304,-124,-121,142
11309,-71,135,227
11314,100,-153,359
11319,-87,69,204
11324,84,-13,329
11329,-102,-180,146
11334,-128,139,226
11339,4,-172,423
11344,-131,-25,176
11349,60,80,256
11354,32,-135,261
11359,-112,113,225
11364,-36,-114,384
11369,-74,-132,160
11374,-1,174,234
11379,79,-145,404
11384,-116,23,186
11389,-28,23,266
11394,44,-163,205
11399,-49,161,239
11404,40,-127,413
11409,-122,-118,147
11414,-122,-118,147
11419,-87,128,226
11424,104,-154,364
11429,-73,59,189
11434,44,8,308
11439,-107,-203,153
11444,-138,136,239
11449,96,-136,430
11454,-95,-53,165
11459,24,95,226
11464,-57,-180,297
11469,-135,83,211
11474,96,-41,357
11479,-66,-152,153
11484,-61,157,234
11489,-24,-183,425
11494,-152,-28,172
11499,82,90,254
11504,-21,-157,252
11509,-154,93,209
11514,9,-89,375
11519,-59,-138,155
11524,7,170,247
11529,-22,-185,410
11534,-155,-18,164
11539,38,76,252
11544,28,-140,267
11549,-120,113,217
11554,-18,-110,383
11559,-66,-131,168
11564,14,170,240
11569,-13,-164,403
11574,-141,8,160
11579,-4,46,275
11584,72,-128,234
11589,-82,135,230
11594,-19,-121,394
11599,-105,-132,138
11604,-32,171,229
11609,71,-150,409
11614,-117,23,180
11619,-17,36,278
11624,64,-142,226
11629,-72,137,228
11634,-17,-124,394
11639,-109,-133,139
11644,-17,173,230
11649,56,-156,411
11654,-135,0,159
11659,-4,54,259
11664,50,-135,255
11669,-107,108,215
11674,-23,-104,377
11679,-23,-104,377
11684,-72,-140,157
11689,-5,162,240
11694,-32,-176,421
11699,-157,-35,162
11704,66,81,255
11709,-6,-154,259
11714,-156,98,199
11719,4,-88,386
11724,-51,-136,159
11729,-9,162,238
11734,-28,-179,403
11739,-158,-11,157
11744,25,64,265
11749,72,-135,258
11754,-107,115,224
11759,-37,-123,385
11764,-85,-134,153
11769,-8,181,232
11774,64,-157,403
11779,-140,17,173
11784,-35,27,272
11789,63,-149,209
11794,-39,154,244
11799,51,-124,416
11804,-112,-114,147
11809,-83,133,227
11814,112,-153,372
11819,-62,59,198
11824,31,7,307
11829,-71,-190,154
11834,-123,144,239
11839,104,-132,431
11844,-100,-57,161
11849,20,102,225
11854,-44,-191,297
11859,-161,81,216
11864,97,-36,359
11869,-49,-146,150
11874,-58,151,231
11879,-48,-182,416
11884,-169,-33,171
11889,65,89,249
11894,4,-156,251
11899,-155,93,209
11904,-25,-99,379
11909,-83,-140,155
11914,19,175,249
11919,-8,-181,407
11924,-153,-5,157
11929,12,63,257
11934,72,-127,247
11939,-97,121,230
11944,-97,121,230
11949,-39,-108,376
11954,-79,-138,154
11959,-9,176,238
11964,54,-158,409
11969,-130,20,172
11974,-30,30,271
11979,66,-151,216
11984,-56,148,234
11989,3,-123,407
11994,-111,-126,152
11999,-61,162,232
12004,129,-141,386
12009,-103,43,191
12014,4,15,302
[FEATURES] f0=-33230 f1=76773 f2=83656 f3=-170000 f4=129000 f5=299000 f6=65317 f7=-27270 f8=120803 f9=123842 f10=-203000 f11=181000 f12=384000 f13=109409 f14=258915 f15=87868 f16=273418 f17=138000 f18=442000 f19=304000 f20=71910
[SCALED_FEATURES] f0=-925 f1=267 f2=248 f3=-341 f4=381 f5=367 f6=284 f7=-2700 f8=-349 f9=-337 f10=322 f11=-317 f12=-321 f13=-341 f14=197 f15=623 f16=218 f17=-391 f18=960 f19=708 f20=514
[FEATURES_X] mean=-33230 std=76773 rms=83656 min=-170000 max=129000 p2p=299000 mad=65317
[FEATURES_Y] mean=-27270 std=120803 rms=123842 min=-203000 max=181000 p2p=384000 mad=109409
[FEATURES_Z] mean=258915 std=87868 rms=273418 min=138000 max=442000 p2p=304000 mad=71910
[CLASS] CLASS=normal ID=0 scores_x1000=[6796,-1148,-2459,-3188]
[CLASS_STATS] condition=normal total_windows=12
predicted_count=[12,0,0,0]
correct_windows=12
accuracy_x1000=1000
current_prediction=0
[CLASS_TIMING] sample_interval_ms=5 window_acquisition_ms=898 feature_extract_ms=8 inference_ms=1 total_cycle_ms=971
12116,-136,22,170
12119,-36,30,270
12121,-36,30,270
12124,82,-155,204
12126,82,-155,204
12129,-55,159,245
12131,-55,159,245
12134,76,-117,424
12137,76,-117,424
12139,-116,-95,159
12142,-116,-95,159
12145,-56,125,217
12147,-56,125,217
12150,35,-184,332
12152,35,-184,332
12155,-111,86,209
12157,-111,86,209
12160,105,-17,358
12163,105,-17,358
12165,-74,-162,140
12168,-74,-162,140
12170,-98,140,238
12173,-98,140,238
12176,-22,-176,416
12178,-22,-176,416
12181,-148,-25,181
12183,-148,-25,181
12186,74,76,254
12189,74,76,254
12191,31,-137,258
12194,31,-137,258
12196,-139,112,220
12199,-139,112,220
12201,-28,-106,369
12204,-28,-106,369
12207,-70,-131,161
12209,-70,-131,161
12212,-9,177,236
12215,-9,177,236
12217,68,-149,403
12220,68,-149,403
12224,-114,29,180
12229,-28,23,272
12234,54,-166,206
12239,-55,157,243
12244,41,-126,418
12249,-118,-110,156
12254,-66,134,216
12259,104,-162,356
12264,-75,75,202
12269,54,-6,317
12274,-97,-193,145
12279,-149,126,232
12284,86,-145,447
12289,-109,-39,168
12294,71,100,238
12299,-55,-183,269
12304,-165,82,201
12309,45,-74,377
12314,-45,-140,156
12319,-19,170,237
12324,-7,-180,407
12329,-144,-2,156
12334,1,58,274
12339,71,-136,231
12344,-59,144,244
12349,-18,-125,405
12354,-122,-130,145
12359,-43,156,235
12364,124,-148,376
12369,-82,59,198
12374,18,8,309
12379,-59,-206,146
12384,-110,147,245
12389,111,-125,437
12394,-97,-61,164
12399,-15,108,229
12404,-23,-191,305
12409,-126,86,214
12414,99,-25,357
12419,-84,-171,152
12424,-129,137,222
12429,47,-162,438
12434,-117,-41,161
12439,42,100,230
12444,-63,-197,287
12449,-159,78,206
12454,104,-29,361
12459,-78,-166,151
12464,-140,141,220
12469,-140,141,220
12474,88,-146,437
12479,-84,-56,165
12484,-11,112,230
12489,4,-183,315
12494,-105,72,200
12499,81,-1,318
12504,-58,-189,157
12509,-117,148,244
12514,111,-115,441
12519,-112,-101,154
12524,-87,137,225
12529,114,-144,382
12534,-69,51,195
12539,-26,18,276
12544,26,-153,203
12549,-47,144,239
12554,-7,-124,409
12559,-118,-133,143
12564,-22,175,227
12569,63,-162,414
12574,-134,11,167
12579,-31,41,265
12584,79,-133,235
12589,-50,138,239
12594,-41,-119,386
12599,-100,-134,151
12604,23,171,240
12609,14,-165,411
12614,-144,-7,167
12619,6,66,262
12624,61,-140,248
12629,-100,118,218
12634,-49,-107,372
12639,-93,-144,153
12644,-5,172,240
12649,19,-170,402
12654,-154,-1,160
12659,-8,51,272
12664,86,-133,238
12669,-89,129,225
12674,-47,-122,392
12679,-105,-130,144
12684,-12,177,232
12689,101,-150,400
12694,-120,27,186
12699,-43,12,262
12704,40,-165,196
12709,-47,152,242
12714,12,-129,411
12719,-113,-112,144
12724,-56,152,235
12729,-56,152,235
12734,132,-143,387
12739,-91,45,186
12744,-9,14,295
12749,-12,-185,171
12754,-65,169,235
12759,95,-122,437
12764,-121,-105,157
12769,-82,125,217
12774,101,-154,354
12779,-61,66,198
12784,22,3,308
12789,-24,-182,165
12794,-68,156,236
12799,69,-133,424
12804,-113,-110,153
12809,-71,151,232
12814,124,-147,383
12819,-81,42,189
12824,1,21,296
12829,14,-176,179
12834,-76,156,236
12839,61,-126,426
12844,-125,-104,157
12849,-68,137,219
12854,115,-146,370
12859,-55,60,202
12864,14,12,309
12869,-51,-187,158
12874,-87,159,239
12879,97,-119,440
12884,-103,-103,156
12889,-64,131,212
12894,107,-163,357
12899,-68,68,202
12904,11,6,307
12909,-49,-191,159
12914,-105,152,237
12919,108,-119,444
12924,-113,-102,160
12929,-83,130,217
12934,125,-146,368
12939,-69,51,193
12944,-12,9,292
12949,15,-180,181
12954,-67,152,229
12959,13,-133,414
12964,-102,-117,136
12969,-35,176,230
12974,90,-149,408
12979,-126,17,178
12984,-47,36,269
12989,77,-136,229
12994,77,-136,229
12999,-66,131,229
13004,-25,-113,393
13009,-132,-133,142
13014,-6,176,236
[FEATURES] f0=-27760 f1=77778 f2=82584 f3=-165000 f4=132000 f5=297000 f6=65854 f7=-24535 f8=124676 f9=127067 f10=-206000 f11=177000 f12=383000 f13=113968 f14=258940 f15=89343 f16=273919 f17=136000 f18=447000 f19=311000 f20=74203
[SCALED_FEATURES] f0=-200 f1=287 f2=225 f3=-282 f4=414 f5=356 f6=296 f7=-2329 f8=-326 f9=-318 f10=309 f11=-334 f12=-323 f13=-312 f14=200 f15=648 f16=236 f17=-416 f18=1014 f19=749 f20=557
[FEATURES_X] mean=-27760 std=77778 rms=82584 min=-165000 max=132000 p2p=297000 mad=65854
[FEATURES_Y] mean=-24535 std=124676 rms=127067 min=-206000 max=177000 p2p=383000 mad=113968
[FEATURES_Z] mean=258940 std=89343 rms=273919 min=136000 max=447000 p2p=311000 mad=74203
[CLASS] CLASS=normal ID=0 scores_x1000=[6879,-1101,40,-5817]
[CLASS_STATS] condition=normal total_windows=13
predicted_count=[13,0,0,0]
correct_windows=13
accuracy_x1000=1000
current_prediction=0
[CLASS_TIMING] sample_interval_ms=5 window_acquisition_ms=898 feature_extract_ms=8 inference_ms=1 total_cycle_ms=971
13116,-98,-195,150
13119,-145,137,224
13122,-145,137,224
13124,83,-153,429
13127,83,-153,429
13129,-103,-45,173
13132,50,96,232
13134,50,96,232
13137,50,96,232
13139,-40,-184,276
13142,-40,-184,276
13145,-154,85,197
13147,-154,85,197
13150,25,-81,378
13152,25,-81,378
13155,-55,-130,165
13157,-55,-130,165
13160,5,172,244
13162,5,172,244
13165,-6,-177,402
13167,-6,-177,402
13170,-153,10,160
13172,-153,10,160
13175,-10,47,270
13177,-10,47,270
13180,67,-146,217
13183,67,-146,217
13185,-50,152,242
13188,-50,152,242
13190,26,-137,412
13193,26,-137,412
13195,-116,-109,155
13198,-116,-109,155
13201,-74,122,221
13203,91,-160,338
13206,91,-160,338
13209,-93,75,203
13211,-93,75,203
13214,79,-12,326
13216,79,-12,326
13219,-92,-183,155
13224,-140,140,227
13229,33,-173,434
13234,-134,-26,169
13239,83,85,254
13244,-2,-163,251
13249,-128,108,217
13254,-31,-108,370
13259,-31,-108,370
13264,-81,-132,161
13269,-1,173,235
13274,87,-149,401
13279,-109,37,186
13284,-10,24,290
13289,6,-174,182
13294,-87,154,238
13299,93,-122,434
13304,-121,-81,164
13309,-24,115,230
13314,-32,-190,304
13319,-137,91,209
13324,89,-36,363
13329,-79,-157,151
13334,-101,147,231
13339,-15,-182,414
13344,-140,-23,170
13349,70,90,264
13354,-4,-161,245
13359,-135,104,208
13364,-7,-93,380
13369,-56,-132,160
13374,11,175,239
13379,17,-172,399
13384,-115,21,175
13389,-28,35,261
13394,47,-168,201
13399,-69,158,237
13404,71,-120,428
13409,-130,-93,159
13414,-46,100,222
13419,-19,-196,305
13424,-130,88,212
13429,75,-53,366
13434,-51,-129,167
13439,3,174,244
13444,44,-170,393
13449,-136,42,190
13454,10,4,302
13459,-94,-207,149
13464,-108,142,220
13469,3,-175,421
13474,-137,-11,183
13479,52,72,267
13484,87,-136,240
13489,-53,158,238
13494,55,-125,416
13499,-171,-96,163
13504,-23,97,232
13509,-79,-191,272
13514,-155,86,194
13519,-18,-106,371
13524,-18,-106,371
13529,-56,-125,171
13534,-29,173,236
13539,112,-148,354
13544,-80,81,203
13549,82,-10,342
13554,-94,-166,146
13559,-100,151,234
13564,-49,-191,404
13569,-152,-2,158
13574,-16,41,272
13579,54,-164,214
13584,-70,160,241
13589,119,-121,430
13594,-106,-69,166
13599,11,107,234
13604,-61,-190,290
13609,-149,83,213
13614,55,-70,380
13619,-51,-127,157
13624,12,175,241
13629,-6,-175,406
13634,-145,2,163
13639,-14,45,268
13644,56,-160,212
13649,-52,157,244
13654,79,-124,426
13659,-122,-78,163
13664,-31,118,218
13669,-41,-197,293
13674,-136,79,212
13679,81,-53,364
13684,-40,-139,160
13689,-12,164,235
13694,-19,-175,405
13699,-153,5,169
13704,-20,32,259
13709,21,-171,193
13714,-69,155,238
13719,104,-123,435
13724,-119,-75,161
13729,-12,113,236
13734,-49,-197,286
13739,-164,78,208
13744,62,-55,363
13749,-37,-143,159
13754,-25,159,234
13759,-51,-178,405
13764,-163,-9,156
13769,6,68,260
13774,69,-132,252
13779,-95,114,225
13784,-95,114,225
13789,-48,-111,371
13794,-86,-138,152
13799,23,175,241
13804,1,-167,419
13809,-168,-10,158
13814,29,77,254
13819,48,-141,263
13824,-136,90,221
13829,-10,-88,374
13834,-61,-138,151
13839,-30,145,242
13844,0,-170,432
13849,-140,-39,163
13854,31,108,229
13859,13,-176,325
13864,-112,65,192
13869,38,7,312
13874,11,-172,189
13879,-53,137,230
13884,-21,-113,388
13889,-99,-140,143
13894,-23,160,236
13899,-4,-168,431
13904,-156,-42,161
13909,18,115,236
13914,56,-177,336
13919,-94,53,181
13924,-4,22,287
13929,28,-156,204
13934,-51,132,230
13939,-42,-110,380
13944,-97,-146,152
13949,-33,150,240
13954,3,-166,436
13959,-135,-51,162
13964,22,116,230
13969,70,-171,336
13974,-79,62,186
13979,7,26,288
13984,34,-155,209
13989,-58,128,227
13994,-22,-106,377
13999,-101,-147,148
14004,-15,155,241
14009,0,-163,437
14014,-147,-43,167
[FEATURES] f0=-33555 f1=73358 f2=80668 f3=-171000 f4=119000 f5=290000 f6=61423 f7=-28765 f8=124006 f9=127299 f10=-207000 f11=175000 f12=382000 f13=113006 f14=260530 f15=87485 f16=274826 f17=143000 f18=437000 f19=294000 f20=72937
[SCALED_FEATURES] f0=-968 f1=201 f2=184 f3=-353 f4=271 f5=315 f6=194 f7=-2903 f8=-330 f9=-317 f10=305 f11=-342 f12=-325 f13=-318 f14=381 f15=616 f16=269 f17=-330 f18=907 f19=650 f20=533
[FEATURES_X] mean=-33555 std=73358 rms=80668 min=-171000 max=119000 p2p=290000 mad=61423
[FEATURES_Y] mean=-28765 std=124006 rms=127299 min=-207000 max=175000 p2p=382000 mad=113006
[FEATURES_Z] mean=260530 std=87485 rms=274826 min=143000 max=437000 p2p=294000 mad=72937
[CLASS] CLASS=normal ID=0 scores_x1000=[6829,-1080,-2715,-3033]
[CLASS_STATS] condition=normal total_windows=14
predicted_count=[14,0,0,0]
correct_windows=14
accuracy_x1000=1000
current_prediction=0
[CLASS_TIMING] sample_interval_ms=5 window_acquisition_ms=898 feature_extract_ms=8 inference_ms=0 total_cycle_ms=971
14117,53,86,252
14119,53,86,252
14121,-17,-172,272
14124,-17,-172,272
14127,-178,82,189
14129,-178,82,189
14132,68,-42,360
14134,68,-42,360
14137,-55,-157,153
14139,-55,-157,153
14142,-140,138,230
14145,-140,138,230
14147,53,-147,435
14150,53,-147,435
14153,-110,-54,170
14155,-110,-54,170
14158,-9,109,241
14160,-9,109,241
14163,30,-173,332
14165,30,-173,332
14168,-99,63,194
14170,-99,63,194
14173,76,0,323
14175,76,0,323
14178,-36,-182,167
14180,-36,-182,167
14183,-86,151,236
14185,-86,151,236
14188,73,-128,422
14191,73,-128,422
14193,-121,-121,144
14196,-121,-121,144
14199,-60,156,233
14201,-60,156,233
14204,102,-150,409
14206,102,-150,409
14209,-133,10,163
14212,-133,10,163
14214,-28,50,268
14217,-28,50,268
14219,43,-133,264
14224,-117,93,208
14229,17,-72,371
14234,-67,-155,154
14239,-111,134,238
14244,77,-142,439
14249,-107,-66,156
14254,-44,134,223
14259,113,-153,362
14264,-85,42,172
14269,-39,35,268
14274,62,-143,233
14279,-82,115,220
14284,-28,-97,374
14289,-82,-143,150
14294,-69,133,240
14299,30,-152,435
14304,-120,-53,165
14309,-120,-53,165
14314,-13,118,230
14319,69,-169,344
14324,-71,56,186
14329,6,27,294
14334,43,-156,213
14339,-40,137,230
14344,-37,-114,381
14349,-90,-136,153
14354,13,161,248
14359,-31,-185,419
14364,-164,-10,166
14369,53,83,260
14374,-11,-156,259
14379,-149,89,195
14384,34,-69,368
14389,-54,-146,164
14394,-61,139,238
14399,-31,-173,412
14404,-129,-25,167
14409,76,92,254
14414,14,-154,261
14419,-146,89,210
14424,-23,-98,377
14429,-69,-141,153
14434,13,166,241
14439,-37,-175,411
14444,-176,-19,160
14449,33,74,255
14454,72,-134,259
14459,-126,104,218
14464,-32,-96,369
14469,-66,-135,153
14474,5,157,240
14479,-49,-169,410
14484,-154,-26,167
14489,88,92,255
14494,-45,-164,275
14499,-180,84,195
14504,90,-43,364
14509,-63,-162,149
14514,-115,141,225
14519,72,-152,438
14524,-122,-53,173
14529,0,99,234
14534,-15,-178,318
14539,-101,82,193
14544,96,-15,324
14549,-97,-189,148
14554,-149,137,234
14559,133,-122,446
14564,-88,-79,161
14569,-60,118,217
14574,-60,118,217
14579,56,-171,336
14584,-87,79,199
14589,90,-5,330
14594,-118,-192,151
14599,-143,136,232
14604,119,-133,434
14609,-95,-60,173
14614,-13,100,241
14619,-49,-179,293
14624,-134,85,198
14629,106,-18,350
14634,-117,-184,150
14639,-142,132,224
14644,102,-133,438
14649,-107,-64,172
14654,-29,111,231
14659,1,-179,325
14664,-88,72,200
14669,102,-2,328
14674,-92,-185,152
14679,-174,134,229
14684,93,-139,429
14689,-98,-60,170
14694,-9,110,238
14699,-15,-189,312
14704,-124,77,195
14709,110,-9,337
14714,-103,-193,150
14719,-164,133,225
14724,125,-122,445
14729,-108,-90,161
14734,-74,120,206
14739,112,-147,361
14744,-72,55,194
14749,-18,16,289
14754,31,-164,199
14759,-34,144,237
14764,-33,-118,401
14769,-104,-139,158
14774,21,159,246
14779,-25,-165,427
14784,-182,-43,150
14789,91,94,236
14794,-41,-177,303
14799,-141,72,198
14804,119,-6,329
14809,-63,-195,156
14814,-92,152,231
14819,57,-122,417
14824,-121,-135,145
14829,-9,165,242
14834,-9,165,242
14839,-11,-173,426
14844,-182,-34,162
14849,80,91,250
14854,-65,-174,290
14859,-141,75,198
14864,106,-1,325
14869,-75,-189,157
14874,-103,139,243
14879,94,-115,421
14884,-101,-115,148
14889,-50,158,232
14894,64,-160,412
14899,-148,-8,163
14904,-2,59,251
14909,57,-137,256
14914,-124,96,216
14919,-3,-81,368
14924,-53,-141,146
14929,-46,146,236
14934,-36,-164,418
14939,-157,-34,156
14944,94,102,242
14949,-59,-183,289
14954,-182,78,198
14959,95,-31,360
14964,-82,-170,152
14969,-158,131,233
14974,94,-133,431
14979,-93,-72,159
14984,-54,121,220
14989,74,-171,354
14994,-65,58,196
14999,13,22,311
15004,-12,-188,183
15009,-61,152,242
15014,14,-125,413
[FEATURES] f0=-34385 f1=83001 f2=89841 f3=-182000 f4=133000 f5=315000 f6=69658 f7=-27480 f8=120775 f9=123862 f10=-195000 f11=166000 f12=361000 f13=109720 f14=258630 f15=89652 f16=273727 f17=144000 f18=446000 f19=302000 f20=74487
[SCALED_FEATURES] f0=-1078 f1=388 f2=381 f3=-482 f4=425 f5=460 f6=383 f7=-2728 f8=-349 f9=-337 f10=357 f11=-379 f12=-369 f13=-339 f14=164 f15=653 f16=229 f17=-317 f18=1003 f19=697 f20=563
[FEATURES_X] mean=-34385 std=83001 rms=89841 min=-182000 max=133000 p2p=315000 mad=69658
[FEATURES_Y] mean=-27480 std=120775 rms=123862 min=-195000 max=166000 p2p=361000 mad=109720
[FEATURES_Z] mean=258630 std=89652 rms=273727 min=144000 max=446000 p2p=302000 mad=74487
[CLASS] CLASS=normal ID=0 scores_x1000=[6773,-1334,-3022,-2417]
[CLASS_STATS] condition=normal total_windows=15
predicted_count=[15,0,0,0]
correct_windows=15
accuracy_x1000=1000
current_prediction=0
[CLASS_TIMING] sample_interval_ms=5 window_acquisition_ms=897 feature_extract_ms=8 inference_ms=0 total_cycle_ms=970
15117,-78,-146,148
15119,-78,-146,148
15122,-39,153,235
15125,-39,153,235
15127,-12,-168,424
15130,-12,-168,424
15132,-135,-47,158
15135,33,111,229
15138,33,111,229
15140,33,111,229
15143,12,-188,319
15145,12,-188,319
15148,-103,66,194
15150,-103,66,194
15153,44,12,314
15155,44,12,314
15158,-15,-177,179
15160,-15,-177,179
15163,-55,142,247
15166,-55,142,247
15168,18,-125,413
15171,18,-125,413
15173,-103,-137,149
15176,-23,172,241
15179,-23,172,241
15181,23,-169,419
15184,23,-169,419
15186,-170,-18,158
15189,-170,-18,158
15192,40,81,255
15194,40,81,255
15196,-27,-159,270
15199,-27,-159,270
15202,-160,76,200
15204,-160,76,200
15207,78,-36,357
15209,78,-36,357
15212,-53,-159,157
15214,-53,-159,157
15217,-149,130,233
15220,-149,130,233
15224,98,-131,437
15229,-96,-74,158
15234,-69,124,216
15239,76,-167,355
15244,-86,61,192
15249,7,14,308
15254,-27,-182,180
15259,-60,152,240
15264,59,-123,420
15269,-125,-116,140
15274,-46,157,226
15279,125,-137,402
15284,-109,29,181
15289,-49,37,262
15294,74,-140,230
15299,-94,124,215
15304,-39,-105,373
15309,-74,-141,157
15314,17,177,238
15319,-47,-184,418
15324,-165,-28,164
15329,83,93,253
15334,-46,-167,282
15339,-179,74,196
15344,59,-40,351
15349,-58,-162,149
15354,-125,136,237
15359,-125,136,237
15364,45,-149,434
15369,-103,-54,161
15374,16,116,238
15379,1,-186,315
15384,-104,75,195
15389,88,-2,313
15394,-84,-195,154
15399,-90,151,235
15404,97,-116,434
15409,-106,-114,159
15414,-63,157,229
15419,119,-147,404
15424,-129,17,179
15429,-20,48,268
15434,63,-127,262
15439,-120,97,209
15444,13,-81,367
15449,-79,-145,148
15454,-123,136,244
15459,66,-143,438
15464,-84,-58,162
15469,-37,124,215
15474,94,-160,360
15479,-57,53,196
15484,-22,23,290
15489,38,-172,211
15494,-50,154,237
15499,-31,-120,403
15504,-98,-136,155
15509,8,176,246
15514,19,-166,417
15519,-156,-16,158
15524,18,68,258
15529,52,-149,270
15534,-139,90,211
15539,5,-80,368
15544,-51,-147,161
15549,-61,155,233
15554,-23,-164,422
15559,-155,-33,153
15564,101,96,246
15569,-60,-175,290
15574,-179,74,204
15579,92,-35,357
15584,-58,-160,156
15589,-143,131,232
15594,67,-149,441
15599,-102,-57,167
15604,0,112,235
15609,17,-182,326
15614,-105,75,198
15619,97,-4,315
15624,97,-4,315
15629,-93,-189,152
15634,-152,140,237
15639,118,-120,447
15644,-103,-89,157
15649,-96,123,211
15654,106,-151,368
15659,-76,60,188
15664,-9,16,291
15669,6,-174,191
15674,-47,156,248
15679,5,-128,413
15684,-129,-125,140
15689,-12,165,238
15694,37,-166,421
15699,-163,-13,156
15704,20,75,247
15709,18,-151,259
15714,-143,84,211
15719,23,-73,365
15724,-49,-143,150
15729,-88,145,239
15734,38,-162,431
15739,-131,-49,155
15744,13,107,236
15749,-17,-184,318
15754,-117,72,196
15759,105,-7,326
15764,-77,-192,151
15769,-124,140,233
15774,112,-120,434
15779,-111,-104,149
15784,-85,136,215
15789,127,-140,397
15794,-66,44,180
15799,-37,33,265
15804,69,-142,213
15809,-35,141,238
15814,-43,-117,399
15819,-104,-136,157
15824,22,173,244
15829,23,-176,419
15834,-169,-16,160
15839,18,66,251
15844,38,-136,265
15849,-150,94,208
15854,6,-80,366
15859,-47,-138,150
15864,-57,147,241
15869,-7,-164,426
15874,-124,-36,166
15879,67,107,228
15884,67,107,228
15889,-34,-175,304
15894,-123,77,192
15899,96,-5,319
15904,-62,-186,154
15909,-93,150,231
15914,63,-124,416
15919,-117,-126,145
15924,-25,168,237
15929,19,-167,420
15934,-160,-11,160
15939,74,99,252
15944,-63,-172,294
15949,-140,76,190
15954,73,6,312
15959,-19,-186,176
15964,-55,143,239
15969,-25,-122,391
15974,-85,-147,151
15979,-38,151,238
15984,53,-155,437
15989,-94,-70,160
15994,-91,129,206
15999,112,-138,407
16004,-119,3,166
16009,24,79,249
16014,-50,-159,291
[FEATURES] f0=-32095 f1=78092 f2=84430 f3=-179000 f4=127000 f5=306000 f6=65821 f7=-25550 f8=123111 f9=125735 f10=-195000 f11=177000 f12=372000 f13=112153 f14=259209 f15=90259 f16=274475 f17=140000 f18=447000 f19=307000 f20=74686
[SCALED_FEATURES] f0=-775 f1=293 f2=265 f3=-447 f4=359 f5=408 f6=295 f7=-2467 f8=-336 f9=-326 f10=357 f11=-334 f12=-346 f13=-323 f14=230 f15=664 f16=256 f17=-367 f18=1014 f19=726 f20=566
[FEATURES_X] mean=-32095 std=78092 rms=84430 min=-179000 max=127000 p2p=306000 mad=65821
[FEATURES_Y] mean=-25550 std=123111 rms=125735 min=-195000 max=177000 p2p=372000 mad=112153
[FEATURES_Z] mean=259209 std=90259 rms=274475 min=140000 max=447000 p2p=307000 mad=74686
[CLASS] CLASS=normal ID=0 scores_x1000=[6962,-1217,-1896,-3849]
[CLASS_STATS] condition=normal total_windows=16
predicted_count=[16,0,0,0]
correct_windows=16
accuracy_x1000=1000
current_prediction=0
[CLASS_TIMING] sample_interval_ms=5 window_acquisition_ms=897 feature_extract_ms=8 inference_ms=0 total_cycle_ms=970
16117,53,-144,228
16119,-92,105,205
16122,-92,105,205
16124,76,-46,357
16127,76,-46,357
16129,-67,-179,150
16132,-67,-179,150
16135,-89,129,231
16137,-89,129,231
16140,-26,-112,390
16142,-26,-112,390
16145,-76,-153,148
16148,-76,-153,148
16150,-125,131,240
16153,-125,131,240
16156,119,-116,453
16158,119,-116,453
16161,-85,-126,149
16164,-85,-126,149
16166,-33,164,237
16169,-33,164,237
16172,24,-164,445
16174,24,-164,445
16177,-118,-69,155
16179,-118,-69,155
16182,-86,139,219
16185,-86,139,219
16187,23,-161,421
16190,23,-161,421
16192,-188,-32,154
16195,-188,-32,154
16198,28,114,235
16200,28,114,235
16203,93,-162,369
16205,93,-162,369
16208,-77,42,172
16210,-77,42,172
16213,-7,64,256
16215,-7,64,256
16217,-26,-152,282
16220,-26,-152,282
16224,-171,78,199
16229,101,-2,329
16234,-15,-180,179
16239,-43,133,240
16244,-19,-104,384
16249,-72,-149,154
16254,-98,144,238
16259,114,-122,451
16264,-82,-112,148
16269,-34,166,232
16274,-25,-170,420
16279,-149,-60,155
16284,-45,127,226
16289,115,-134,406
16294,-131,-12,156
16299,58,94,251
16304,7,-169,329
16309,-79,56,184
16314,-32,38,261
16319,-24,-156,266
16324,-171,70,195
16329,45,10,313
16334,32,-154,218
16339,-98,103,202
16344,94,-45,363
16349,-47,-166,155
16354,-78,138,235
16359,-24,-110,378
16364,-81,-155,138
16369,-112,144,237
16374,114,-120,445
16379,-102,-117,137
16384,-6,168,237
16389,-23,-169,427
16394,-148,-62,150
16399,-28,123,232
16404,121,-144,397
16409,121,-144,397
16414,-115,-1,153
16419,48,82,252
16424,-55,-169,292
16429,-124,65,187
16434,25,18,300
16439,52,-143,243
16444,-128,92,204
16449,87,-39,360
16454,-76,-182,152
16459,-60,150,234
16464,-21,-113,396
16469,-97,-153,145
16474,-98,138,234
16479,110,-115,450
16484,-94,-123,143
16489,-21,163,245
16494,-1,-158,435
16499,-117,-74,150
16504,-83,139,220
16509,90,-144,411
16514,-141,-6,165
16519,70,97,246
16524,-4,-175,327
16529,-90,52,183
16534,-32,28,265
16539,38,-131,249
16544,-138,86,199
16549,96,-24,353
16554,-45,-181,166
16559,-80,130,236
16564,-11,-94,378
16569,-88,-160,145
16574,-145,134,230
16579,107,-118,429
16584,-111,-136,139
16589,-19,162,242
16594,37,-158,447
16599,-105,-77,152
16604,-95,148,222
16609,46,-160,418
16614,-179,-34,150
16619,59,110,230
16624,89,-155,355
16629,-82,31,169
16634,-12,54,257
16639,-57,-161,294
16644,-146,65,191
16649,21,22,304
16654,45,-147,237
16659,-113,100,201
16664,79,-34,353
16669,-62,-177,151
16674,-62,-177,151
16679,-91,135,227
16684,-26,-117,385
16689,-73,-156,147
16694,-133,145,236
16699,114,-112,446
16704,-81,-130,147
16709,-32,162,236
16714,19,-161,436
16719,-116,-77,154
16724,-82,144,230
16729,30,-170,421
16734,-160,-33,156
16739,23,117,236
16744,117,-154,385
16749,-85,21,157
16754,18,83,256
16759,-62,-181,295
16764,-126,69,181
16769,0,26,295
16774,55,-134,246
16779,-126,90,197
16784,106,-10,352
16789,-1,-189,184
16794,-102,129,216
16799,23,-86,381
16804,-101,-170,152
16809,-116,144,226
16814,17,-122,419
16819,-76,-149,149
16824,-103,128,240
16829,129,-115,453
16834,-77,-134,147
16839,-30,164,242
16844,87,-154,443
16849,-99,-91,151
16854,-54,154,225
16859,-15,-164,437
16864,-149,-53,163
16869,-37,120,225
16874,99,-137,408
16879,-129,-2,157
16884,58,92,245
16889,-2,-167,327
16894,-104,47,189
16899,-33,35,269
16904,-9,-147,262
16909,-141,81,199
16914,101,0,326
16919,19,-165,195
16924,-70,131,214
16929,29,-75,371
16934,29,-75,371
16939,-93,-172,149
16944,-156,138,223
16949,29,-126,423
16954,-88,-152,148
16959,-79,152,239
16964,103,-138,459
16969,-83,-107,141
16974,-30,172,235
16979,-12,-171,435
16984,-129,-73,154
16989,-75,138,211
16994,70,-149,414
16999,-156,-19,160
17004,68,112,230
17009,67,-162,353
17014,-75,43,182
[FEATURES] f0=-32205 f1=79948 f2=86191 f3=-188000 f4=129000 f5=317000 f6=67418 f7=-30280 f8=120767 f9=124505 f10=-189000 f11=172000 f12=361000 f13=110249 f14=261155 f15=98544 f16=279128 f17=137000 f18=459000 f19=322000 f20=83299
[SCALED_FEATURES] f0=-789 f1=329 f2=303 f3=-552 f4=381 f5=472 f6=332 f7=-3108 f8=-349 f9=-333 f10=382 f11=-354 f12=-369 f13=-336 f14=452 f15=805 f16=427 f17=-404 f18=1143 f19=814 f20=729
[FEATURES_X] mean=-32205 std=79948 rms=86191 min=-188000 max=129000 p2p=317000 mad=67418
[FEATURES_Y] mean=-30280 std=120767 rms=124505 min=-189000 max=172000 p2p=361000 mad=110249
[FEATURES_Z] mean=261155 std=98544 rms=279128 min=137000 max=459000 p2p=322000 mad=83299
[CLASS] CLASS=normal ID=0 scores_x1000=[7577,-1240,-2084,-4252]
[CLASS_STATS] condition=normal total_windows=17
predicted_count=[17,0,0,0]
correct_windows=17
accuracy_x1000=1000
current_prediction=0
[CLASS_TIMING] sample_interval_ms=5 window_acquisition_ms=897 feature_extract_ms=8 inference_ms=1 total_cycle_ms=970
17117,-166,-49,151
17119,-33,131,234
17122,-33,131,234
17124,108,-135,407
17127,108,-135,407
17130,-142,-6,143
17132,-142,-6,143
17135,59,111,240
17137,59,111,240
17140,97,-169,354
17142,97,-169,354
17145,-100,34,166
17147,-100,34,166
17150,3,69,258
17152,3,69,258
17155,-60,-168,298
17157,-60,-168,298
17160,-113,62,183
17163,-113,62,183
17165,-14,33,276
17168,-14,33,276
17170,9,-142,260
17173,9,-142,260
17175,-150,82,192
17178,-150,82,192
17180,72,5,327
17182,72,5,327
17185,46,-155,221
17187,46,-155,221
17190,-118,100,195
17193,-118,100,195
17195,104,-33,359
17198,104,-33,359
17200,-12,-171,171
17203,-12,-171,171
17206,-77,124,235
17208,-77,124,235
17211,23,-84,380
17213,23,-84,380
17216,-89,-168,149
17219,-89,-168,149
17224,-123,137,232
17229,-7,-112,400
17234,-77,-160,146
17239,-144,143,226
17244,91,-121,442
17249,-66,-135,156
17254,-45,164,227
17259,108,-137,454
17264,-82,-115,144
17269,-36,156,243
17274,14,-160,440
17279,-108,-82,149
17284,-83,151,236
17289,-21,-173,439
17294,-163,-53,160
17299,-38,132,229
17304,95,-136,412
17309,-131,-12,160
17314,65,113,230
17319,105,-154,373
17324,-92,16,156
17329,68,85,248
17334,16,-170,335
17339,-86,42,176
17344,2,67,258
17349,-63,-169,301
17354,-108,48,168
17359,-25,53,265
17364,-54,-167,293
17369,-118,57,179
17374,-31,30,270
17379,-23,-152,282
17384,-140,65,182
17389,-13,27,288
17394,-21,-152,264
17399,-160,68,182
17404,-2,36,290
17409,-4,-149,265
17414,-157,67,181
17419,-5,36,284
17424,-35,-156,279
17429,-135,69,178
17434,-31,42,259
17439,-61,-161,309
17444,-106,51,179
17449,-38,47,257
17454,-39,-162,301
17459,-39,-162,301
17464,-106,51,177
17469,-27,41,258
17474,-50,-164,301
17479,-115,54,186
17484,-39,39,258
17489,-54,-163,290
17494,-127,55,179
17499,-36,38,269
17504,-51,-167,300
17509,-127,60,181
17514,-20,45,268
17519,-48,-161,300
17524,-131,69,183
17529,-30,30,274
17534,-7,-152,273
17539,-178,85,173
17544,14,24,309
17549,17,-142,256
17554,-169,80,187
17559,65,6,320
17564,33,-145,231
17569,-150,93,202
17574,115,-9,349
17579,29,-168,198
17584,-74,122,203
17589,85,-47,360
17594,-53,-182,154
17599,-73,137,228
17604,-19,-95,380
17609,-74,-159,147
17614,-151,131,232
17619,18,-120,423
17624,-91,-148,146
17629,-90,140,243
17634,105,-120,448
17639,-94,-129,138
17644,-5,159,249
17649,22,-159,443
17654,-85,-72,156
17659,-88,142,225
17664,29,-161,428
17669,-178,-41,155
17674,40,114,238
17679,99,-158,371
17684,-103,11,157
17689,28,83,247
17694,-31,-164,307
17699,-114,57,177
17704,-31,34,274
17709,24,-142,262
17714,-175,93,185
17719,-175,93,185
17724,96,8,323
17729,43,-168,205
17734,-89,116,197
17739,52,-54,363
17744,-71,-172,155
17749,-108,136,227
17754,-16,-104,400
17759,-82,-159,143
17764,-125,139,235
17769,102,-114,439
17774,-81,-121,140
17779,4,168,245
17784,14,-164,445
17789,-104,-74,161
17794,-90,144,224
17799,37,-161,418
17804,-174,-34,148
17809,71,111,231
17814,79,-162,364
17819,-68,46,169
17824,-24,61,255
17829,-28,-159,289
17834,-175,64,194
17839,67,5,314
17844,31,-166,203
17849,-79,122,202
17854,32,-63,371
17859,-85,-175,150
17864,-124,145,234
17869,4,-121,417
17874,-93,-152,145
17879,-74,150,235
17884,96,-136,445
17889,-75,-101,148
17894,-47,162,230
17899,-22,-176,431
17904,-155,-44,150
17909,-1,127,242
17914,96,-157,378
17919,-101,24,161
17924,-22,60,261
17929,-5,-161,279
17934,-158,71,204
17939,123,5,342
17944,-38,-193,162
17949,-71,150,230
17954,-11,-107,405
17959,-90,-144,145
17964,-43,154,234
17969,41,-167,446
17974,-106,-66,154
17979,-106,-66,154
17984,-79,135,219
17989,119,-143,409
17994,-134,1,162
17999,47,74,250
18004,-54,-170,291
18009,-153,74,197
18014,78,6,314
[FEATURES] f0=-37305 f1=78403 f2=86826 f3=-178000 f4=123000 f5=301000 f6=65098 f7=-25175 f8=114769 f9=117498 f10=-193000 f11=168000 f12=361000 f13=105331 f14=255210 f15=86779 f16=269560 f17=138000 f18=454000 f19=316000 f20=70503
[SCALED_FEATURES] f0=-1465 f1=299 f2=316 f3=-435 f4=315 f5=379 f6=279 f7=-2416 f8=-385 f9=-375 f10=365 f11=-370 f12=-369 f13=-368 f14=-224 f15=604 f16=76 f17=-391 f18=1089 f19=778 f20=487
[FEATURES_X] mean=-37305 std=78403 rms=86826 min=-178000 max=123000 p2p=301000 mad=65098
[FEATURES_Y] mean=-25175 std=114769 rms=117498 min=-193000 max=168000 p2p=361000 mad=105331
[FEATURES_Z] mean=255210 std=86779 rms=269560 min=138000 max=454000 p2p=316000 mad=70503
[CLASS] CLASS=normal ID=0 scores_x1000=[7040,-1308,-4164,-1567]
[CLASS_STATS] condition=normal total_windows=18
predicted_count=[18,0,0,0]
correct_windows=18
accuracy_x1000=1000
current_prediction=0
[CLASS_TIMING] sample_interval_ms=5 window_acquisition_ms=897 feature_extract_ms=8 inference_ms=1 total_cycle_ms=970
18116,113,-119,440
18119,-104,-130,149
18122,-104,-130,149
18125,-6,163,247
18127,-6,163,247
18130,-40,-172,425
18132,-40,-172,425
18135,-143,-39,161
18138,41,110,231
18140,41,110,231
18142,41,110,231
18145,70,-176,344
18148,70,-176,344
18150,-73,62,189
18153,-73,62,189
18155,-26,32,267
18158,-26,32,267
18160,48,-141,260
18163,48,-141,260
18165,-159,84,208
18168,-159,84,208
18170,77,-50,357
18173,77,-50,357
18175,-78,-163,142
18178,-78,-163,142
18181,-118,133,238
18183,-118,133,238
18186,34,-126,426
18188,-105,-143,142
18191,-105,-143,142
18194,-4,170,238
18196,-4,170,238
18199,19,-157,437
18202,19,-157,437
18204,-116,-67,154
18207,-116,-67,154
18209,-61,131,222
18212,-61,131,222
18215,115,-138,394
18217,115,-138,394
18220,-93,29,174
18224,11,62,258
18229,-32,-162,292
18234,-178,75,199
18239,-178,75,199
18244,101,2,325
18249,-32,-193,177
18254,-67,144,226
18259,-27,-116,396
18264,-74,-148,152
18269,-17,163,230
18274,20,-162,432
18279,-116,-63,172
18284,-42,123,235
18289,111,-155,365
18294,-71,60,189
18299,-32,32,273
18304,61,-140,239
18309,-108,113,212
18314,-5,-91,365
18319,-58,-144,152
18324,-90,141,238
18329,46,-159,436
18334,-89,-56,151
18339,-46,126,221
18344,98,-156,374
18349,-84,44,182
18354,-38,30,255
18359,58,-136,248
18364,-126,99,215
18369,20,-82,363
18374,-84,-155,146
18379,-133,135,229
18384,94,-129,438
18389,-95,-79,158
18394,-87,134,217
18399,113,-147,406
18404,-98,31,169
18409,-15,58,256
18414,17,-144,265
18419,-163,90,203
18424,73,-41,362
18429,-85,-163,148
18434,-151,137,229
18439,107,-115,439
18444,-90,-114,147
18449,-31,159,232
18454,17,-169,430
18459,-155,-26,157
18464,87,96,251
18469,-63,-183,292
18474,-126,77,200
18479,97,-3,321
18484,-37,-182,168
18489,-69,153,227
18494,3,-120,414
18499,3,-120,414
18504,-117,-151,142
18509,4,165,246
18514,-18,-163,423
18519,-119,-55,163
18524,12,117,235
18529,61,-169,362
18534,-66,48,197
18539,-31,22,264
18544,36,-143,228
18549,-84,111,224
18554,-14,-96,373
18559,-69,-149,151
18564,-95,147,242
18569,57,-162,441
18574,-97,-58,163
18579,-47,114,221
18584,73,-166,366
18589,-77,49,187
18594,-20,23,282
18599,68,-151,216
18604,-53,138,227
18609,-18,-99,383
18614,-70,-148,156
18619,-25,162,234
18624,-25,-168,423
18629,-133,-57,158
18634,25,126,239
18639,42,-176,337
18644,-69,61,188
18649,-8,22,291
18654,51,-159,217
18659,-74,133,221
18664,-17,-93,369
18669,-75,-153,149
18674,-140,141,232
18679,98,-125,449
18684,-77,-92,150
18689,-68,146,215
18694,48,-164,418
18699,-168,-22,152
18704,92,85,245
18709,-52,-173,296
18714,-126,63,190
18719,69,-1,315
18724,-12,-175,178
18729,-42,132,245
18734,-35,-117,401
18739,-91,-148,145
18744,-33,155,233
18749,12,-157,435
18754,-111,-61,160
18759,-30,122,222
18764,-30,122,222
18769,101,-151,372
18774,-68,45,179
18779,-28,45,259
18784,27,-138,259
18789,-154,90,199
18794,99,-37,361
18799,-59,-172,158
18804,-111,142,229
18809,52,-121,420
18814,-100,-139,145
18819,11,177,245
18824,-15,-169,435
18829,-125,-59,153
18834,-35,126,234
18839,105,-150,381
18844,-92,38,164
18849,-34,50,257
18854,44,-135,262
18859,-155,92,206
18864,49,-58,363
18869,-72,-158,150
18874,-149,134,232
18879,116,-115,448
18884,-76,-96,144
18889,-63,156,220
18894,64,-157,412
18899,-153,-12,156
18904,67,79,254
18909,-61,-164,290
18914,-127,66,201
18919,85,1,311
18924,6,-169,188
18929,-59,136,240
18934,-39,-105,387
18939,-82,-152,146
18944,-115,140,241
18949,110,-128,452
18954,-68,-85,145
18959,-68,150,218
18964,53,-163,422
18969,-167,-27,155
18974,82,98,247
18979,-37,-169,309
18984,-120,63,185
18989,21,20,307
18994,55,-150,213
18999,-82,122,217
19004,14,-86,378
19009,-92,-163,151
19014,-153,127,235
[FEATURES] f0=-31145 f1=76668 f2=82752 f3=-178000 f4=116000 f5=294000 f6=64124 f7=-26105 f8=120852 f9=123639 f10=-193000 f11=177000 f12=370000 f13=111327 f14=259825 f15=93174 f16=276026 f17=142000 f18=452000 f19=310000 f20=77264
[SCALED_FEATURES] f0=-649 f1=265 f2=229 f3=-435 f4=238 f5=339 f6=256 f7=-2542 f8=-349 f9=-338 f10=365 f11=-334 f12=-350 f13=-329 f14=300 f15=714 f16=313 f17=-342 f18=1068 f19=743 f20=615
[FEATURES_X] mean=-31145 std=76668 rms=82752 min=-178000 max=116000 p2p=294000 mad=64124
[FEATURES_Y] mean=-26105 std=120852 rms=123639 min=-193000 max=177000 p2p=370000 mad=111327
[FEATURES_Z] mean=259825 std=93174 rms=276026 min=142000 max=452000 p2p=310000 mad=77264
[CLASS] CLASS=normal ID=0 scores_x1000=[7347,-1203,-1523,-4620]
[CLASS_STATS] condition=normal total_windows=19
predicted_count=[19,0,0,0]
correct_windows=19
accuracy_x1000=1000
current_prediction=0
[CLASS_TIMING] sample_interval_ms=5 window_acquisition_ms=898 feature_extract_ms=8 inference_ms=0 total_cycle_ms=971
19117,-108,129,214
19119,-108,129,214
19122,118,-146,406
19125,118,-146,406
19127,-163,-4,148
19130,-163,-4,148
19132,53,90,248
19135,53,90,248
19137,-39,-162,301
19140,-39,-162,301
19143,-116,73,183
19145,-116,73,183
19148,48,3,312
19150,48,3,312
19152,38,-157,206
19155,38,-157,206
19157,-90,121,203
19160,-90,121,203
19163,20,-74,368
19165,20,-74,368
19168,-84,-160,153
19170,-84,-160,153
19173,-137,135,228
19176,-137,135,228
19178,55,-125,414
19181,55,-125,414
19183,-96,-149,150
19186,-96,-149,150
19189,-11,175,236
19191,-11,175,236
19194,51,-148,441
19196,51,-148,441
19199,-104,-73,153
19202,-104,-73,153
19204,-83,145,220
19207,-83,145,220
19209,83,-143,412
19212,83,-143,412
19215,-146,-11,150
19217,-146,-11,150
19220,88,104,251
19224,-13,-167,320
19229,-99,57,181
19234,-28,22,273
19239,23,-142,256
19244,-141,85,198
19249,101,-14,350
19254,-21,-177,170
19259,-70,139,226
19264,-17,-101,383
19269,-85,-159,144
19274,-124,130,234
19279,109,-122,435
19284,109,-122,435
19289,-82,-124,150
19294,-17,161,241
19299,7,-158,436
19304,-120,-74,150
19309,-80,131,217
19314,87,-144,411
19319,-130,-11,164
19324,83,100,243
19329,11,-160,333
19334,-96,46,190
19339,-31,36,264
19344,0,-138,267
19349,-151,78,207
19354,88,-1,323
19359,19,-167,196
19364,-52,137,227
19369,33,-76,367
19374,-62,-157,152
19379,-131,134,236
19384,36,-127,427
19389,-90,-152,141
19394,-66,155,238
19399,97,-137,455
19404,-82,-104,140
19409,-35,162,223
19414,1,-159,441
19419,-137,-70,151
19424,-65,128,214
19429,90,-142,413
19434,-139,-22,151
19439,67,104,240
19444,55,-169,347
19449,-92,34,175
19454,-2,61,245
19459,-54,-166,310
19464,-106,58,186
19469,-10,26,270
19474,-19,-148,269
19479,-134,72,191
19484,48,12,305
19489,35,-146,239
19494,-132,83,195
19499,101,-24,345
19504,-1,-172,174
19509,-90,122,229
19514,28,-93,380
19519,-117,-168,147
19524,-145,126,231
19529,15,-114,412
19534,-95,-156,145
19539,-95,-156,145
19544,-82,153,236
19549,101,-135,447
19554,-73,-111,143
19559,-40,162,225
19564,-18,-165,435
19569,-127,-58,157
19574,-34,135,235
19579,107,-144,402
19584,-106,15,159
19589,45,79,248
19594,-57,-162,296
19599,-128,66,188
19604,26,16,312
19609,56,-154,209
19614,-97,112,210
19619,41,-76,372
19624,-86,-160,149
19629,-153,128,235
19634,89,-123,434
19639,-98,-134,144
19644,-10,160,246
19649,-30,-165,427
19654,-146,-53,157
19659,33,113,237
19664,83,-176,350
19669,-90,59,180
19674,-38,18,267
19679,43,-135,252
19684,-122,97,201
19689,62,-55,351
19694,-94,-163,146
19699,-136,129,230
19704,67,-117,425
19709,-108,-129,142
19714,-19,163,240
19719,-40,-173,422
19724,-149,-56,161
19729,-4,123,245
19734,116,-162,364
19739,-78,45,170
19744,-11,49,264
19749,-11,-148,276
19754,-158,70,195
19759,99,0,323
19764,8,-178,186
19769,-49,140,230
19774,-9,-103,387
19779,-79,-162,143
19784,-155,128,225
19789,82,-121,427
19794,-74,-133,155
19799,-74,-133,155
19804,-7,174,240
19809,15,-170,444
19814,-118,-67,154
19819,-65,134,223
19824,92,-144,410
19829,-136,-7,154
19834,71,90,249
19839,-26,-175,314
19844,-103,50,188
19849,-27,24,271
19854,51,-137,250
19859,-143,86,195
19864,105,-22,352
19869,-57,-184,159
19874,-87,138,235
19879,-17,-104,390
19884,-83,-153,148
19889,-125,135,241
19894,113,-115,449
19899,-83,-120,144
19904,-15,166,238
19909,-12,-161,433
19914,-136,-65,151
19919,-58,134,226
19924,102,-143,404
19929,-126,5,154
19934,77,90,251
19939,-24,-166,311
19944,-107,65,181
19949,-28,20,278
19954,32,-142,253
19959,-143,84,198
19964,100,-18,353
19969,-24,-173,162
19974,-83,134,223
19979,-8,-112,398
19984,-99,-148,151
19989,-76,144,239
19994,95,-134,444
19999,-75,-78,142
20004,-67,150,227
20009,4,-164,433
20014,-181,-55,149
[FEATURES] f0=-32770 f1=79941 f2=86397 f3=-181000 f4=118000 f5=299000 f6=69084 f7=-29280 f8=118954 f9=122505 f10=-184000 f11=175000 f12=359000 f13=108898 f14=258600 f15=96241 f16=275928 f17=140000 f18=455000 f19=315000 f20=80661
[SCALED_FEATURES] f0=-864 f1=329 f2=307 f3=-470 f4=260 f5=367 f6=370 f7=-2972 f8=-360 f9=-345 f10=404 f11=-342 f12=-373 f13=-344 f14=161 f15=766 f16=310 f17=-367 f18=1100 f19=773 f20=679
[FEATURES_X] mean=-32770 std=79941 rms=86397 min=-181000 max=118000 p2p=299000 mad=69084
[FEATURES_Y] mean=-29280 std=118954 rms=122505 min=-184000 max=175000 p2p=359000 mad=108898
[FEATURES_Z] mean=258600 std=96241 rms=275928 min=140000 max=455000 p2p=315000 mad=80661
[CLASS] CLASS=normal ID=0 scores_x1000=[7434,-1283,-2360,-3790]
[CLASS_STATS] condition=normal total_windows=20
predicted_count=[20,0,0,0]
correct_windows=20
accuracy_x1000=1000
current_prediction=0
[CLASS_TIMING] sample_interval_ms=5 window_acquisition_ms=897 feature_extract_ms=8 inference_ms=0 total_cycle_ms=970
20117,-110,64,184
20119,-110,64,184
20122,-16,29,280
20124,-16,29,280
20127,49,-142,246
20129,49,-142,246
20132,-124,100,194
20135,-124,100,194
20137,100,-28,353
20140,100,-28,353
20142,-44,-178,159
20145,-44,-178,159
20148,-77,147,223
20150,-77,147,223
20153,-38,-111,392
20155,-38,-111,392
20158,-100,-156,147
20161,-100,-156,147
20164,-105,145,236
20166,-105,145,236
20169,105,-119,446
20172,-71,-107,143
20174,-71,-107,143
20177,-20,157,235
20179,-20,157,235
20182,-21,-163,423
20185,-21,-163,423
20187,-143,-56,150
20190,-143,-56,150
20193,-58,130,220
20195,-58,130,220
20198,108,-137,396
20200,108,-137,396
20203,-125,-5,158
20206,-125,-5,158
20208,54,87,254
20211,54,87,254
20213,-30,-174,311
20216,-30,-174,311
20218,-110,62,184
20221,-110,62,184
20224,-19,32,264
20229,23,-137,265
20234,-166,80,190
20239,111,-6,335
20244,-20,-181,182
20249,-72,134,223
20254,6,-87,376
20259,-81,-166,146
20264,-167,119,231
20269,66,-124,432
20274,-97,-144,142
20279,-36,169,232
20284,70,-154,448
20289,-97,-87,148
20294,-63,142,221
20299,-4,-160,432
20304,-161,-55,154
20309,24,127,239
20314,106,-145,389
20319,106,-145,389
20324,-98,11,157
20329,30,77,254
20334,-39,-161,302
20339,-122,61,183
20344,-7,21,285
20349,35,-135,251
20354,-118,82,202
20359,104,-29,362
20364,-56,-169,159
20369,-84,127,234
20374,-23,-109,387
20379,-92,-153,150
20384,-148,131,226
20389,105,-121,456
20394,-88,-119,152
20399,-23,164,239
20404,-18,-163,428
20409,-134,-58,154
20414,-32,125,232
20419,116,-138,394
20424,-102,20,169
20429,45,75,250
20434,-55,-162,299
20439,-126,65,193
20444,14,9,303
20449,30,-151,214
20454,-75,115,208
20459,41,-60,356
20464,-79,-164,145
20469,-131,137,233
20474,24,-128,431
20479,-85,-141,142
20484,-42,159,230
20489,78,-148,453
20494,-78,-81,150
20499,-75,138,230
20504,31,-160,421
20509,-177,-23,152
20514,84,106,233
20519,18,-173,342
20524,-100,51,186
20529,-27,28,267
20534,33,-138,257
20539,-158,86,199
20544,92,-35,362
20549,-72,-183,150
20554,-100,142,236
20559,4,-119,421
20564,-87,-153,144
20569,-29,171,237
20574,37,-160,440
20579,-113,-73,152
20584,-113,-73,152
20589,-87,136,221
20594,98,-143,409
20599,-148,-19,162
20604,70,89,250
20609,-45,-165,303
20614,-104,53,197
20619,22,17,317
20624,52,-166,205
20629,-67,129,218
20634,-2,-91,378
20639,-65,-155,153
20644,-143,133,229
20649,114,-123,449
20654,-81,-89,154
20659,-78,144,228
20664,75,-149,416
20669,-148,-21,158
20674,74,86,260
20679,-61,-169,289
20684,-147,74,191
20689,95,3,325
20694,-1,-183,180
20699,-65,143,225
20704,-26,-109,388
20709,-87,-148,147
20714,-77,148,236
20719,92,-140,444
20724,-79,-78,155
20729,-73,136,223
20734,41,-160,417
20739,-168,-38,149
20744,87,107,241
20749,5,-176,322
20754,-87,52,184
20759,-12,32,272
20764,63,-142,240
20769,-133,95,201
20774,72,-49,353
20779,-58,-165,147
20784,-103,137,233
20789,26,-121,421
20794,-81,-141,148
20799,-29,159,231
20804,33,-158,449
20809,-100,-69,164
20814,-64,131,226
20819,100,-139,408
20824,-106,7,159
20829,26,65,247
20834,-41,-156,288
20839,-144,71,197
20844,-144,71,197
20849,97,-2,327
20854,-33,-176,170
20859,-77,146,229
20864,-24,-114,406
20869,-97,-151,145
20874,-24,170,234
20879,7,-168,432
20884,-141,-52,163
20889,-8,128,230
20894,101,-161,356
20899,-83,56,179
20904,-25,29,267
20909,70,-134,244
20914,-100,102,206
20919,52,-66,363
20924,-86,-157,151
20929,-135,130,233
20934,113,-116,441
20939,-90,-106,144
20944,-38,160,232
20949,-24,-165,423
20954,-170,-41,163
20959,59,112,232
20964,66,-174,346
20969,-95,54,173
20974,-24,36,262
20979,47,-137,261
20984,-139,91,198
20989,95,-28,360
20994,-52,-183,157
20999,-94,141,229
21004,-5,-119,404
21009,-95,-145,143
21014,-52,154,233
[FEATURES] f0=-34130 f1=78291 f2=85407 f3=-177000 f4=116000 f5=293000 f6=66072 f7=-26440 f8=119009 f9=121911 f10=-183000 f11=171000 f12=354000 f13=108509 f14=256820 f15=94503 f16=273655 f17=142000 f18=456000 f19=314000 f20=78601
[SCALED_FEATURES] f0=-1044 f1=297 f2=286 f3=-423 f4=238 f5=333 f6=301 f7=-2587 f8=-360 f9=-348 f10=408 f11=-358 f12=-384 f13=-347 f14=-41 f15=736 f16=226 f17=-342 f18=1111 f19=767 f20=640
[FEATURES_X] mean=-34130 std=78291 rms=85407 min=-177000 max=116000 p2p=293000 mad=66072
[FEATURES_Y] mean=-26440 std=119009 rms=121911 min=-183000 max=171000 p2p=354000 mad=108509
[FEATURES_Z] mean=256820 std=94503 rms=273655 min=142000 max=456000 p2p=314000 mad=78601
[CLASS] CLASS=normal ID=0 scores_x1000=[7422,-1311,-2820,-3290]
[CLASS_STATS] condition=normal total_windows=21
predicted_count=[21,0,0,0]
correct_windows=21
accuracy_x1000=1000
current_prediction=0
[CLASS_TIMING] sample_interval_ms=5 window_acquisition_ms=897 feature_extract_ms=8 inference_ms=0 total_cycle_ms=970
21117,-87,142,233
21119,-87,142,233
21122,119,-121,445
21124,119,-121,445
21127,-73,-124,138
21130,-73,-124,138
21132,-35,171,234
21135,43,-160,445
21138,43,-160,445
21140,-100,-84,142
21143,-100,-84,142
21145,-57,156,233
21148,-57,156,233
21151,-10,-165,435
21153,-10,-165,435
21156,-145,-58,152
21159,-145,-58,152
21161,-56,133,229
21164,-56,133,229
21166,52,-147,432
21169,52,-147,432
21172,-160,-47,148
21174,-160,-47,148
21177,-6,125,236
21179,-6,125,236
21182,97,-143,410
21184,97,-143,410
21187,-138,-26,154
21190,-138,-26,154
21192,44,124,242
21195,44,124,242
21197,115,-146,387
21200,115,-146,387
21203,-120,-4,150
21205,-120,-4,150
21208,71,106,243
21210,71,106,243
21213,104,-152,375
21215,104,-152,375
21218,-92,22,155
21220,-92,22,155
21224,58,84,257
21229,42,-164,344
21234,-108,49,170
21239,2,55,255
21244,-61,-167,294
21249,-132,55,179
21254,-18,34,266
21259,-43,-150,282
21264,-143,69,184
21269,-2,20,291
21274,4,-137,263
21279,-156,67,186
21284,32,22,313
21289,20,-143,254
21294,-144,78,194
21299,65,9,324
21304,48,-150,229
21309,-138,86,179
21314,102,0,336
21319,57,-166,206
21324,-99,99,202
21329,114,-24,359
21334,13,-172,186
21339,-85,112,209
21344,97,-48,359
21349,-17,-173,168
21354,-82,126,216
21359,-82,126,216
21364,56,-57,367
21369,-60,-178,158
21374,-87,129,221
21379,46,-67,377
21384,-75,-171,147
21389,-109,129,220
21394,11,-82,373
21399,-83,-168,152
21404,-106,128,225
21409,-13,-94,384
21414,-59,-164,149
21419,-100,137,227
21424,-7,-95,385
21429,-106,-174,142
21434,-111,135,220
21439,-9,-94,382
21444,-94,-172,149
21449,-107,127,225
21454,6,-93,383
21459,-74,-168,154
21464,-105,130,221
21469,22,-85,377
21474,-79,-173,150
21479,-106,131,222
21484,25,-80,377
21489,-89,-179,148
21494,-86,134,226
21499,23,-84,372
21504,-65,-163,152
21509,-101,130,227
21514,28,-83,372
21519,-66,-160,149
21524,-100,131,228
21529,8,-92,370
21534,-90,-161,145
21539,-120,128,224
21544,0,-94,382
21549,-100,-169,149
21554,-128,134,225
21559,-19,-104,392
21564,-94,-163,144
21569,-122,136,227
21574,-7,-112,408
21579,-113,-159,139
21584,-131,122,239
21589,24,-122,434
21594,-109,-163,129
21599,-126,134,236
21604,77,-119,435
21609,-80,-154,144
21614,-94,146,237
21619,-94,146,237
21624,118,-116,452
21629,-68,-137,144
21634,-40,168,235
21639,104,-134,460
21644,-56,-114,141
21649,-37,160,238
21654,76,-156,455
21659,-93,-92,145
21664,-44,166,234
21669,-16,-161,438
21674,-91,-79,154
21679,-69,137,227
21684,-33,-164,438
21689,-141,-60,153
21694,-71,136,223
21699,24,-149,425
21704,-157,-41,153
21709,-3,126,233
21714,101,-133,404
21719,-123,-19,156
21724,48,116,233
21729,99,-156,382
21734,-103,3,150
21739,58,101,251
21744,67,-159,351
21749,-80,36,172
21754,21,68,252
21759,-38,-165,302
21764,-125,49,173
21769,-27,41,261
21774,-73,-161,290
21779,-153,52,183
21784,-21,35,274
21789,-28,-148,273
21794,-134,64,189
21799,12,23,303
21804,-7,-142,262
21809,-141,76,185
21814,52,13,317
21819,47,-143,240
21824,-128,79,192
21829,96,5,328
21834,51,-154,217
21839,-105,97,192
21844,133,-12,351
21849,38,-166,194
21854,-101,121,205
21859,93,-40,361
21864,-32,-167,152
21869,-104,128,222
21874,16,-85,380
21879,16,-85,380
21884,-91,-166,149
21889,-110,130,231
21894,-18,-106,387
21899,-100,-163,142
21904,-139,130,232
21909,33,-122,420
21914,-88,-150,136
21919,-67,146,233
21924,108,-113,456
21929,-77,-124,141
21934,-47,165,239
21939,47,-151,452
21944,-98,-86,149
21949,-68,147,236
21954,-19,-166,436
21959,-162,-60,153
21964,-62,132,222
21969,69,-145,414
21974,-156,-34,150
21979,62,120,238
21984,103,-156,375
21989,-78,25,166
21994,37,74,250
21999,-33,-166,308
22004,-122,55,188
22009,-23,30,259
22014,-11,-144,272
[FEATURES] f0=-34345 f1=78353 f2=85550 f3=-162000 f4=133000 f5=295000 f6=67980 f7=-28075 f8=119010 f9=122277 f10=-179000 f11=171000 f12=350000 f13=108868 f14=259195 f15=98536 f16=277293 f17=129000 f18=460000 f19=331000 f20=83447
[SCALED_FEATURES] f0=-1073 f1=298 f2=289 f3=-247 f4=425 f5=344 f6=345 f7=-2809 f8=-360 f9=-346 f10=425 f11=-358 f12=-392 f13=-345 f14=229 f15=805 f16=360 f17=-502 f18=1153 f19=866 f20=732
[FEATURES_X] mean=-34345 std=78353 rms=85550 min=-162000 max=133000 p2p=295000 mad=67980
[FEATURES_Y] mean=-28075 std=119010 rms=122277 min=-179000 max=171000 p2p=350000 mad=108868
[FEATURES_Z] mean=259195 std=98536 rms=277293 min=129000 max=460000 p2p=331000 mad=83447
[CLASS] CLASS=normal ID=0 scores_x1000=[8006,-1365,-2682,-3958]
[CLASS_STATS] condition=normal total_windows=22
predicted_count=[22,0,0,0]
correct_windows=22
accuracy_x1000=1000
current_prediction=0
[CLASS_TIMING] sample_interval_ms=5 window_acquisition_ms=897 feature_extract_ms=8 inference_ms=0 total_cycle_ms=970
22117,93,-142,410
22119,-134,-12,151
22122,-134,-12,151
22125,72,102,241
22127,72,102,241
22130,17,-167,337
22132,17,-167,337
22135,-95,49,189
22137,-95,49,189
22140,-20,26,273
22142,-20,26,273
22145,6,-145,262
22147,6,-145,262
22150,6,-145,262
22152,-155,77,195
22155,-155,77,195
22157,98,-7,324
22160,98,-7,324
22162,30,-165,199
22165,30,-165,199
22167,-77,129,216
22170,-77,129,216
22172,37,-80,377
22175,37,-80,377
22177,-91,-160,147
22180,-91,-160,147
22183,-112,131,228
22185,-112,131,228
22188,24,-126,429
22191,-90,-157,144
22193,-90,-157,144
22196,-86,146,234
22198,-86,146,234
22201,105,-124,449
22204,105,-124,449
22206,-69,-117,147
22209,-69,-117,147
22212,-34,163,240
22214,-34,163,240
22217,53,-159,452
22219,53,-159,452
22224,-117,-91,147
22229,-54,156,229
22234,-25,-164,430
22239,-122,-65,154
22244,-71,133,227
22249,8,-161,433
22254,-176,-58,144
22259,-25,135,231
22264,102,-136,413
22269,-160,-37,146
22274,50,112,231
22279,108,-159,374
22284,-90,19,150
22289,36,85,250
22294,-5,-174,326
22299,-112,46,177
22304,-19,46,261
22309,-57,-167,292
22314,-137,67,183
22319,-5,30,283
22324,26,-143,260
22329,-150,80,189
22334,73,8,317
22339,64,-162,225
22344,-100,94,194
22349,105,-19,352
22354,7,-174,189
22359,-87,132,214
22364,45,-70,369
22369,-91,-174,151
22374,-118,132,223
22379,-5,-103,386
22384,-117,-176,143
22389,-129,132,232
22394,-129,132,232
22399,38,-125,417
22404,-95,-156,146
22409,-76,145,236
22414,105,-121,454
22419,-65,-116,148
22424,-34,166,245
22429,15,-167,441
22434,-123,-72,158
22439,-66,141,226
22444,43,-159,415
22449,-170,-36,147
22454,28,123,233
22459,94,-162,376
22464,-80,27,166
22469,10,73,253
22474,-42,-162,299
22479,-127,71,186
22484,32,19,307
22489,50,-152,229
22494,-93,100,203
22499,60,-50,354
22504,-72,-168,151
22509,-125,139,226
22514,7,-118,420
22519,-92,-153,148
22524,-58,154,236
22529,79,-141,444
22534,-55,-83,154
22539,-62,150,227
22544,16,-164,438
22549,-178,-56,152
22554,41,122,237
22559,106,-155,379
22564,-69,24,166
22569,12,73,252
22574,-56,-166,293
22579,-139,70,185
22584,-2,24,283
22589,26,-138,251
22594,-127,75,201
22599,111,-22,349
22604,4,-167,181
22609,-81,128,224
22614,15,-83,375
22619,-79,-169,152
22624,-138,134,234
22629,52,-119,428
22634,-107,-155,140
22639,-44,160,229
22644,82,-145,447
22649,-65,-78,154
22654,-65,-78,154
22659,-68,146,224
22664,-2,-169,433
22669,-165,-51,159
22674,36,124,237
22679,108,-157,366
22684,-78,45,177
22689,-20,45,256
22694,2,-152,279
22699,-159,88,202
22704,114,-15,347
22709,-49,-183,153
22714,-110,153,220
22719,-12,-121,415
22724,-97,-139,144
22729,-41,160,232
22734,48,-156,442
22739,-118,-75,151
22744,-65,136,220
22749,111,-139,405
22754,-125,-3,160
22759,44,79,249
22764,-48,-168,298
22769,-146,67,189
22774,39,11,311
22779,56,-154,215
22784,-60,126,217
22789,28,-89,373
22794,-96,-163,147
22799,-138,124,232
22804,83,-121,429
22809,-90,-135,140
22814,-12,177,235
22819,0,-161,437
22824,-131,-61,156
22829,-67,126,218
22834,105,-139,396
22839,-100,9,163
22844,42,84,250
22849,-62,-160,304
22854,-150,63,195
22859,35,10,317
22864,56,-153,215
22869,-61,132,214
22874,26,-75,376
22879,-91,-171,151
22884,-165,127,230
22889,71,-122,427
22894,-94,-136,146
22899,-17,163,237
22904,-7,-163,432
22909,-7,-163,432
22914,-137,-56,154
22919,-66,117,219
22924,92,-139,405
22929,-122,-6,154
22934,50,75,259
22939,-46,-168,301
22944,-141,65,192
22949,19,20,307
22954,37,-148,232
22959,-95,105,203
22964,68,-47,365
22969,-70,-168,151
22974,-105,133,232
22979,13,-125,417
22984,-120,-155,139
22989,-73,147,235
22994,74,-148,442
22999,-81,-92,143
23004,-78,148,227
23009,35,-162,424
23014,-158,-34,159
[FEATURES] f0=-32770 f1=78510 f2=85075 f3=-178000 f4=114000 f5=292000 f6=68783 f7=-29510 f8=119687 f9=123272 f10=-183000 f11=177000 f12=360000 f13=109494 f14=259650 f15=96988 f16=277172 f17=139000 f18=454000 f19=315000 f20=81299
[SCALED_FEATURES] f0=-864 f1=301 f2=279 f3=-435 f4=215 f5=327 f6=363 f7=-3004 f8=-356 f9=-340 f10=408 f11=-334 f12=-371 f13=-341 f14=280 f15=779 f16=355 f17=-379 f18=1089 f19=773 f20=691
[FEATURES_X] mean=-32770 std=78510 rms=85075 min=-178000 max=114000 p2p=292000 mad=68783
[FEATURES_Y] mean=-29510 std=119687 rms=123272 min=-183000 max=177000 p2p=360000 mad=109494
[FEATURES_Z] mean=259650 std=96988 rms=277172 min=139000 max=454000 p2p=315000 mad=81299
[CLASS] CLASS=normal ID=0 scores_x1000=[7626,-1279,-2324,-4022]
[CLASS_STATS] condition=normal total_windows=23
predicted_count=[23,0,0,0]
correct_windows=23
accuracy_x1000=1000
current_prediction=0
[CLASS_TIMING] sample_interval_ms=5 window_acquisition_ms=897 feature_extract_ms=8 inference_ms=0 total_cycle_ms=970
23117,-94,106,214
23119,19,-69,373
23122,19,-69,373
23124,-85,-157,141
23127,-85,-157,141
23130,-149,126,236
23132,-149,126,236
23135,97,-117,445
23137,97,-117,445
23140,-58,-111,146
23143,-58,-111,146
23145,-38,162,233
23148,-38,162,233
23150,-1,-162,427
23153,-1,-162,427
23156,-168,-36,156
23158,-168,-36,156
23161,66,111,234
23163,66,111,234
23166,42,-163,350
23168,42,-163,350
23171,-94,57,183
23173,-94,57,183
23176,-25,34,268
23178,-25,34,268
23181,39,-141,250
23184,39,-141,250
23186,-106,87,203
23189,-106,87,203
23191,66,-54,362
23194,66,-54,362
23196,-78,-169,148
23199,-78,-169,148
23201,-130,135,238
23204,-130,135,238
23207,44,-128,426
23209,44,-128,426
23212,-92,-140,152
23215,-92,-140,152
23217,0,175,238
23220,0,175,238
23224,9,-164,437
23229,-129,-61,161
23234,-66,124,221
23239,121,-140,405
23244,-99,13,165
23249,26,79,259
23254,-55,-171,296
23259,-163,65,188
23264,42,14,317
23269,48,-157,214
23274,-70,122,209
23279,37,-69,367
23284,-76,-163,148
23289,-135,127,236
23294,82,-122,429
23299,-77,-128,145
23304,-18,173,243
23309,-28,-171,424
23314,-162,-48,157
23319,2,119,239
23324,96,-165,367
23329,-72,43,174
23334,-26,40,256
23339,-15,-148,270
23344,-147,79,198
23349,122,-5,345
23354,-19,-181,170
23359,-101,149,225
23364,-8,-111,394
23369,-91,-148,146
23374,-82,149,245
23379,80,-146,444
23384,-65,-76,153
23389,-64,146,221
23394,43,-159,421
23399,-165,-29,161
23404,81,109,239
23409,3,-177,328
23414,-124,60,189
23419,1,19,286
23424,1,19,286
23429,44,-149,216
23434,-66,105,221
23439,29,-73,367
23444,-89,-164,146
23449,-136,132,235
23454,48,-122,425
23459,-109,-145,148
23464,-11,170,239
23469,11,-165,444
23474,-133,-68,155
23479,-58,137,221
23484,101,-140,408
23489,-128,-6,164
23494,73,102,245
23499,-11,-165,311
23504,-137,66,179
23509,-8,26,284
23514,29,-133,237
23519,-97,96,212
23524,81,-40,357
23529,-59,-170,155
23534,-124,142,232
23539,6,-117,415
23544,-96,-156,139
23549,-48,145,239
23554,88,-136,447
23559,-52,-87,144
23564,-64,157,225
23569,-15,-170,434
23574,-168,-52,156
23579,-28,132,229
23584,91,-148,409
23589,-109,3,161
23594,55,97,245
23599,1,-166,319
23604,-101,52,184
23609,-20,33,265
23614,-14,-144,265
23619,-171,71,195
23624,83,-8,321
23629,37,-174,205
23634,-62,130,222
23639,22,-78,378
23644,-83,-167,148
23649,-132,131,232
23654,31,-121,423
23659,-100,-154,140
23664,-56,151,232
23669,82,-142,450
23674,-50,-102,141
23679,-58,165,227
23684,-58,165,227
23689,-12,-167,435
23694,-169,-57,154
23699,-58,120,216
23704,80,-145,413
23709,-118,3,158
23714,61,96,251
23719,27,-170,345
23724,-98,56,186
23729,-16,45,268
23734,-3,-140,265
23739,-168,76,199
23744,105,-2,328
23749,18,-178,191
23754,-70,129,222
23759,8,-87,378
23764,-79,-158,143
23769,-154,131,243
23774,87,-117,431
23779,-88,-132,149
23784,14,167,241
23789,0,-159,432
23794,-152,-56,151
23799,-42,131,224
23804,96,-141,399
23809,-112,4,157
23814,55,85,247
23819,-29,-171,313
23824,-131,61,180
23829,-4,32,282
23834,21,-142,235
23839,-126,88,198
23844,94,-24,351
23849,-35,-176,160
23854,-94,139,228
23859,-6,-100,386
23864,-114,-159,144
23869,-97,137,234
23874,108,-118,444
23879,-82,-122,139
23884,-33,169,235
23889,7,-158,432
23894,-127,-69,153
23899,-79,131,224
23904,67,-149,411
23909,-142,-15,155
23914,74,108,243
23919,33,-177,333
23924,-96,58,181
23929,-34,31,265
23934,3,-145,273
23939,-156,71,206
23944,-156,71,206
23949,80,1,315
23954,17,-171,209
23959,-77,114,207
23964,65,-60,363
23969,-48,-179,157
23974,-99,140,226
23979,-7,-97,383
23984,-101,-156,144
23989,-134,127,239
23994,49,-120,427
23999,-100,-151,140
24004,-79,137,238
24009,97,-126,451
24014,-70,-122,142
[FEATURES] f0=-33635 f1=77391 f2=84384 f3=-171000 f4=122000 f5=293000 f6=66648 f7=-26580 f8=120145 f9=123050 f10=-181000 f11=175000 f12=356000 f13=110069 f14=259530 f15=95995 f16=276714 f17=139000 f18=451000 f19=312000 f20=80173
[SCALED_FEATURES] f0=-979 f1=279 f2=264 f3=-353 f4=304 f5=333 f6=314 f7=-2606 f8=-353 f9=-342 f10=417 f11=-342 f12=-379 f13=-337 f14=267 f15=762 f16=338 f17=-379 f18=1057 f19=755 f20=670
[FEATURES_X] mean=-33635 std=77391 rms=84384 min=-171000 max=122000 p2p=293000 mad=66648
[FEATURES_Y] mean=-26580 std=120145 rms=123050 min=-181000 max=175000 p2p=356000 mad=110069
[FEATURES_Z] mean=259530 std=95995 rms=276714 min=139000 max=451000 p2p=312000 mad=80173
[CLASS] CLASS=normal ID=0 scores_x1000=[7586,-1357,-2473,-3755]
[CLASS_STATS] condition=normal total_windows=24
predicted_count=[24,0,0,0]
correct_windows=24
accuracy_x1000=1000
current_prediction=0
[CLASS_TIMING] sample_interval_ms=5 window_acquisition_ms=897 feature_extract_ms=8 inference_ms=0 total_cycle_ms=970
24117,-9,-163,320
24119,-120,50,177
24122,-120,50,177
24124,-23,46,266
24127,-23,46,266
24129,-48,-155,296
24132,-48,-155,296
24135,-143,67,186
24137,-143,67,186
24140,10,37,283
24142,10,37,283
24145,7,-140,267
24147,7,-140,267
24150,-140,77,190
24152,-140,77,190
24155,76,9,325
24157,76,9,325
24159,60,-159,220
24162,60,-159,220
24164,-96,102,202
24167,-96,102,202
24170,91,-25,358
24172,91,-25,358
24175,0,-186,180
24177,0,-186,180
24180,-115,129,211
24182,-115,129,211
24185,20,-85,373
24187,20,-85,373
24190,-78,-167,155
24192,-78,-167,155
24195,-132,134,226
24198,-132,134,226
24200,-12,-108,387
24203,-12,-108,387
24206,-103,-157,142
24209,-103,-157,142
24211,-124,137,236
24214,-124,137,236
24217,43,-119,429
24219,43,-119,429
24224,-83,-154,153
24229,-84,131,241
24234,105,-121,454
24239,-65,-135,151
24244,-40,163,239
24249,71,-154,451
24254,-68,-103,151
24259,-58,156,230
24264,11,-159,435
24269,-105,-75,149
24274,-67,155,225
24279,-14,-170,435
24284,-150,-59,151
24289,-72,137,224
24294,17,-162,424
24299,-172,-50,149
24304,-36,131,224
24309,73,-149,424
24314,-160,-35,153
24319,28,130,238
24324,115,-144,401
24329,-115,-10,146
24334,65,111,245
24339,75,-161,362
24344,-83,30,156
24349,23,80,248
24354,-3,-167,321
24359,-110,49,170
24364,-23,47,259
24369,-70,-166,286
24374,-140,64,185
24379,-11,39,280
24384,-4,-145,262
24389,-161,73,192
24394,52,21,315
24399,25,-153,229
24404,-123,85,192
24409,95,-3,335
24414,38,-167,202
24419,-96,96,208
24424,95,-35,362
24429,-5,-174,177
24434,-83,129,216
24439,52,-67,364
24444,-84,-179,148
24449,-126,131,228
24454,16,-95,392
24459,16,-95,392
24464,-107,-166,149
24469,-133,136,233
24474,16,-120,423
24479,-112,-161,136
24484,-100,134,239
24489,96,-116,440
24494,-52,-152,153
24499,-55,152,237
24504,128,-118,461
24509,-64,-136,148
24514,-24,171,232
24519,109,-135,454
24524,-57,-107,140
24529,-33,162,235
24534,67,-152,446
24539,-72,-98,145
24544,-46,159,236
24549,18,-165,441
24554,-92,-89,155
24559,-76,145,228
24564,-14,-165,438
24569,-139,-75,150
24574,-87,138,224
24579,6,-160,431
24584,-155,-57,150
24589,-18,137,230
24594,67,-143,409
24599,-136,-29,160
24604,30,121,233
24609,110,-144,401
24614,-101,-2,149
24619,62,106,239
24624,106,-162,367
24629,-82,22,150
24634,51,93,254
24639,36,-166,337
24644,-118,38,163
24649,11,70,258
24654,-30,-163,321
24659,-115,52,180
24664,-16,45,263
24669,-54,-163,292
24674,-135,68,183
24679,-12,32,284
24684,-12,-143,257
24689,-153,75,196
24694,47,14,309
24699,19,-144,241
24704,-128,81,192
24709,92,3,332
24714,92,3,332
24719,54,-166,214
24724,-79,98,203
24729,107,-19,353
24734,22,-178,189
24739,-87,121,208
24744,88,-51,367
24749,-44,-183,163
24754,-101,136,213
24759,46,-70,368
24764,-78,-174,155
24769,-122,144,227
24774,-1,-98,391
24779,-93,-163,147
24784,-134,128,230
24789,8,-115,409
24794,-84,-156,150
24799,-114,126,232
24804,88,-109,433
24809,-73,-145,144
24814,-38,167,234
24819,87,-150,447
24824,-54,-86,140
24829,-57,157,236
24834,-17,-171,436
24839,-168,-57,156
24844,-26,131,228
24849,92,-142,409
24854,-113,-15,157
24859,67,109,249
24864,21,-174,336
24869,-104,52,179
24874,-20,43,267
24879,-2,-142,265
24884,-138,72,202
24889,91,1,322
24894,49,-173,193
24899,-87,126,205
24904,26,-80,366
24909,-78,-166,149
24914,-140,135,230
24919,9,-122,411
24924,-100,-158,148
24929,-71,137,239
24934,111,-124,454
24939,-61,-121,142
24944,-47,172,233
24949,24,-158,436
24954,-120,-65,151
24959,-84,132,227
24964,32,-154,407
24969,-149,-41,151
24974,-149,-41,151
24979,45,120,233
24984,111,-154,370
24989,-106,27,163
24994,8,73,245
24999,-47,-160,299
25004,-143,66,181
25009,-3,29,274
25014,-11,-139,256
[FEATURES] f0=-32119 f1=78071 f2=84420 f3=-172000 f4=128000 f5=300000 f6=67698 f7=-28550 f8=118168 f9=121568 f10=-186000 f11=172000 f12=358000 f13=108062 f14=259704 f15=95251 f16=276621 f17=136000 f18=461000 f19=325000 f20=79867
[SCALED_FEATURES] f0=-778 f1=292 f2=265 f3=-365 f4=370 f5=373 f6=338 f7=-2873 f8=-365 f9=-351 f10=395 f11=-354 f12=-375 f13=-350 f14=287 f15=749 f16=335 f17=-416 f18=1164 f19=831 f20=664
[FEATURES_X] mean=-32119 std=78071 rms=84420 min=-172000 max=128000 p2p=300000 mad=67698
[FEATURES_Y] mean=-28550 std=118168 rms=121568 min=-186000 max=172000 p2p=358000 mad=108062
[FEATURES_Z] mean=259704 std=95251 rms=276621 min=136000 max=461000 p2p=325000 mad=79867
[CLASS] CLASS=normal ID=0 scores_x1000=[7662,-1264,-1942,-4455]
[CLASS_STATS] condition=normal total_windows=25
predicted_count=[25,0,0,0]
correct_windows=25
accuracy_x1000=1000
current_prediction=0
[CLASS_TIMING] sample_interval_ms=5 window_acquisition_ms=897 feature_extract_ms=8 inference_ms=0 total_cycle_ms=970
25117,106,-35,357
25119,26,-170,202
25122,26,-170,202
25124,-105,111,196
25127,-105,111,196
25130,124,-5,346
25132,124,-5,346
25135,58,-156,221
25137,58,-156,221
25140,-121,82,187
25142,-121,82,187
25145,89,12,319
25147,89,12,319
25150,15,-140,259
25152,15,-140,259
25155,-157,82,186
25157,-157,82,186
25160,14,25,304
25162,14,25,304
25165,-36,-143,269
25167,-36,-143,269
25170,-155,70,177
25173,-155,70,177
25175,-15,34,277
25178,-15,34,277
25180,-53,-161,301
25183,-53,-161,301
25186,-148,56,167
25188,-148,56,167
25191,-7,56,256
25193,-7,56,256
25195,-45,-163,310
25198,-45,-163,310
25201,-107,48,167
25203,-107,48,167
25206,27,71,249
25208,27,71,249
25211,-2,-159,334
25213,-2,-159,334
25216,-92,38,158
25219,33,78,254
25224,44,-163,345
25229,44,-163,345
25234,-112,30,156
25239,64,88,253
25244,76,-169,360
25249,-107,28,156
25254,72,96,247
25259,95,-162,370
25264,-108,24,157
25269,82,97,247
25274,73,-159,360
25279,-100,27,162
25284,52,88,245
25289,42,-161,336
25294,-109,38,165
25299,41,77,250
25304,16,-166,323
25309,-141,37,164
25314,18,80,258
25319,-6,-164,319
25324,-115,38,170
25329,6,68,253
25334,-48,-162,304
25339,-124,53,171
25344,-11,59,255
25349,-63,-162,299
25354,-135,73,175
25359,-20,35,269
25364,-48,-159,279
25369,-149,69,190
25374,7,21,293
25379,-5,-143,256
25384,-122,75,196
25389,85,13,322
25394,43,-157,224
25399,-90,103,198
25404,116,-18,353
25409,34,-168,188
25414,-100,118,204
25419,102,-47,367
25424,-21,-176,168
25429,-122,128,215
25434,44,-76,375
25439,-89,-183,146
25444,-120,134,222
25449,-8,-103,387
25454,-121,-172,142
25459,-128,138,224
25464,-17,-117,403
25469,-113,-166,143
25474,-134,129,227
25479,15,-121,416
25484,-110,-156,143
25489,-110,-156,143
25494,-115,135,227
25499,50,-119,427
25504,-51,-148,152
25509,-76,142,236
25514,97,-113,449
25519,-49,-137,148
25524,-76,152,240
25529,122,-118,457
25534,-56,-128,146
25539,-63,159,230
25544,124,-121,455
25549,-71,-129,146
25554,-41,163,237
25559,89,-146,455
25564,-63,-102,149
25569,-29,159,243
25574,47,-162,443
25579,-96,-85,141
25584,-49,155,233
25589,-18,-168,435
25594,-154,-75,155
25599,-67,147,231
25604,-2,-167,418
25609,-168,-35,165
25614,4,126,237
25619,102,-148,394
25624,-100,8,149
25629,32,85,250
25634,-8,-171,309
25639,-122,72,186
25644,-13,35,276
25649,24,-134,247
25654,-120,82,192
25659,98,-19,347
25664,-33,-189,157
25669,-120,145,215
25674,-4,-108,399
25679,-95,-157,154
25684,-73,144,238
25689,106,-140,450
25694,-93,-97,149
25699,-59,154,225
25704,14,-165,423
25709,-151,-30,168
25714,54,110,238
25719,29,-175,333
25724,-101,64,184
25729,-11,31,273
25734,37,-143,255
25739,-111,89,197
25744,89,-37,354
25749,89,-37,354
25754,-65,-170,153
25759,-124,140,234
25764,38,-128,422
25769,-80,-133,156
25774,-23,174,238
25779,-5,-167,437
25784,-137,-63,159
25789,-28,135,228
25794,132,-142,390
25799,-92,28,168
25804,8,63,268
25809,-29,-158,278
25814,-154,80,199
25819,95,-9,338
25824,-16,-180,169
25829,-98,155,223
25834,-25,-114,399
25839,-108,-155,139
25844,-66,147,236
25849,80,-147,436
25854,-114,-78,149
25859,-84,131,223
25864,89,-148,408
25869,-120,-9,150
25874,44,93,246
25879,-49,-168,297
25884,-145,63,191
25889,32,18,303
25894,48,-159,224
25899,-79,116,209
25904,24,-82,373
25909,-80,-164,149
25914,-156,128,239
25919,93,-122,437
25924,-83,-121,149
25929,-20,163,234
25934,-17,-170,428
25939,-147,-42,151
25944,-22,119,221
25949,114,-148,388
25954,-74,28,169
25959,26,77,255
25964,-65,-170,285
25969,-154,68,187
25974,19,20,304
25979,53,-146,218
25984,-82,112,201
25989,68,-61,367
25994,-85,-176,150
25999,-126,132,230
26004,-126,132,230
26009,-2,-121,412
26014,-112,-158,147
[FEATURES] f0=-30320 f1=79618 f2=85196 f3=-168000 f4=132000 f5=300000 f6=68706 f7=-27185 f8=116467 f9=119597 f10=-189000 f11=174000 f12=363000 f13=107608 f14=256630 f15=88297 f16=271395 f17=139000 f18=457000 f19=318000 f20=72818
[SCALED_FEATURES] f0=-539 f1=322 f2=281 f3=-318 f4=414 f5=373 f6=361 f7=-2688 f8=-375 f9=-362 f10=382 f11=-346 f12=-365 f13=-353 f14=-62 f15=630 f16=144 f17=-379 f18=1121 f19=790 f20=531
[FEATURES_X] mean=-30320 std=79618 rms=85196 min=-168000 max=132000 p2p=300000 mad=68706
[FEATURES_Y] mean=-27185 std=116467 rms=119597 min=-189000 max=174000 p2p=363000 mad=107608
[FEATURES_Z] mean=256630 std=88297 rms=271395 min=139000 max=457000 p2p=318000 mad=72818
[CLASS] CLASS=normal ID=0 scores_x1000=[6930,-1217,-1282,-4430]
[CLASS_STATS] condition=normal total_windows=26
predicted_count=[26,0,0,0]
correct_windows=26
accuracy_x1000=1000
current_prediction=0
[CLASS_TIMING] sample_interval_ms=5 window_acquisition_ms=897 feature_extract_ms=8 inference_ms=0 total_cycle_ms=970
26117,-60,148,233
26119,-60,148,233
26122,88,-148,449
26124,88,-148,449
26127,-92,-88,149
26130,-92,-88,149
26132,-63,156,220
26135,-63,156,220
26137,-13,-162,427
26140,-13,-162,427
26143,-170,-39,156
26145,-170,-39,156
26148,18,116,235
26150,18,116,235
26153,94,-161,363
26156,94,-161,363
26158,-91,37,180
26161,-91,37,180
26163,-24,40,261
26166,-24,40,261
26168,-1,-145,265
26171,-1,-145,265
26173,-131,77,207
26176,-131,77,207
26178,105,-6,346
26181,105,-6,346
26183,0,-185,172
26186,0,-185,172
26188,-100,141,231
26191,-100,141,231
26194,-16,-109,393
26196,-16,-109,393
26199,-108,-158,138
26202,-108,-158,138
26204,-70,142,244
26207,-70,142,244
26209,75,-147,447
26212,75,-147,447
26215,-92,-79,153
26217,-92,-79,153
26220,-80,144,225
26224,72,-146,416
26229,-141,-22,156
26234,71,97,247
26239,-12,-175,311
26244,-144,62,183
26249,3,22,282
26254,47,-142,244
26259,-111,88,198
26264,-111,88,198
26269,84,-42,357
26274,-57,-178,148
26279,-141,142,232
26284,22,-121,420
26289,-109,-150,145
26294,-39,157,239
26299,85,-146,446
26304,-76,-79,145
26309,-64,151,229
26314,8,-163,420
26319,-165,-33,162
26324,47,118,231
26329,92,-164,364
26334,-59,53,172
26339,-8,49,270
26344,-46,-164,278
26349,-168,79,194
26354,65,5,326
26359,68,-168,201
26364,-53,125,217
26369,32,-72,369
26374,-74,-167,144
26379,-147,142,229
26384,24,-124,417
26389,-98,-159,150
26394,-51,155,240
26399,103,-144,454
26404,-58,-93,148
26409,-70,157,232
26414,8,-165,429
26419,-165,-34,163
26424,35,106,236
26429,76,-167,357
26434,-93,51,173
26439,-17,40,271
26444,18,-143,263
26449,-148,78,198
26454,100,-10,341
26459,-13,-186,171
26464,-106,138,219
26469,-12,-105,380
26474,-105,-151,147
26479,-87,130,237
26484,102,-128,450
26489,-64,-107,147
26494,-65,159,225
26499,-16,-166,426
26504,-161,-36,158
26509,22,109,237
26514,108,-153,375
26519,108,-153,375
26524,-94,36,162
26529,-27,48,257
26534,-14,-149,279
26539,-159,79,201
26544,79,4,321
26549,48,-166,208
26554,-73,125,205
26559,28,-69,367
26564,-88,-172,153
26569,-137,146,228
26574,22,-121,415
26579,-99,-155,145
26584,-45,149,230
26589,88,-146,444
26594,-65,-94,148
26599,-63,157,226
26604,-4,-163,425
26609,-164,-43,158
26614,44,114,239
26619,122,-161,376
26624,-89,44,167
26629,-12,54,259
26634,-49,-164,288
26639,-160,86,180
26644,51,11,317
26649,21,-154,216
26654,-97,110,196
26659,63,-51,367
26664,-54,-178,150
26669,-109,147,231
26674,-29,-111,385
26679,-109,-155,148
26684,-111,125,239
26689,89,-118,438
26694,-68,-142,156
26699,-38,156,224
26704,96,-146,450
26709,-82,-94,142
26714,-48,154,231
26719,-15,-163,434
26724,-153,-63,147
26729,-70,134,222
26734,32,-155,421
26739,-181,-37,151
26744,6,116,229
26749,102,-148,404
26754,-121,-3,150
26759,59,92,241
26764,95,-157,359
26769,-88,29,164
26774,30,76,252
26779,30,76,252
26784,-11,-161,309
26789,-106,50,178
26794,0,50,259
26799,-68,-166,299
26804,-140,67,177
26809,-18,36,266
26814,-56,-159,279
26819,-164,74,184
26824,30,27,294
26829,13,-145,250
26834,-129,85,195
26839,83,1,324
26844,54,-152,228
26849,-97,99,200
26854,100,-16,356
26859,28,-176,185
26864,-85,120,207
26869,67,-57,367
26874,-54,-186,150
26879,-98,133,223
26884,38,-82,378
26889,-97,-179,149
26894,-120,145,220
26899,4,-101,390
26904,-86,-162,141
26909,-133,142,222
26914,-21,-118,401
26919,-105,-155,137
26924,-135,127,234
26929,12,-124,421
26934,-113,-159,138
26939,-97,134,226
26944,69,-118,431
26949,-73,-141,148
26954,-73,130,228
26959,106,-121,456
26964,-56,-136,151
26969,-54,160,234
26974,108,-137,464
26979,-59,-115,140
26984,-37,171,237
26989,71,-150,449
26994,-77,-97,145
26999,-38,162,234
27004,1,-162,435
27009,-122,-81,150
27014,-55,145,226
[FEATURES] f0=-32195 f1=78663 f2=84997 f3=-181000 f4=122000 f5=303000 f6=67383 f7=-27795 f8=121602 f9=124739 f10=-186000 f11=171000 f12=357000 f13=111791 f14=260334 f15=98245 f16=278256 f17=137000 f18=464000 f19=327000 f20=82432
[SCALED_FEATURES] f0=-788 f1=304 f2=277 f3=-470 f4=304 f5=391 f6=331 f7=-2771 f8=-344 f9=-332 f10=395 f11=-358 f12=-377 f13=-326 f14=358 f15=800 f16=395 f17=-404 f18=1196 f19=843 f20=713
[FEATURES_X] mean=-32195 std=78663 rms=84997 min=-181000 max=122000 p2p=303000 mad=67383
[FEATURES_Y] mean=-27795 std=121602 rms=124739 min=-186000 max=171000 p2p=357000 mad=111791
[FEATURES_Z] mean=260334 std=98245 rms=278256 min=137000 max=464000 p2p=327000 mad=82432
[CLASS] CLASS=normal ID=0 scores_x1000=[7878,-1252,-1932,-4694]
[CLASS_STATS] condition=normal total_windows=27
predicted_count=[27,0,0,0]
correct_windows=27
accuracy_x1000=1000
current_prediction=0
[CLASS_TIMING] sample_interval_ms=5 window_acquisition_ms=897 feature_extract_ms=8 inference_ms=0 total_cycle_ms=970
27117,-155,76,194
27119,-155,76,194
27122,32,23,297
27124,32,23,297
27127,14,-140,249
27129,14,-140,249
27132,-130,83,192
27134,-130,83,192
27137,59,6,319
27139,59,6,319
27141,60,-150,233
27144,60,-150,233
27147,-105,89,196
27149,-105,89,196
27152,106,3,343
27154,106,3,343
27156,106,3,343
27159,55,-165,206
27161,55,-165,206
27164,-79,106,202
27167,-79,106,202
27169,87,-29,364
27172,87,-29,364
27174,2,-182,172
27177,2,-182,172
27179,-84,127,211
27182,-84,127,211
27184,56,-64,378
27187,56,-64,378
27189,-60,-177,155
27192,-60,-177,155
27194,-117,145,219
27197,-117,145,219
27200,3,-104,388
27202,3,-104,388
27205,-98,-170,144
27207,-98,-170,144
27210,-131,147,233
27213,-11,-118,410
27215,-11,-118,410
27219,-98,-153,145
27224,-110,132,236
27229,74,-112,434
27234,-70,-141,151
27239,-66,144,231
27244,107,-137,455
27249,-52,-115,141
27254,-48,168,237
27259,-5,-167,431
27264,-141,-69,152
27269,-56,127,221
27274,38,-148,408
27279,-159,-28,153
27284,42,100,234
27289,75,-165,354
27294,-82,42,163
27299,-82,42,163
27304,-19,48,262
27309,-26,-155,282
27314,-188,72,194
27319,101,0,330
27324,18,-172,189
27329,-69,124,227
27334,-9,-100,387
27339,-99,-155,152
27344,-108,130,233
27349,108,-125,449
27354,-64,-103,146
27359,-59,156,230
27364,21,-161,424
27369,-179,-37,153
27374,62,107,238
27379,18,-180,329
27384,-96,68,179
27389,-13,23,284
27394,54,-146,235
27399,-93,99,210
27404,28,-73,368
27409,-82,-161,148
27414,-124,136,233
27419,92,-121,433
27424,-81,-121,142
27429,-37,164,235
27434,-19,-171,425
27439,-171,-40,156
27444,48,110,238
27449,68,-180,344
27454,-98,47,168
27459,-17,39,268
27464,21,-141,263
27469,-134,81,198
27474,77,-29,355
27479,-43,-176,156
27484,-121,151,224
27489,8,-120,407
27494,-104,-149,147
27499,-46,142,242
27504,74,-144,447
27509,-82,-89,147
27514,-72,149,234
27519,1,-160,430
27524,-182,-34,149
27529,41,111,233
27534,90,-162,362
27539,-79,40,169
27544,-18,52,268
27549,-10,-150,289
27554,-10,-150,289
27559,-140,78,195
27564,67,5,319
27569,50,-160,215
27574,-74,109,213
27579,52,-57,369
27584,-86,-174,153
27589,-134,140,233
27594,-6,-114,414
27599,-106,-159,143
27604,-91,129,236
27609,98,-127,452
27614,-53,-119,139
27619,-37,168,233
27624,11,-160,434
27629,-131,-67,145
27634,-88,148,225
27639,1,-161,422
27644,-174,-52,154
27649,-5,126,231
27654,98,-134,411
27659,-121,-13,152
27664,61,116,245
27669,110,-158,363
27674,-91,31,158
27679,26,80,256
27684,-9,-161,313
27689,-141,53,176
27694,-25,38,270
27699,-56,-157,285
27704,-154,68,182
27709,21,27,291
27714,-2,-140,254
27719,-125,80,189
27724,80,7,330
27729,47,-150,223
27734,-103,95,194
27739,98,-26,351
27744,12,-173,180
27749,-93,126,213
27754,50,-73,373
27759,-81,-173,148
27764,-134,146,232
27769,3,-117,402
27774,-101,-151,145
27779,-107,127,232
27784,91,-113,440
27789,-64,-136,148
27794,-21,155,232
27799,67,-148,448
27804,-87,-92,139
27809,-77,159,235
27814,-77,159,235
27819,-13,-164,431
27824,-171,-46,153
27829,-8,125,235
27834,93,-143,395
27839,-94,3,159
27844,47,90,250
27849,1,-166,318
27854,-118,64,179
27859,-15,36,276
27864,9,-144,266
27869,-145,79,204
27874,96,4,326
27879,25,-169,213
27884,-76,124,208
27889,16,-74,369
27894,-83,-168,153
27899,-154,137,236
27904,70,-120,430
27909,-91,-138,148
27914,-20,163,226
27919,1,-162,432
27924,-140,-57,149
27929,-36,120,224
27934,108,-148,388
27939,-89,26,169
27944,-6,53,261
27949,-6,-151,275
27954,-162,78,197
27959,101,-11,341
27964,-34,-182,162
27969,-113,147,234
27974,21,-123,416
27979,-94,-148,159
27984,-11,168,231
27989,-3,-169,427
27994,-133,-49,160
27999,-3,117,236
28004,93,-167,356
28009,-74,56,178
28014,-22,35,272
[FEATURES] f0=-29970 f1=78785 f2=84292 f3=-188000 f4=110000 f5=298000 f6=68178 f7=-27185 f8=118377 f9=121459 f10=-182000 f11=168000 f12=350000 f13=107975 f14=258704 f15=93187 f16=274976 f17=139000 f18=455000 f19=316000 f20=78637
[SCALED_FEATURES] f0=-493 f1=306 f2=262 f3=-552 f4=171 f5=362 f6=349 f7=-2688 f8=-363 f9=-351 f10=412 f11=-370 f12=-392 f13=-350 f14=173 f15=714 f16=275 f17=-379 f18=1100 f19=778 f20=641
[FEATURES_X] mean=-29970 std=78785 rms=84292 min=-188000 max=110000 p2p=298000 mad=68178
[FEATURES_Y] mean=-27185 std=118377 rms=121459 min=-182000 max=168000 p2p=350000 mad=107975
[FEATURES_Z] mean=258704 std=93187 rms=274976 min=139000 max=455000 p2p=316000 mad=78637
[CLASS] CLASS=normal ID=0 scores_x1000=[7362,-1327,-1139,-4895]
[CLASS_STATS] condition=normal total_windows=28
predicted_count=[28,0,0,0]
correct_windows=28
accuracy_x1000=1000
current_prediction=0
[CLASS_TIMING] sample_interval_ms=5 window_acquisition_ms=897 feature_extract_ms=8 inference_ms=1 total_cycle_ms=970
28117,67,-125,426
28119,67,-125,426
28122,-96,-131,147
28124,-96,-131,147
28127,-15,167,236
28130,-15,167,236
28132,-10,-166,422
28135,-10,-166,422
28137,-183,-33,164
28140,-183,-33,164
28143,72,92,246
28145,72,92,246
28148,-46,-176,293
28150,-46,-176,293
28153,-174,79,195
28155,-174,79,195
28158,104,-3,335
28160,104,-3,335
28163,-42,-184,159
28166,-42,-184,159
28168,-125,159,225
28171,-125,159,225
28174,56,-121,418
28176,56,-121,418
28179,-106,-136,152
28181,-106,-136,152
28184,-13,171,233
28187,-13,-169,424
28189,-13,-169,424
28192,-171,-28,170
28195,-171,-28,170
28197,71,93,246
28200,71,93,246
28202,-49,-174,283
28205,-49,-174,283
28208,-165,80,203
28210,-165,80,203
28213,98,-20,344
28215,98,-20,344
28218,-91,-190,145
28220,-91,-190,145
28224,-147,144,233
28229,109,-123,443
28234,-86,-102,157
28239,-106,131,218
28244,101,-143,399
28249,-76,18,173
28254,-9,58,266
28259,50,-135,254
28264,-107,94,208
28269,4,-78,368
28274,-62,-147,154
28279,-76,131,232
28284,7,-156,427
28289,-138,-44,156
28294,41,105,233
28299,-44,-178,306
28304,-146,68,193
28309,119,-4,335
28314,-83,-184,155
28319,-164,142,231
28324,-164,142,231
28329,115,-132,440
28334,-93,-79,159
28339,-52,122,216
28344,70,-164,355
28349,-76,60,193
28354,36,4,314
28359,-6,-180,180
28364,-84,151,237
28369,33,-120,420
28374,-112,-140,150
28379,1,186,241
28384,11,-173,428
28389,-169,-28,166
28394,61,104,250
28399,-23,-171,291
28404,-166,72,206
28409,94,-18,343
28414,-68,-175,154
28419,-153,137,238
28424,110,-114,443
28429,-64,-100,154
28434,-89,143,229
28439,103,-142,405
28444,-91,8,171
28449,-10,57,264
28454,46,-143,262
28459,-116,86,209
28464,42,-51,365
28469,-70,-160,145
28474,-138,124,233
28479,96,-125,448
28484,-68,-91,154
28489,-74,142,225
28494,92,-145,410
28499,-122,5,158
28504,23,81,253
28509,-38,-166,286
28514,-191,78,199
28519,97,-6,329
28524,-23,-185,161
28529,-96,148,231
28534,-23,-121,396
28539,-88,-141,147
28544,-47,139,234
28549,54,-155,441
28554,-115,-70,147
28559,-84,125,216
28564,94,-145,401
28569,-112,-1,154
28574,23,87,248
28579,23,87,248
28584,-44,-164,288
28589,-170,75,188
28594,72,4,323
28599,17,-183,189
28604,-59,137,220
28609,-17,-92,379
28614,-77,-149,145
28619,-87,136,235
28624,95,-126,444
28629,-41,-91,154
28634,-76,157,228
28639,35,-164,423
28644,-173,-26,165
28649,60,98,237
28654,12,-170,330
28659,-96,66,186
28664,-21,33,269
28669,33,-136,244
28674,-110,81,201
28679,86,-33,352
28684,-29,-174,153
28689,-127,149,220
28694,0,-112,405
28699,-115,-148,141
28704,-62,128,244
28709,97,-132,452
28714,-28,-91,150
28719,-58,160,235
28724,-4,-170,434
28729,-183,-40,149
28734,13,110,237
28739,99,-149,382
28744,-56,28,169
28749,2,68,252
28754,-50,-163,295
28759,-170,77,189
28764,69,1,327
28769,27,-169,214
28774,-61,122,215
28779,30,-79,376
28784,-79,-166,152
28789,-164,137,230
28794,77,-127,430
28799,-107,-139,143
28804,-3,173,236
28809,31,-158,440
28814,-120,-70,149
28819,-62,143,227
28824,73,-148,412
28829,-139,-12,150
28834,54,93,246
28839,54,93,246
28844,-13,-168,318
28849,-117,65,186
28854,-14,27,277
28859,29,-138,248
28864,-128,77,198
28869,71,-27,353
28874,-47,-184,159
28879,-118,156,221
28884,-8,-116,406
28889,-112,-152,146
28894,-64,133,246
28899,113,-121,459
28904,-48,-107,148
28909,-51,164,236
28914,-6,-164,433
28919,-174,-53,152
28924,-28,122,228
28929,85,-148,401
28934,-102,-10,152
28939,59,96,243
28944,13,-166,334
28949,-99,50,178
28954,-26,42,262
28959,-24,-148,276
28964,-181,73,187
28969,62,10,316
28974,40,-149,221
28979,-75,95,199
28984,79,-39,356
28989,-5,-174,161
28994,-103,132,218
28999,9,-89,381
29004,-102,-172,143
29009,-160,136,224
29014,13,-113,418
[FEATURES] f0=-34235 f1=83947 f2=90659 f3=-191000 f4=119000 f5=310000 f6=71460 f7=-28645 f8=120406 f9=123766 f10=-190000 f11=186000 f12=376000 f13=109102 f14=260010 f15=95130 f16=276866 f17=141000 f18=459000 f19=318000 f20=79852
[SCALED_FEATURES] f0=-1058 f1=406 f2=398 f3=-588 f4=271 f5=431 f6=424 f7=-2886 f8=-351 f9=-338 f10=378 f11=-297 f12=-338 f13=-343 f14=321 f15=747 f16=344 f17=-354 f18=1143 f19=790 f20=664
[FEATURES_X] mean=-34235 std=83947 rms=90659 min=-191000 max=119000 p2p=310000 mad=71460
[FEATURES_Y] mean=-28645 std=120406 rms=123766 min=-190000 max=186000 p2p=376000 mad=109102
[FEATURES_Z] mean=260010 std=95130 rms=276866 min=141000 max=459000 p2p=318000 mad=79852
[CLASS] CLASS=normal ID=0 scores_x1000=[7509,-1246,-2960,-3302]
[CLASS_STATS] condition=normal total_windows=29
predicted_count=[29,0,0,0]
correct_windows=29
accuracy_x1000=1000
current_prediction=0
[CLASS_TIMING] sample_interval_ms=5 window_acquisition_ms=897 feature_extract_ms=8 inference_ms=0 total_cycle_ms=970
29117,67,111,234
29119,67,111,234
29122,78,-160,384
29124,78,-160,384
29127,-64,24,160
29129,-64,24,160
29132,29,86,251
29134,29,86,251
29137,14,-158,330
29139,14,-158,330
29142,-106,50,178
29144,-106,50,178
29147,5,55,266
29149,5,55,266
29151,-56,-156,296
29154,-56,-156,296
29157,-129,70,180
29159,-129,70,180
29162,-24,32,272
29164,-24,32,272
29167,-21,-148,277
29170,-21,-148,277
29172,-176,86,184
29175,-176,86,184
29177,34,13,317
29180,34,13,317
29182,37,-139,246
29185,37,-139,246
29187,-139,84,191
29190,-139,84,191
29192,94,-4,335
29195,94,-4,335
29197,59,-147,225
29200,59,-147,225
29202,-85,90,192
29205,-85,90,192
29207,104,-12,350
29210,104,-12,350
29212,61,-165,208
29215,61,-165,208
29219,-80,98,196
29224,104,-22,356
29229,46,-175,194
29234,-87,107,194
29239,116,-34,367
29244,28,-169,188
29249,-96,115,197
29254,75,-54,373
29259,-21,-177,163
29264,-100,119,212
29269,56,-64,370
29274,-65,-185,152
29279,-96,134,223
29284,32,-85,382
29289,-92,-174,151
29294,-123,136,217
29299,-2,-102,390
29304,-105,-175,146
29309,-140,140,221
29314,-15,-103,389
29319,-103,-175,149
29324,-140,134,217
29329,13,-98,393
29334,-84,-177,146
29339,-107,131,218
29344,30,-82,374
29349,30,-82,374
29354,-44,-184,158
29359,-70,124,205
29364,98,-42,367
29369,39,-173,189
29374,-88,103,186
29379,90,-4,339
29384,35,-151,226
29389,-131,79,186
29394,75,14,329
29399,30,-139,243
29404,-159,76,186
29409,30,23,309
29414,-9,-138,265
29419,-173,68,182
29424,-16,31,280
29429,-58,-153,284
29434,-162,66,171
29439,-18,50,275
29444,-61,-157,303
29449,-117,54,175
29454,3,65,266
29459,-23,-162,321
29464,-88,40,171
29469,27,82,253
29474,72,-157,353
29479,-74,19,158
29484,71,105,244
29489,101,-148,394
29494,-132,-26,147
29499,21,126,239
29504,50,-145,423
29509,-185,-47,139
29514,-68,141,227
29519,-18,-166,449
29524,-136,-75,138
29529,-63,155,229
29534,71,-150,455
29539,-49,-120,137
29544,-59,153,230
29549,108,-110,452
29554,-89,-159,132
29559,-128,130,234
29564,23,-118,432
29569,-103,-158,142
29574,-150,132,214
29579,-4,-104,392
29584,-71,-172,150
29589,-106,125,218
29594,68,-69,373
29599,15,-175,186
29604,15,-175,186
29609,-83,109,192
29614,112,-13,355
29619,35,-167,226
29624,-123,85,198
29629,80,11,331
29634,16,-143,243
29639,-157,79,188
29644,19,28,302
29649,3,-149,269
29654,-172,73,166
29659,-9,42,272
29664,-70,-160,304
29669,-122,69,165
29674,-10,61,253
29679,-11,-159,315
29684,-86,44,166
29689,48,89,249
29694,100,-155,372
29699,-104,-8,147
29704,58,119,231
29709,87,-138,408
29714,-175,-43,140
29719,-20,132,243
29724,40,-150,424
29729,-163,-46,144
29734,-70,141,228
29739,-8,-161,447
29744,-142,-62,151
29749,-82,153,217
29754,-3,-158,448
29759,-132,-72,150
29764,-75,156,230
29769,-23,-159,438
29774,-135,-72,150
29779,-72,156,229
29784,-22,-168,433
29789,-114,-63,147
29794,-88,147,223
29799,-13,-160,443
29804,-127,-58,146
29809,-76,140,222
29814,-9,-158,440
29819,-142,-46,145
29824,-88,127,219
29829,23,-151,427
29834,-187,-36,141
29839,-34,118,233
29844,67,-137,419
29849,-167,-27,152
29854,22,117,242
29859,22,117,242
29864,84,-138,402
29869,-138,-33,150
29874,45,111,237
29879,101,-136,408
29884,-111,-8,154
29889,66,113,233
29894,102,-156,394
29899,-68,10,161
29904,65,85,252
29909,8,-172,328
29914,-94,50,174
29919,-6,50,258
29924,-30,-155,287
29929,-165,75,188
29934,43,6,313
29939,41,-140,226
29944,-109,88,200
29949,96,-28,358
29954,-21,-181,167
29959,-69,137,227
29964,12,-91,385
29969,-86,-164,145
29974,-161,129,233
29979,46,-117,423
29984,-120,-150,141
29989,-43,140,230
29994,87,-142,447
29999,-74,-96,150
30004,-53,158,222
30009,-14,-172,435
30014,-175,-41,151
[FEATURES] f0=-30475 f1=81596 f2=87102 f3=-187000 f4=116000 f5=303000 f6=71098 f7=-25425 f8=114286 f9=117080 f10=-185000 f11=158000 f12=343000 f13=103720 f14=256950 f15=91769 f16=272845 f17=132000 f18=455000 f19=323000 f20=77259
[SCALED_FEATURES] f0=-560 f1=361 f2=322 f3=-541 f4=238 f5=391 f6=416 f7=-2450 f8=-387 f9=-377 f10=399 f11=-411 f12=-407 f13=-378 f14=-26 f15=689 f16=197 f17=-465 f18=1100 f19=819 f20=615
[FEATURES_X] mean=-30475 std=81596 rms=87102 min=-187000 max=116000 p2p=303000 mad=71098
[FEATURES_Y] mean=-25425 std=114286 rms=117080 min=-185000 max=158000 p2p=343000 mad=103720
[FEATURES_Z] mean=256950 std=91769 rms=272845 min=132000 max=455000 p2p=323000 mad=77259
[CLASS] CLASS=normal ID=0 scores_x1000=[7302,-1460,-1226,-4614]
[CLASS_STATS] condition=normal total_windows=30
predicted_count=[30,0,0,0]
correct_windows=30
accuracy_x1000=1000
current_prediction=0
[CLASS_TIMING] sample_interval_ms=5 window_acquisition_ms=897 feature_extract_ms=8 inference_ms=0 total_cycle_ms=970
30117,-69,-136,147
30119,-69,-136,147
30122,-18,163,234
30125,77,-155,444
30127,77,-155,444
30130,-80,-88,147
30132,-80,-88,147
30135,-48,165,229
30137,-48,165,229
30140,-10,-164,441
30143,-10,-164,441
30145,-139,-57,151
30148,-139,-57,151
30151,-85,137,219
30153,-85,137,219
30156,39,-151,422
30158,39,-151,422
30161,-172,-38,154
30164,-172,-38,154
30166,7,119,237
30169,7,119,237
30171,107,-141,409
30174,107,-141,409
30176,-113,-11,152
30179,-113,-11,152
30182,55,105,242
30184,55,105,242
30187,92,-159,364
30189,92,-159,364
30192,-96,17,170
30194,-96,17,170
30197,39,76,255
30199,39,76,255
30201,-18,-172,316
30204,-18,-172,316
30207,-111,55,174
30209,-111,55,174
30212,-10,51,267
30214,-10,51,267
30217,-42,-166,295
30220,-42,-166,295
30224,-164,74,185
30229,9,26,284
30234,24,-142,249
30239,-147,82,193
30244,85,-2,328
30249,11,-171,190
30254,-66,123,208
30259,41,-72,373
30264,-91,-171,148
30269,-159,145,226
30274,24,-116,414
30279,-105,-150,140
30284,-45,144,228
30289,76,-141,448
30294,-61,-100,146
30299,-59,167,218
30304,19,-160,436
30309,-170,-43,152
30314,31,110,232
30319,72,-165,372
30324,-67,25,173
30329,-11,69,257
30334,-14,-151,284
30339,-181,74,203
30344,92,5,326
30349,-2,-182,186
30354,-56,132,228
30359,-5,-97,385
30364,-64,-148,149
30369,-116,123,239
30374,-116,123,239
30379,83,-126,447
30384,-79,-106,147
30389,-60,153,227
30394,17,-156,436
30399,-196,-24,160
30404,50,104,235
30409,14,-173,334
30414,-81,61,191
30419,-28,29,274
30424,25,-135,254
30429,-122,77,203
30434,80,-38,368
30439,-47,-176,157
30444,-142,146,225
30449,26,-121,417
30454,-102,-145,146
30459,-16,153,233
30464,57,-151,444
30469,-77,-81,145
30474,-98,151,227
30479,25,-166,431
30484,-174,-41,159
30489,46,117,237
30494,96,-158,383
30499,-75,23,177
30504,1,65,254
30509,-38,-166,306
30514,-165,77,183
30519,15,24,288
30524,35,-142,233
30529,-98,88,196
30534,72,-33,352
30539,-38,-183,158
30544,-83,140,233
30549,13,-97,393
30554,-85,-156,139
30559,-148,128,240
30564,73,-115,433
30569,-100,-151,146
30574,-26,154,230
30579,89,-139,449
30584,-62,-106,139
30589,-47,163,227
30594,-6,-168,439
30599,-139,-64,146
30604,-86,134,226
30609,21,-152,426
30614,-164,-39,161
30619,1,120,239
30624,78,-138,408
30629,78,-138,408
30634,-129,-19,147
30639,67,112,235
30644,91,-157,382
30649,-75,11,154
30654,58,89,246
30659,43,-164,341
30664,-59,44,178
30669,12,71,249
30674,-28,-167,312
30679,-114,58,172
30684,-4,53,265
30689,-56,-165,305
30694,-138,68,164
30699,-20,45,266
30704,-49,-160,290
30709,-166,70,170
30714,-15,43,273
30719,-58,-153,281
30724,-170,66,177
30729,-18,38,274
30734,-41,-155,272
30739,-176,68,172
30744,-2,36,284
30749,-5,-145,260
30754,-204,72,186
30759,31,23,297
30764,10,-136,253
30769,-156,75,191
30774,64,13,318
30779,34,-155,226
30784,-115,81,201
30789,90,-10,344
30794,19,-172,184
30799,-73,116,210
30804,54,-54,364
30809,-56,-184,160
30814,-110,137,222
30819,0,-93,391
30824,-86,-164,141
30829,-146,130,237
30834,52,-114,423
30839,-104,-151,141
30844,-40,137,232
30849,96,-128,455
30854,-50,-118,145
30859,-12,165,241
30864,61,-155,447
30869,-104,-91,147
30874,-87,146,227
30879,-12,-166,431
30884,-12,-166,431
30889,-174,-56,144
30894,-32,122,229
30899,87,-141,411
30904,-135,-19,156
30909,60,109,235
30914,91,-160,363
30919,-80,24,165
30924,23,80,251
30929,-5,-163,334
30934,-106,48,177
30939,-9,54,268
30944,-16,-145,289
30949,-183,75,191
30954,51,16,314
30959,21,-139,232
30964,-118,72,196
30969,99,-11,347
30974,13,-176,180
30979,-59,122,222
30984,27,-75,371
30989,-74,-173,150
30994,-159,136,225
30999,8,-110,413
31004,-102,-154,134
31009,-108,117,232
31014,81,-112,441
[FEATURES] f0=-33405 f1=78774 f2=85564 f3=-204000 f4=107000 f5=311000 f6=67027 f7=-27815 f8=116729 f9=119997 f10=-184000 f11=167000 f12=351000 f13=107028 f14=260180 f15=95620 f16=277194 f17=134000 f18=455000 f19=321000 f20=79651
[SCALED_FEATURES] f0=-948 f1=306 f2=289 f3=-740 f4=138 f5=437 f6=323 f7=-2774 f8=-373 f9=-360 f10=404 f11=-374 f12=-390 f13=-357 f14=341 f15=755 f16=356 f17=-441 f18=1100 f19=808 f20=660
[FEATURES_X] mean=-33405 std=78774 rms=85564 min=-204000 max=107000 p2p=311000 mad=67027
[FEATURES_Y] mean=-27815 std=116729 rms=119997 min=-184000 max=167000 p2p=351000 mad=107028
[FEATURES_Z] mean=260180 std=95620 rms=277194 min=134000 max=455000 p2p=321000 mad=79651
[CLASS] CLASS=normal ID=0 scores_x1000=[7614,-1381,-2574,-3658]
[CLASS_STATS] condition=normal total_windows=31
predicted_count=[31,0,0,0]
correct_windows=31
accuracy_x1000=1000
current_prediction=0
[CLASS_TIMING] sample_interval_ms=5 window_acquisition_ms=897 feature_extract_ms=8 inference_ms=0 total_cycle_ms=970
31117,53,-52,362
31119,-53,-177,154
31122,-53,-177,154
31124,-139,152,225
31127,-139,152,225
31130,15,-111,408
31132,15,-111,408
31135,-109,-149,141
31138,-109,-149,141
31140,-66,133,239
31143,-66,133,239
31145,79,-132,450
31148,79,-132,450
31151,-64,-111,145
31153,-64,-111,145
31156,-26,164,232
31158,-26,164,232
31161,-4,-162,439
31164,-4,-162,439
31166,-153,-48,158
31169,-153,-48,158
31172,-40,126,225
31174,-40,126,225
31177,85,-147,406
31179,85,-147,406
31182,-108,-7,147
31184,-108,-7,147
31187,56,88,250
31189,56,88,250
31192,-10,-170,321
31194,-10,-170,321
31197,-111,68,179
31200,-111,68,179
31202,-15,29,268
31205,-15,29,268
31207,25,-134,256
31210,25,-134,256
31212,-160,65,198
31215,-160,65,198
31217,95,-9,332
31220,95,-9,332
31224,33,-174,190
31229,-56,123,217
31234,27,-76,369
31239,-64,-167,151
31244,-172,149,218
31249,13,-115,410
31254,-101,-150,145
31259,-79,135,230
31264,97,-118,454
31269,-77,-137,145
31274,-24,157,232
31279,74,-143,446
31284,-79,-99,158
31289,-56,166,227
31294,-12,-166,436
31299,-146,-59,143
31304,-84,139,223
31309,60,-150,413
31314,-163,-24,149
31319,54,112,234
31324,104,-149,391
31329,-87,4,159
31334,57,88,255
31339,14,-163,332
31344,-99,46,179
31349,-30,44,263
31354,-34,-158,295
31359,-175,69,184
31364,9,24,299
31369,20,-138,249
31374,-165,70,195
31379,76,9,320
31384,35,-159,222
31389,-85,87,198
31394,96,-18,355
31399,96,-18,355
31404,30,-175,186
31409,-48,104,204
31414,78,-38,361
31419,-25,-182,166
31424,-92,135,217
31429,42,-74,380
31434,-72,-174,157
31439,-144,148,220
31444,4,-101,399
31449,-94,-155,131
31454,-143,129,235
31459,38,-115,418
31464,-121,-155,140
31469,-101,123,230
31474,98,-110,453
31479,-79,-138,136
31484,-27,152,232
31489,102,-134,444
31494,-54,-107,143
31499,-14,166,241
31504,60,-152,445
31509,-68,-86,158
31514,-50,167,218
31519,0,-159,441
31524,-128,-73,149
31529,-89,142,228
31534,0,-159,438
31539,-159,-52,145
31544,-98,138,228
31549,-1,-158,423
31554,-180,-45,146
31559,-74,132,222
31564,16,-152,421
31569,-182,-50,152
31574,-59,130,226
31579,35,-146,425
31584,-188,-41,149
31589,-39,133,237
31594,59,-140,424
31599,-179,-44,150
31604,-56,128,230
31609,42,-146,425
31614,-175,-49,148
31619,-32,126,234
31624,56,-145,425
31629,-176,-29,146
31634,-10,121,240
31639,69,-140,423
31644,-157,-32,149
31649,-13,118,239
31654,-13,118,239
31659,73,-140,422
31664,-180,-30,141
31669,-7,124,242
31674,82,-141,420
31679,-176,-34,155
31684,-1,125,238
31689,59,-143,422
31694,-168,-43,153
31699,-25,129,234
31704,55,-143,416
31709,-165,-34,152
31714,-37,126,231
31719,28,-146,424
31724,-182,-43,147
31729,-33,142,231
31734,17,-153,422
31739,-180,-40,148
31744,-80,139,225
31749,-14,-159,424
31754,-173,-52,140
31759,-93,149,234
31764,-30,-163,440
31769,-130,-62,140
31774,-82,164,228
31779,-5,-158,449
31784,-122,-86,142
31789,-66,170,226
31794,17,-160,453
31799,-87,-84,148
31804,-50,168,228
31809,77,-153,455
31814,-61,-102,134
31819,-27,160,240
31824,121,-138,453
31829,-50,-119,137
31834,-37,154,233
31839,106,-135,460
31844,-57,-125,135
31849,-23,149,230
31854,122,-127,458
31859,-48,-127,132
31864,-42,156,225
31869,110,-126,455
31874,-49,-128,133
31879,-23,156,239
31884,112,-139,452
31889,-37,-115,140
31894,-37,158,226
31899,106,-140,457
31904,-61,-118,141
31909,-61,-118,141
31914,-39,166,230
31919,82,-153,448
31924,-51,-105,140
31929,-10,165,241
31934,95,-149,454
31939,-51,-102,142
31944,-33,161,236
31949,89,-146,457
31954,-53,-109,149
31959,-23,164,237
31964,78,-149,451
31969,-58,-104,150
31974,-42,168,232
31979,34,-158,442
31984,-88,-86,152
31989,-56,163,226
31994,8,-161,442
31999,-108,-77,147
32004,-74,154,228
32009,-27,-163,438
32014,-133,-66,147
[FEATURES] f0=-33805 f1=80567 f2=87372 f3=-188000 f4=122000 f5=310000 f6=65488 f7=-27315 f8=123077 f9=126072 f10=-182000 f11=170000 f12=352000 f13=110851 f14=265525 f15=112684 f16=288446 f17=131000 f18=460000 f19=329000 f20=97883
[SCALED_FEATURES] f0=-1001 f1=341 f2=328 f3=-552 f4=304 f5=431 f6=287 f7=-2706 f8=-336 f9=-324 f10=412 f11=-362 f12=-388 f13=-332 f14=949 f15=1048 f16=768 f17=-478 f18=1153 f19=854 f20=1005
[FEATURES_X] mean=-33805 std=80567 rms=87372 min=-188000 max=122000 p2p=310000 mad=65488
[FEATURES_Y] mean=-27315 std=123077 rms=126072 min=-182000 max=170000 p2p=352000 mad=110851
[FEATURES_Z] mean=265525 std=112684 rms=288446 min=131000 max=460000 p2p=329000 mad=97883
[CLASS] CLASS=normal ID=0 scores_x1000=[8897,-1495,-2231,-5170]
[CLASS_STATS] condition=normal total_windows=32
predicted_count=[32,0,0,0]
correct_windows=32
accuracy_x1000=1000
current_prediction=0
[CLASS_TIMING] sample_interval_ms=5 window_acquisition_ms=897 feature_extract_ms=8 inference_ms=1 total_cycle_ms=971
32117,59,-141,414
32120,-177,-35,148
32122,-177,-35,148
32125,27,118,234
32127,27,118,234
32130,103,-140,400
32133,103,-140,400
32135,-126,-14,145
32138,-126,-14,145
32141,57,108,234
32143,57,108,234
32146,110,-153,384
32148,110,-153,384
32151,-82,-5,151
32153,-82,-5,151
32156,53,108,237
32158,53,108,237
32161,64,-169,353
32163,64,-169,353
32166,-49,30,175
32168,-49,30,175
32171,53,88,247
32173,53,88,247
32176,64,-161,346
32178,64,-161,346
32181,-67,38,176
32183,-67,38,176
32186,42,80,250
32188,42,80,250
32191,33,-166,336
32193,33,-166,336
32196,-62,45,172
32198,-62,45,172
32201,21,71,246
32203,21,71,246
32205,-6,-159,322
32208,-6,-159,322
32211,-84,42,173
32213,-84,42,173
32216,1,57,257
32219,1,57,257
32224,-50,-166,304
32229,-104,59,175
32234,-15,43,261
32239,-53,-165,300
32244,-141,70,179
32249,-12,39,272
32254,-39,-158,282
32259,-161,71,176
32264,-8,40,276
32269,-60,-155,277
32274,-190,73,166
32279,-5,32,284
32284,-19,-149,275
32289,-190,67,173
32294,-1,30,283
32299,-36,-148,271
32304,-184,70,184
32309,12,19,292
32314,13,-141,258
32319,-189,83,188
32324,43,11,309
32329,26,-143,248
32334,-195,76,189
32339,55,14,318
32344,21,-143,242
32349,-186,72,191
32354,57,11,317
32359,14,-143,248
32364,-178,70,191
32369,65,15,316
32374,16,-141,246
32379,-172,81,189
32384,38,15,307
32389,-9,-141,258
32394,-189,74,184
32399,22,25,300
32404,-13,-140,271
32409,-194,68,174
32414,-18,33,279
32419,-49,-149,282
32424,-49,-149,282
32429,-164,66,168
32434,-6,50,274
32439,-49,-158,308
32444,-118,62,171
32449,-8,57,255
32454,-36,-168,317
32459,-68,46,171
32464,44,80,243
32469,54,-161,343
32474,-56,32,160
32479,73,99,247
32484,110,-147,385
32489,-107,-8,146
32494,48,111,234
32499,68,-138,422
32504,-170,-36,148
32509,-35,129,227
32514,-1,-149,435
32519,-164,-51,133
32524,-88,139,225
32529,-9,-163,455
32534,-90,-75,139
32539,-62,164,227
32544,57,-155,451
32549,-44,-95,141
32554,-24,162,234
32559,110,-138,463
32564,-50,-120,130
32569,-39,147,234
32574,107,-115,457
32579,-72,-145,141
32584,-84,127,239
32589,61,-113,439
32594,-120,-154,134
32599,-155,121,240
32604,10,-114,420
32609,-111,-155,135
32614,-186,125,231
32619,5,-107,421
32624,-115,-158,132
32629,-163,133,231
32634,2,-113,419
32639,-105,-159,142
32644,-163,134,234
32649,-2,-114,413
32654,-113,-160,132
32659,-167,132,225
32664,-4,-111,410
32669,-103,-162,138
32674,-161,136,218
32679,-161,136,218
32684,-15,-100,400
32689,-94,-176,149
32694,-129,139,216
32699,19,-83,386
32704,-46,-172,149
32709,-110,138,216
32714,40,-77,372
32719,-17,-171,158
32724,-85,125,217
32729,62,-61,363
32734,-24,-177,159
32739,-83,117,217
32744,76,-54,361
32749,0,-175,172
32754,-58,118,213
32759,56,-55,362
32764,-35,-175,156
32769,-97,125,218
32774,34,-76,376
32779,-77,-172,152
32784,-134,142,217
32789,-9,-102,389
32794,-114,-169,141
32799,-152,138,222
32804,-11,-112,412
32809,-111,-157,129
32814,-162,128,239
32819,41,-116,420
32824,-101,-149,143
32829,-72,132,241
32834,95,-126,461
32839,-82,-132,136
32844,-20,155,244
32849,68,-156,447
32854,-69,-92,144
32859,-73,172,221
32864,-19,-169,433
32869,-149,-50,141
32874,-63,134,225
32879,60,-144,417
32884,-171,-33,152
32889,36,111,235
32894,87,-146,397
32899,-106,-11,150
32904,65,102,238
32909,101,-163,362
32914,-63,25,153
32919,38,84,252
32924,48,-167,344
32929,-68,33,163
32934,-68,33,163
32939,34,87,255
32944,-5,-172,321
32949,-78,45,176
32954,-5,67,250
32959,-37,-165,313
32964,-99,54,180
32969,-20,45,265
32974,-44,-158,289
32979,-188,73,175
32984,10,20,292
32989,24,-139,253
32994,-156,77,198
32999,89,-9,338
33004,15,-175,191
33009,-60,115,218
33014,41,-69,365
[FEATURES] f0=-35910 f1=81804 f2=89339 f3=-195000 f4=110000 f5=305000 f6=69027 f7=-24350 f8=113033 f9=115626 f10=-177000 f11=172000 f12=349000 f13=104437 f14=254900 f15=90577 f16=270514 f17=129000 f18=463000 f19=334000 f20=74092
[SCALED_FEATURES] f0=-1280 f1=365 f2=370 f3=-635 f4=171 f5=402 f6=369 f7=-2304 f8=-395 f9=-386 f10=434 f11=-354 f12=-394 f13=-373 f14=-259 f15=669 f16=111 f17=-502 f18=1186 f19=884 f20=555
[FEATURES_X] mean=-35910 std=81804 rms=89339 min=-195000 max=110000 p2p=305000 mad=69027
[FEATURES_Y] mean=-24350 std=113033 rms=115626 min=-177000 max=172000 p2p=349000 mad=104437
[FEATURES_Z] mean=254900 std=90577 rms=270514 min=129000 max=463000 p2p=334000 mad=74092
[CLASS] CLASS=normal ID=0 scores_x1000=[7534,-1432,-3500,-2601]
[CLASS_STATS] condition=normal total_windows=33
predicted_count=[33,0,0,0]
correct_windows=33
accuracy_x1000=1000
current_prediction=0
[CLASS_TIMING] sample_interval_ms=5 window_acquisition_ms=897 feature_extract_ms=8 inference_ms=0 total_cycle_ms=970
33117,-3,64,254
33119,-44,-164,314
33122,-44,-164,314
33124,-157,75,174
33127,-157,75,174
33130,10,30,292
33132,10,30,292
33134,28,-137,253
33137,28,-137,253
33139,-159,72,201
33142,-159,72,201
33145,87,-5,332
33147,87,-5,332
33149,27,-166,209
33152,27,-166,209
33155,-68,101,207
33157,-68,101,207
33160,76,-41,372
33162,76,-41,372
33165,18,-177,173
33167,18,-177,173
33170,-71,130,218
33172,-71,130,218
33175,50,-71,365
33177,50,-71,365
33180,-65,-182,153
33183,-65,-182,153
33185,-91,140,222
33188,-91,140,222
33190,9,-98,390
33193,9,-98,390
33195,-90,-170,146
33198,-90,-170,146
33200,-162,141,217
33203,-162,141,217
33206,-5,-110,402
33208,-5,-110,402
33211,-112,-168,137
33214,-112,-168,137
33216,-158,134,231
33219,-158,134,231
33224,11,-112,413
33229,-106,-161,135
33234,-149,127,239
33239,53,-114,434
33244,-108,-154,137
33249,-100,123,241
33254,91,-116,449
33259,-82,-148,139
33264,-41,146,240
33269,99,-123,455
33274,-82,-133,133
33279,-18,158,236
33284,105,-138,460
33289,-49,-114,133
33294,-15,169,234
33299,88,-141,453
33304,-33,-105,138
33309,-11,163,239
33314,74,-143,450
33319,-53,-99,147
33324,-33,169,233
33329,48,-157,450
33334,-74,-98,153
33339,-41,162,232
33344,51,-157,447
33349,-75,-100,142
33354,-38,164,231
33359,70,-153,453
33364,-49,-96,135
33369,-26,171,235
33374,58,-155,450
33379,-72,-100,150
33384,-31,165,233
33389,63,-154,454
33394,-49,-91,148
33399,-31,165,233
33404,24,-161,442
33409,-71,-83,148
33414,-74,167,227
33419,1,-169,450
33424,-118,-71,146
33429,-92,148,225
33434,1,-165,439
33439,-154,-54,140
33444,-154,-54,140
33449,-57,128,227
33454,52,-149,429
33459,-173,-39,151
33464,40,120,239
33469,92,-152,395
33474,-94,2,150
33479,53,99,248
33484,40,-164,348
33489,-67,42,172
33494,1,68,247
33499,-39,-167,317
33504,-117,67,170
33509,-25,42,267
33514,-36,-157,289
33519,-155,70,175
33524,-6,37,279
33529,-11,-146,260
33534,-195,71,191
33539,37,19,305
33544,28,-143,250
33549,-160,78,197
33554,87,5,320
33559,56,-152,223
33564,-93,90,199
33569,98,-13,351
33574,17,-178,183
33579,-49,116,217
33584,61,-53,362
33589,-43,-183,159
33594,-86,140,228
33599,9,-97,385
33604,-70,-163,141
33609,-175,142,229
33614,7,-125,407
33619,-105,-155,137
33624,-109,131,229
33629,94,-112,444
33634,-83,-136,139
33639,-15,150,241
33644,57,-152,441
33649,-78,-88,151
33654,-90,158,221
33659,1,-167,431
33664,-170,-45,142
33669,-27,120,231
33674,84,-138,410
33679,-150,-25,149
33684,50,111,233
33689,76,-167,360
33694,-68,30,170
33699,-68,30,170
33704,6,77,249
33709,-31,-170,307
33714,-141,73,168
33719,-8,36,274
33724,29,-136,254
33729,-177,77,194
33734,65,12,325
33739,42,-150,227
33744,-115,83,193
33749,98,-11,343
33754,29,-168,196
33759,-54,109,202
33764,68,-46,369
33769,-17,-183,162
33774,-76,119,218
33779,47,-69,372
33784,-49,-186,162
33789,-67,123,226
33794,38,-70,376
33799,-65,-177,158
33804,-89,127,223
33809,23,-80,375
33814,-65,-185,157
33819,-77,132,227
33824,43,-75,373
33829,-42,-183,161
33834,-84,125,218
33839,45,-65,370
33844,-37,-178,157
33849,-56,129,226
33854,56,-70,365
33859,-39,-175,157
33864,-78,132,225
33869,36,-82,373
33874,-50,-178,159
33879,-108,135,221
33884,11,-92,379
33889,-65,-174,156
33894,-145,138,214
33899,-4,-103,399
33904,-79,-165,138
33909,-190,136,225
33914,23,-116,419
33919,-104,-157,139
33924,-140,127,230
33929,66,-117,432
33934,-115,-147,133
33939,-41,143,241
33944,101,-126,456
33949,-46,-123,136
33954,6,163,239
33959,6,163,239
33964,84,-152,456
33969,-46,-108,152
33974,-39,168,231
33979,24,-160,445
33984,-94,-83,152
33989,-81,158,222
33994,7,-160,451
33999,-153,-59,148
34004,-94,137,228
34009,3,-156,435
34014,-178,-48,153
[FEATURES] f0=-33530 f1=75142 f2=82284 f3=-195000 f4=105000 f5=300000 f6=63068 f7=-30755 f8=124004 f9=127761 f10=-186000 f11=171000 f12=357000 f13=113501 f14=258650 f15=102411 f16=278186 f17=133000 f18=460000 f19=327000 f20=86801
[SCALED_FEATURES] f0=-965 f1=236 f2=219 f3=-635 f4=116 f5=373 f6=232 f7=-3172 f8=-330 f9=-314 f10=395 f11=-358 f12=-377 f13=-315 f14=167 f15=872 f16=392 f17=-453 f18=1153 f19=843 f20=795
[FEATURES_X] mean=-33530 std=75142 rms=82284 min=-195000 max=105000 p2p=300000 mad=63068
[FEATURES_Y] mean=-30755 std=124004 rms=127761 min=-186000 max=171000 p2p=357000 mad=113501
[FEATURES_Z] mean=258650 std=102411 rms=278186 min=133000 max=460000 p2p=327000 mad=86801
[CLASS] CLASS=normal ID=0 scores_x1000=[7889,-1141,-2706,-4041]
[CLASS_STATS] condition=normal total_windows=34
predicted_count=[34,0,0,0]
correct_windows=34
accuracy_x1000=1000
current_prediction=0
[CLASS_TIMING] sample_interval_ms=5 window_acquisition_ms=897 feature_extract_ms=8 inference_ms=0 total_cycle_ms=970
34117,67,-134,419
34119,-162,-34,154
34122,-162,-34,154
34125,12,123,239
34127,12,123,239
34130,73,-142,423
34132,73,-142,423
34135,-180,-37,152
34138,-180,-37,152
34140,13,126,236
34143,13,126,236
34145,79,-132,413
34148,79,-132,413
34150,-173,-29,154
34153,-173,-29,154
34156,3,118,229
34158,3,118,229
34160,65,-132,420
34163,65,-132,420
34166,-177,-32,157
34168,-177,-32,157
34171,-5,121,231
34173,-5,121,231
34176,63,-134,425
34178,63,-134,425
34181,-193,-32,148
34184,-193,-32,148
34186,-12,129,229
34189,-12,129,229
34191,69,-140,424
34194,69,-140,424
34197,-179,-40,151
34199,-3,126,230
34202,-3,126,230
34204,-3,126,230
34207,64,-142,429
34209,64,-142,429
34212,-180,-34,145
34214,0,120,230
34217,0,120,230
34219,0,120,230
34224,52,-137,419
34229,-181,-36,150
34234,-22,121,230
34239,34,-146,429
34244,-192,-39,150
34249,-27,127,232
34254,38,-144,423
34259,-194,-34,154
34264,-51,128,228
34269,44,-154,420
34274,-194,-36,151
34279,-30,130,226
34284,51,-146,419
34289,-185,-45,147
34294,-18,127,227
34299,63,-140,425
34304,-182,-32,147
34309,18,122,231
34314,88,-145,419
34319,-149,-19,141
34324,36,110,234
34329,118,-148,397
34334,-90,-5,145
34339,71,109,241
34344,87,-170,359
34349,-52,25,168
34354,37,91,251
34359,23,-165,338
34364,-85,42,175
34369,0,66,249
34374,-40,-168,309
34379,-128,59,172
34384,-11,56,265
34389,-37,-165,304
34394,-157,66,171
34399,-10,41,273
34404,-38,-152,284
34409,-184,70,181
34414,11,30,286
34419,3,-144,262
34424,-180,68,191
34429,64,16,316
34434,34,-153,226
34439,-104,78,196
34444,100,-9,343
34449,42,-166,204
34454,-57,105,204
34459,74,-41,361
34464,-2,-183,168
34469,-2,-183,168
34474,-70,117,214
34479,69,-64,366
34484,-34,-170,160
34489,-87,144,224
34494,23,-91,384
34499,-78,-174,148
34504,-139,142,214
34509,10,-103,394
34514,-88,-169,140
34519,-168,137,222
34524,0,-110,401
34529,-102,-159,142
34534,-167,131,237
34539,37,-120,422
34544,-117,-157,140
34549,-106,127,236
34554,85,-115,445
34559,-107,-145,143
34564,-57,135,240
34569,104,-115,460
34574,-77,-137,136
34579,-9,152,236
34584,106,-135,463
34589,-57,-128,141
34594,0,159,245
34599,80,-149,451
34604,-52,-103,138
34609,-22,167,245
34614,67,-155,450
34619,-57,-98,150
34624,-40,171,228
34629,38,-158,449
34634,-84,-84,149
34639,-67,164,221
34644,8,-165,444
34649,-117,-81,151
34654,-75,161,219
34659,-3,-166,450
34664,-132,-71,144
34669,-74,164,217
34674,-7,-166,443
34679,-138,-63,141
34684,-98,153,228
34689,-6,-165,447
34694,-133,-45,137
34699,-84,141,228
34704,3,-160,440
34709,-164,-38,141
34714,-56,127,230
34719,40,-143,423
34724,40,-143,423
34729,-186,-38,153
34734,-18,119,227
34739,62,-136,419
34744,-186,-32,144
34749,16,120,237
34754,82,-138,412
34759,-150,-28,155
34764,54,112,239
34769,98,-139,410
34774,-140,-24,144
34779,60,114,234
34784,115,-156,396
34789,-102,-6,153
34794,57,103,237
34799,93,-156,379
34804,-98,1,150
34809,58,100,249
34814,64,-165,355
34819,-70,31,163
34824,41,86,246
34829,26,-167,340
34834,-101,51,174
34839,-10,63,257
34844,-26,-156,310
34849,-143,69,176
34854,4,36,281
34859,1,-142,255
34864,-187,73,192
34869,57,12,315
34874,34,-145,239
34879,-108,82,203
34884,84,-13,338
34889,32,-169,201
34894,-42,108,218
34899,73,-46,365
34904,-35,-188,160
34909,-80,125,225
34914,26,-79,382
34919,-76,-182,154
34924,-129,137,222
34929,-3,-102,394
34934,-88,-171,143
34939,-168,141,207
34944,-8,-114,406
34949,-116,-166,131
34954,-189,131,232
34959,5,-114,412
34964,-127,-162,132
34969,-123,125,236
34974,60,-110,431
34979,60,-110,431
34984,-98,-145,141
34989,-72,134,235
34994,96,-119,455
34999,-84,-137,137
35004,-32,152,233
35009,94,-143,458
35014,-59,-110,148
[FEATURES] f0=-32505 f1=87804 f2=93627 f3=-194000 f4=118000 f5=312000 f6=75305 f7=-25310 f8=117544 f9=120238 f10=-188000 f11=171000 f12=359000 f13=105513 f14=264205 f15=106628 f16=284910 f17=131000 f18=463000 f19=332000 f20=92256
[SCALED_FEATURES] f0=-829 f1=481 f2=462 f3=-623 f4=260 f5=443 f6=513 f7=-2434 f8=-368 f9=-358 f10=387 f11=-358 f12=-373 f13=-366 f14=799 f15=944 f16=638 f17=-478 f18=1186 f19=872 f20=899
[FEATURES_X] mean=-32505 std=87804 rms=93627 min=-194000 max=118000 p2p=312000 mad=75305
[FEATURES_Y] mean=-25310 std=117544 rms=120238 min=-188000 max=171000 p2p=359000 mad=105513
[FEATURES_Z] mean=264205 std=106628 rms=284910 min=131000 max=463000 p2p=332000 mad=92256
[CLASS] CLASS=normal ID=0 scores_x1000=[8656,-1592,-1712,-5351]
[CLASS_STATS] condition=normal total_windows=35
predicted_count=[35,0,0,0]
correct_windows=35
accuracy_x1000=1000
current_prediction=0
[CLASS_TIMING] sample_interval_ms=5 window_acquisition_ms=897 feature_extract_ms=8 inference_ms=0 total_cycle_ms=970
35117,13,-173,333
35119,-72,47,175
35122,-72,47,175
35124,-13,61,253
35127,-13,61,253
35129,-44,-165,300
35132,-44,-165,300
35135,-145,70,180
35137,-145,70,180
35140,-8,36,271
35142,-8,36,271
35145,-20,-140,268
35147,-20,-140,268
35150,-177,83,189
35152,-177,83,189
35155,42,13,318
35157,42,13,318
35160,20,-141,242
35162,20,-141,242
35165,-108,77,203
35168,-108,77,203
35170,77,-9,347
35173,77,-9,347
35175,22,-178,194
35177,22,-178,194
35180,-62,115,208
35183,-62,115,208
35185,47,-61,375
35188,47,-61,375
35190,-75,-183,155
35193,-75,-183,155
35195,-124,146,217
35198,-124,146,217
35201,10,-103,405
35203,10,-103,405
35206,-104,-163,137
35209,-104,-163,137
35211,-149,138,233
35214,52,-117,424
35217,52,-117,424
35219,-98,-145,146
35224,-38,142,230
35229,83,-132,454
35234,83,-132,454
35239,-60,-109,144
35244,-36,171,226
35249,7,-163,444
35254,-135,-60,150
35259,-75,142,222
35264,40,-145,414
35269,-158,-30,164
35274,48,111,232
35279,83,-162,377
35284,-88,21,166
35289,28,77,257
35294,-32,-169,307
35299,-133,65,182
35304,-10,39,279
35309,-14,-149,265
35314,-162,86,192
35319,41,9,308
35324,16,-139,230
35329,-114,78,196
35334,92,-13,342
35339,28,-168,196
35344,-56,106,212
35349,88,-38,364
35354,-12,-174,164
35359,-81,130,228
35364,22,-87,382
35369,-70,-173,151
35374,-144,141,216
35379,-6,-113,400
35384,-102,-164,138
35389,-166,131,236
35394,27,-121,425
35399,-112,-157,138
35404,-114,128,236
35409,84,-115,439
35414,-84,-145,148
35419,-39,143,225
35424,102,-129,459
35429,-50,-119,142
35434,-10,159,238
35439,92,-148,451
35444,-62,-102,150
35449,-44,163,226
35454,32,-158,448
35459,-116,-81,151
35464,-75,156,218
35469,-19,-168,436
35474,-163,-58,143
35479,-81,148,225
35484,11,-162,428
35489,11,-162,428
35494,-182,-36,146
35499,-36,122,225
35504,67,-137,412
35509,-172,-23,159
35514,41,106,239
35519,106,-133,399
35524,-110,-4,150
35529,62,96,243
35534,109,-157,374
35539,-73,13,155
35544,54,86,251
35549,77,-155,358
35554,-76,25,165
35559,46,81,252
35564,27,-164,324
35569,-90,48,173
35574,18,69,250
35579,-5,-164,325
35584,-92,54,170
35589,-11,54,259
35594,-55,-167,304
35599,-121,62,170
35604,-21,50,266
35609,-35,-159,296
35614,-131,70,162
35619,-10,39,275
35624,-37,-153,280
35629,-147,76,176
35634,10,24,282
35639,5,-138,256
35644,-197,74,188
35649,58,17,313
35654,12,-142,248
35659,-170,81,192
35664,91,5,332
35669,34,-160,223
35674,-91,85,194
35679,89,-14,346
35684,39,-173,193
35689,-68,105,212
35694,81,-43,362
35699,3,-179,171
35704,-63,114,229
35709,51,-71,363
35714,-46,-183,153
35719,-128,136,209
35724,17,-92,388
35729,-92,-169,146
35734,-155,145,214
35739,-2,-112,399
35744,-2,-112,399
35749,-98,-158,145
35754,-151,131,235
35759,44,-112,422
35764,-108,-149,148
35769,-78,130,237
35774,86,-119,457
35779,-83,-136,146
35784,-36,146,239
35789,86,-145,453
35794,-57,-107,147
35799,-46,169,232
35804,22,-163,446
35809,-101,-83,145
35814,-79,167,223
35819,-16,-168,436
35824,-158,-55,142
35829,-75,147,226
35834,9,-154,417
35839,-181,-40,151
35844,-37,124,226
35849,46,-139,417
35854,-174,-27,157
35859,24,117,232
35864,94,-137,412
35869,-124,-15,153
35874,54,106,237
35879,118,-147,381
35884,-76,4,152
35889,55,90,246
35894,64,-165,350
35899,-82,34,165
35904,26,74,249
35909,-8,-168,321
35914,-117,62,166
35919,-24,50,267
35924,-39,-164,300
35929,-157,71,172
35934,-8,31,275
35939,-28,-148,264
35944,-170,78,189
35949,43,13,302
35954,13,-138,252
35959,-145,83,192
35964,89,6,326
35969,42,-163,221
35974,-81,91,194
35979,103,-18,349
35984,30,-179,196
35989,-67,106,202
35994,87,-40,362
35999,87,-40,362
36004,13,-180,179
36009,-68,112,212
36014,77,-55,363
[FEATURES] f0=-29610 f1=78911 f2=84283 f3=-197000 f4=118000 f5=315000 f6=67418 f7=-28880 f8=114943 f9=118516 f10=-183000 f11=171000 f12=354000 f13=104861 f14=260850 f15=94051 f16=277287 f17=137000 f18=459000 f19=322000 f20=79248
[SCALED_FEATURES] f0=-445 f1=309 f2=262 f3=-658 f4=260 f5=460 f6=332 f7=-2918 f8=-384 f9=-369 f10=408 f11=-358 f12=-384 f13=-371 f14=417 f15=729 f16=359 f17=-404 f18=1143 f19=814 f20=653
[FEATURES_X] mean=-29610 std=78911 rms=84283 min=-197000 max=118000 p2p=315000 mad=67418
[FEATURES_Y] mean=-28880 std=114943 rms=118516 min=-183000 max=171000 p2p=354000 mad=104861
[FEATURES_Z] mean=260850 std=94051 rms=277287 min=137000 max=459000 p2p=322000 mad=79248
[CLASS] CLASS=normal ID=0 scores_x1000=[7418,-1317,-1045,-5055]
[CLASS_STATS] condition=normal total_windows=36
predicted_count=[36,0,0,0]
correct_windows=36
accuracy_x1000=1000
current_prediction=0
[CLASS_TIMING] sample_interval_ms=5 window_acquisition_ms=897 feature_extract_ms=8 inference_ms=1 total_cycle_ms=970
36117,-80,123,232
36119,97,-110,447
36122,97,-110,447
36124,-67,-139,149
36127,-67,-139,149
36130,-50,141,232
36132,98,-127,457
36135,98,-127,457
36137,-55,-120,138
36140,-55,-120,138
36143,-27,157,241
36145,-27,157,241
36148,66,-151,447
36150,66,-151,447
36153,-57,-98,152
36155,-57,-98,152
36158,-52,170,221
36161,-52,170,221
36163,5,-165,441
36166,5,-165,441
36168,-116,-67,143
36171,-116,-67,143
36173,-89,162,224
36176,-89,162,224
36179,-14,-162,443
36181,-14,-162,443
36184,-160,-53,141
36186,-160,-53,141
36189,-83,139,226
36192,-83,139,226
36194,-8,-155,435
36197,-8,-155,435
36199,-178,-47,145
36202,-178,-47,145
36205,-74,138,229
36207,-74,138,229
36210,-3,-159,431
36212,-3,-159,431
36215,-183,-40,147
36218,-183,-40,147
36220,-73,130,227
36224,-4,-151,439
36229,-164,-53,139
36234,-87,144,220
36239,-12,-156,447
36244,-146,-55,143
36249,-89,156,215
36254,-89,156,215
36259,-10,-156,445
36264,-112,-79,151
36269,-58,165,220
36274,43,-155,454
36279,-78,-101,146
36284,-41,165,235
36289,99,-144,448
36294,-51,-120,139
36299,-29,154,233
36304,134,-115,471
36309,-69,-147,142
36314,-81,126,234
36319,49,-113,434
36324,-140,-160,132
36329,-188,125,225
36334,-15,-101,403
36339,-82,-177,157
36344,-119,116,202
36349,90,-34,364
36354,53,-169,210
36359,-114,74,191
36364,68,12,328
36369,-6,-137,253
36374,-166,67,176
36379,-14,47,273
36384,-43,-162,311
36389,-127,40,158
36394,29,87,245
36399,89,-164,363
36404,-97,-5,141
36409,46,112,232
36414,67,-142,417
36419,-159,-41,151
36424,-15,127,233
36429,17,-146,432
36434,-170,-54,139
36439,-80,140,227
36444,7,-160,441
36449,-146,-63,143
36454,-97,150,218
36459,-7,-161,449
36464,-90,-85,136
36469,-62,171,224
36474,37,-158,453
36479,-50,-89,148
36484,-51,159,227
36489,76,-146,450
36494,-52,-102,139
36499,-37,173,240
36504,-37,173,240
36509,81,-152,456
36514,-52,-110,137
36519,-26,166,242
36524,76,-155,449
36529,-59,-109,135
36534,-24,165,235
36539,79,-153,452
36544,-79,-99,142
36549,-47,163,231
36554,53,-154,453
36559,-63,-87,148
36564,-43,166,232
36569,14,-161,446
36574,-95,-88,152
36579,-61,162,233
36584,6,-164,446
36589,-98,-84,148
36594,-74,165,222
36599,-6,-161,447
36604,-101,-74,140
36609,-80,162,228
36614,-9,-165,439
36619,-137,-73,139
36624,-102,157,221
36629,1,-165,446
36634,-135,-50,141
36639,-82,145,233
36644,25,-161,425
36649,-163,-47,136
36654,-41,132,237
36659,74,-139,419
36664,-176,-39,147
36669,40,122,242
36674,80,-152,404
36679,-117,-11,143
36684,57,103,238
36689,96,-166,371
36694,-96,21,157
36699,39,88,253
36704,17,-176,338
36709,-74,42,172
36714,-24,61,259
36719,-55,-173,289
36724,-153,65,178
36729,2,42,279
36734,5,-145,265
36739,-174,73,187
36744,47,17,312
36749,16,-147,239
36754,-126,78,192
36759,-126,78,192
36764,89,-2,342
36769,16,-173,189
36774,-57,111,213
36779,60,-50,367
36784,-32,-177,162
36789,-86,133,231
36794,-5,-98,378
36799,-72,-168,142
36804,-174,143,217
36809,26,-115,411
36814,-115,-154,139
36819,-118,130,235
36824,74,-115,446
36829,-112,-145,145
36834,-40,141,234
36839,98,-135,457
36844,-55,-118,152
36849,-39,157,234
36854,60,-153,454
36859,-98,-92,149
36864,-67,168,222
36869,-7,-163,439
36874,-116,-72,145
36879,-109,154,216
36884,-7,-163,444
36889,-145,-62,142
36894,-108,144,224
36899,-6,-161,441
36904,-154,-56,136
36909,-107,136,220
36914,4,-154,426
36919,-184,-49,148
36924,-68,125,229
36929,35,-145,419
36934,-184,-37,148
36939,-17,124,232
36944,70,-135,418
36949,-167,-35,154
36954,16,117,237
36959,82,-138,418
36964,-145,-25,151
36969,32,118,235
36974,101,-137,417
36979,-133,-26,152
36984,67,117,237
36989,96,-147,395
36994,-112,-18,147
36999,62,112,240
37004,117,-155,376
37009,-76,3,151
37014,-76,3,151
[FEATURES] f0=-40795 f1=78901 f2=88823 f3=-188000 f4=134000 f5=322000 f6=65701 f7=-25230 f8=124560 f9=127090 f10=-177000 f11=173000 f12=350000 f13=112566 f14=265600 f15=116172 f16=289895 f17=132000 f18=471000 f19=339000 f20=101477
[SCALED_FEATURES] f0=-1927 f1=308 f2=359 f3=-552 f4=436 f5=500 f6=292 f7=-2423 f8=-327 f9=-318 f10=434 f11=-350 f12=-392 f13=-321 f14=958 f15=1107 f16=821 f17=-465 f18=1271 f19=913 f20=1073
[FEATURES_X] mean=-40795 std=78901 rms=88823 min=-188000 max=134000 p2p=322000 mad=65701
[FEATURES_Y] mean=-25230 std=124560 rms=127090 min=-177000 max=173000 p2p=350000 mad=112566
[FEATURES_Z] mean=265600 std=116172 rms=289895 min=132000 max=471000 p2p=339000 mad=101477
[CLASS] CLASS=normal ID=0 scores_x1000=[9467,-1558,-4918,-2989]
[CLASS_STATS] condition=normal total_windows=37
predicted_count=[37,0,0,0]
correct_windows=37
accuracy_x1000=1000
current_prediction=0
[CLASS_TIMING] sample_interval_ms=5 window_acquisition_ms=897 feature_extract_ms=8 inference_ms=1 total_cycle_ms=971
37117,-65,43,179
37120,-65,43,179
37122,15,76,252
37124,15,76,252
37127,25,-163,337
37129,25,-163,337
37132,-81,28,165
37134,-81,28,165
37137,35,84,251
37139,35,84,251
37142,35,84,251
37144,55,-160,349
37147,55,-160,349
37149,-72,29,166
37152,-72,29,166
37154,60,93,252
37157,60,93,252
37159,90,-161,368
37162,90,-161,368
37164,-77,8,158
37167,-77,8,158
37169,76,104,234
37171,76,104,234
37174,104,-154,385
37177,104,-154,385
37179,-101,-7,146
37182,-101,-7,146
37184,64,116,234
37187,64,116,234
37189,97,-153,394
37192,97,-153,394
37194,-104,-8,143
37197,-104,-8,143
37200,59,114,230
37202,59,114,230
37205,96,-151,394
37207,96,-151,394
37210,-97,-6,144
37212,-97,-6,144
37215,59,114,230
37219,83,-153,399
37224,-98,-8,139
37229,66,101,235
37234,94,-162,383
37239,-85,11,160
37244,66,93,239
37249,77,-163,368
37254,-71,17,159
37259,54,88,245
37264,57,-165,344
37269,57,-165,344
37274,-63,28,162
37279,44,86,247
37284,35,-165,342
37289,-61,39,177
37294,41,84,251
37299,-7,-173,317
37304,-96,42,165
37309,1,75,247
37314,-45,-163,313
37319,-129,54,171
37324,-13,49,266
37329,-18,-151,286
37334,-175,71,188
37339,22,22,296
37344,31,-135,241
37349,-141,76,195
37354,84,8,336
37359,30,-176,201
37364,-76,103,204
37369,72,-48,364
37374,-62,-181,161
