MotorTinyML STM32F103 boot
[CLASS_CONFIG] condition=normal speed_percent=60
ADXL345 Device ID = 0xE5
OLED FOUND: 0x3C
OLED OK: MotorTinyML status displayed
ADXL345 READY: realtime classifier enabled
157,-34,15,244
162,-2,-41,247
167,-14,-6,255
172,-30,30,258
177,-5,-39,257
182,-16,-44,278
187,-33,15,259
192,-25,-75,255
197,-28,17,254
202,-29,3,254
207,-7,-43,251
212,-36,23,257
217,-12,-53,256
222,-33,2,260
227,-17,-34,263
232,-32,-9,267
237,-20,-36,259
242,-28,11,257
247,-44,-71,244
252,-55,8,254
257,-12,-26,272
262,-53,-45,249
267,-20,7,261
272,-20,-25,268
277,-46,5,252
282,18,-13,286
287,-46,-43,243
292,-12,21,254
297,71,-32,278
302,-66,-38,243
307,-22,22,258
312,23,2,271
317,-57,-42,262
322,-24,23,262
327,52,20,266
332,-39,-99,250
337,-64,-33,242
342,-21,35,247
347,37,4,262
352,18,-93,261
357,-53,-56,246
362,-37,-7,264
367,44,33,279
372,35,31,260
377,-63,-116,230
382,-55,-75,251
387,-35,-14,260
392,21,52,264
397,32,37,257
402,-25,-4,273
407,-25,-4,273
412,-41,-83,249
417,-75,-97,227
422,-79,-64,234
427,-35,-18,239
432,-5,36,259
437,-4,49,277
442,45,53,281
447,37,27,254
452,-17,8,263
457,4,-18,299
462,41,-46,287
467,-1,-93,235
472,-81,-126,222
477,-38,-87,236
482,-46,-82,247
487,-56,-86,247
492,-66,-102,251
497,-68,-93,255
502,-75,-102,250
507,-74,-99,249
512,-85,-105,240
517,-44,-78,254
522,-15,-97,247
527,-62,-125,230
532,-28,-118,229
537,-22,-69,260
542,-35,-12,296
547,-32,-2,298
552,0,28,262
557,15,70,252
562,22,100,267
567,27,61,296
572,-22,9,264
577,-10,-14,239
582,-59,-78,234
587,-47,-96,251
592,-77,-145,220
597,-7,-47,294
602,9,18,297
607,25,84,234
612,-5,70,300
617,-3,-10,248
622,-26,-63,227
627,-109,-152,236
632,-62,-116,241
637,-8,3,299
642,-8,92,241
647,13,44,289
652,-30,-53,226
657,-57,-124,244
662,-65,-100,243
667,-23,22,284
672,14,98,271
677,9,15,265
682,-60,-96,219
687,-34,-125,237
692,-32,-1,301
697,-32,-1,301
702,41,132,251
707,7,13,269
712,-80,-107,222
717,-55,-128,236
722,7,38,279
727,14,106,255
732,-21,-33,227
737,-78,-178,216
742,-18,4,312
747,-17,106,252
752,8,19,283
757,-63,-138,220
762,32,-46,299
767,43,103,254
772,-3,28,282
777,-71,-117,206
782,-44,-53,291
787,18,89,256
792,14,46,279
797,-62,-119,202
802,-29,-42,292
807,30,102,249
812,-16,30,282
817,-77,-133,215
822,4,-51,305
827,-16,101,235
832,3,10,286
837,-56,-167,216
842,8,16,313
847,21,118,251
852,-39,-41,233
857,-42,-182,219
862,-3,47,308
867,15,86,269
872,-41,-95,203
877,-73,-120,259
882,7,94,257
887,-14,29,290
892,-47,-149,226
897,-39,17,320
902,36,123,247
907,-42,-49,233
912,-36,-168,237
917,-2,48,271
922,11,76,309
927,-65,-138,197
932,-36,-48,314
937,-10,127,230
942,-54,-47,230
947,-36,-171,238
952,5,58,273
957,15,69,302
962,-69,-160,208
967,-34,13,325
972,7,121,263
977,-20,-67,207
982,-20,-67,207
987,-48,-153,243
992,19,106,247
997,-14,18,283
1002,-48,-205,200
1007,-32,40,316
1012,3,84,276
1017,-50,-110,194
1022,-4,-53,325
1027,-7,134,232
1032,-57,-55,221
1037,-4,-157,244
1042,-23,73,261
1047,-16,33,289
1052,-42,-176,210
1057,3,7,321
1062,11,119,259
1067,-52,-105,201
1072,26,-40,317
1077,-37,111,239
1082,-24,-44,247
1087,-46,-181,238
1092,-6,62,260
1097,11,45,284
1102,-52,-161,211
1107,26,9,320
1112,-20,120,267
1117,-44,-105,204
1122,-19,-52,298
1127,-21,105,226
1132,-8,-37,248
1137,-62,-183,221
1142,17,53,269
1147,20,81,314
1152,-59,-156,203
[FEATURES] f0=-21420 f1=32736 f2=39121 f3=-109000 f4=71000 f5=180000 f6=26745 f7=-22770 f8=80098 f9=83272 f10=-205000 f11=134000 f12=339000 f13=66843 f14=256840 f15=28929 f16=258464 f17=194000 f18=325000 f19=131000 f20=22532
[SCALED_FEATURES] f0=3044 f1=-638 f2=-817 f3=516 f4=-301 f5=-409 f6=-646 f7=-4095 f8=-567 f9=-555 f10=319 f11=-490 f12=-407 f13=-595 f14=-78 f15=-424 f16=-372 f17=345 f18=-385 f19=-372 f20=-448
[FEATURES_X] mean=-21420 std=32736 rms=39121 min=-109000 max=71000 p2p=180000 mad=26745
[FEATURES_Y] mean=-22770 std=80098 rms=83272 min=-205000 max=134000 p2p=339000 mad=66843
[FEATURES_Z] mean=256840 std=28929 rms=258464 min=194000 max=325000 p2p=131000 mad=22532
[CLASS] CLASS=normal ID=0 scores_x1000=[5752,1506,-7258]
[CLASS_STATS] condition=normal total_windows=1
predicted_count=[1,0,0]
correct_windows=1
accuracy_x1000=1000
current_prediction=0
[CLASS_TIMING] sample_interval_ms=5 window_acquisition_ms=995 feature_extract_ms=7 inference_ms=1 total_cycle_ms=1067
1252,2,108,257
1254,-62,-109,200
1257,-62,-109,200
1259,25,-41,315
1262,25,-41,315
1264,-38,114,233
1267,-38,114,233
1269,-25,-45,258
1272,-25,-45,258
1274,-49,-179,231
1277,-49,-179,231
1279,11,57,277
1282,11,57,277
1284,28,74,306
1286,28,74,306
1289,-67,-156,202
1291,-67,-156,202
1294,-2,27,324
1296,-2,27,324
1298,4,116,258
1301,4,116,258
1303,-14,-75,199
1305,-14,-75,199
1308,-14,-75,199
1310,-72,-131,259
1313,-72,-131,259
1316,29,105,239
1318,29,105,239
1320,-13,8,286
1323,-13,8,286
1325,-45,-208,204
1328,-45,-208,204
1330,-19,47,321
1332,-19,47,321
1335,5,85,286
1337,5,85,286
1339,-45,-120,196
1342,-45,-120,196
1347,-3,-59,323
1352,1,128,234
1357,-44,-53,229
1362,-28,-167,244
1367,-18,65,255
1372,10,40,281
1377,-50,-169,214
1382,35,12,323
1387,-15,118,270
1392,-41,-96,208
1397,-43,-70,293
1402,8,115,237
1407,6,-19,265
1412,-70,-193,214
1417,14,47,287
1422,-3,87,298
1427,-59,-141,192
1432,-54,-12,331
1437,9,117,251
1442,-37,-61,226
1447,-14,-156,241
1452,11,96,253
1457,-17,28,283
1462,-59,-193,202
1467,-35,20,312
1472,5,93,260
1477,-54,-116,198
1482,25,-49,311
1487,-21,112,243
1492,-36,-44,242
1497,-50,-162,241
1502,-18,57,261
1507,10,54,292
1512,-59,-166,211
1517,18,17,324
1522,-21,118,259
1527,-24,-87,201
1532,-75,-108,265
1537,34,112,242
1542,-10,0,282
1547,-68,-214,194
1552,-7,52,308
1557,2,87,289
1562,2,87,289
1567,-45,-122,194
1572,-6,-60,325
1577,5,122,239
1582,-45,-55,228
1587,-5,-155,248
1592,-24,77,254
1597,-15,35,291
1602,-43,-176,217
1607,-7,4,322
1612,-11,113,259
1617,-52,-111,200
1622,42,-42,322
1627,-37,105,239
1632,-38,-45,258
1637,-53,-174,243
1642,-14,59,269
1647,5,49,291
1652,-48,-151,207
1657,27,16,323
1662,-20,125,271
1667,-41,-105,199
1672,-41,-62,293
1677,0,112,243
1682,6,-18,269
1687,-61,-192,213
1692,7,46,278
1697,6,81,303
1702,-69,-145,199
1707,-55,3,334
1712,26,121,256
1717,-35,-70,217
1722,-41,-152,249
1727,4,95,249
1732,-9,31,292
1737,-53,-189,207
1742,-26,13,313
1747,11,102,259
1752,-53,-109,200
1757,30,-39,320
1762,-41,110,228
1767,-23,-43,245
1772,-59,-186,229
1777,2,57,267
1782,23,67,308
1787,-70,-161,199
1792,-31,16,329
1797,6,115,257
1802,-24,-65,218
1807,-31,-157,243
1812,5,88,250
1817,-21,28,287
1822,-56,-192,202
1827,-19,7,321
1832,2,107,259
1837,-57,-103,198
1842,4,-34,309
1847,-19,107,223
1852,-19,107,223
1857,-19,-33,254
1862,-73,-189,209
1867,6,49,289
1872,10,85,297
1877,-48,-131,192
1882,0,-51,324
1887,-14,124,233
1892,-46,-47,240
1897,-32,-170,239
1902,-5,56,271
1907,23,59,306
1912,-68,-157,208
1917,-27,18,332
1922,13,133,259
1927,-20,-71,218
1932,-16,-151,243
1937,-2,86,266
1942,-26,38,282
1947,-30,-162,220
1952,26,6,318
1957,-11,119,265
1962,-39,-78,203
1967,-69,-126,258
1972,28,109,240
1977,-6,33,293
1982,-52,-189,207
1987,-7,3,323
1992,-7,111,266
1997,-43,-97,202
2002,-71,-90,274
2007,19,105,237
2012,-1,18,285
2017,-52,-194,204
2022,-12,1,322
2027,-18,107,263
2032,-41,-102,203
2037,-57,-88,275
2042,31,110,243
2047,-8,29,284
2052,-50,-190,210
2057,3,1,326
2062,-20,105,268
2067,-32,-88,205
2072,-71,-119,258
2077,24,99,236
2082,-23,34,293
2087,-44,-183,210
2092,10,-2,317
2097,-12,112,265
2102,-38,-85,203
2107,-64,-126,257
2112,18,91,245
2117,-31,31,286
2122,-41,-166,218
2127,27,7,312
2132,-12,119,258
2137,-12,119,258
2142,-15,-74,206
2147,-16,-151,240
2152,-16,76,256
[FEATURES] f0=-19690 f1=28661 f2=34773 f3=-75000 f4=42000 f5=117000 f6=24038 f7=-18070 f8=104329 f9=105882 f10=-214000 f11=133000 f12=347000 f13=92484 f14=256420 f15=40397 f16=259582 f17=192000 f18=334000 f19=142000 f20=33671
[SCALED_FEATURES] f0=3656 f1=-714 f2=-908 f3=903 f4=-607 f5=-757 f6=-706 f7=-2658 f8=-437 f9=-434 f10=284 f11=-494 f12=-392 f13=-443 f14=-120 f15=-245 f16=-335 f17=323 f18=-296 f19=-313 f20=-256
[FEATURES_X] mean=-19690 std=28661 rms=34773 min=-75000 max=42000 p2p=117000 mad=24038
[FEATURES_Y] mean=-18070 std=104329 rms=105882 min=-214000 max=133000 p2p=347000 mad=92484
[FEATURES_Z] mean=256420 std=40397 rms=259582 min=192000 max=334000 p2p=142000 mad=33671
[CLASS] CLASS=normal ID=0 scores_x1000=[7874,2705,-10580]
[CLASS_STATS] condition=normal total_windows=2
predicted_count=[2,0,0]
correct_windows=2
accuracy_x1000=1000
current_prediction=0
[CLASS_TIMING] sample_interval_ms=5 window_acquisition_ms=900 feature_extract_ms=6 inference_ms=1 total_cycle_ms=972
2252,-51,-171,225
2255,17,44,289
2257,17,44,289
2259,17,44,289
2262,0,88,287
2264,0,88,287
2266,-36,-97,204
2269,-36,-97,204
2271,15,-43,314
2273,15,-43,314
2276,9,118,240
2278,9,118,240
2280,13,5,280
2283,13,5,280
2285,13,5,280
2287,-81,-205,201
2290,-81,-205,201
2292,-27,-1,314
2295,-27,-1,314
2297,1,109,263
2299,1,109,263
2302,-36,-81,208
2304,-36,-81,208
2307,-38,-140,248
2309,-38,-140,248
2312,-18,73,253
2314,-18,73,253
2317,0,39,290
2319,0,39,290
2321,-60,-147,218
2324,-60,-147,218
2326,-56,-7,323
2329,-56,-7,323
2331,14,122,237
2333,14,122,237
2336,14,122,237
2338,-40,-39,243
2342,-48,-174,229
2347,14,42,285
2352,4,88,275
2357,-40,-106,201
2362,-10,-41,301
2367,19,117,244
2372,10,16,283
2377,-53,-193,204
2382,-1,0,322
2387,-13,109,259
2392,-13,-69,205
2397,-18,-154,238
2402,-15,78,254
2407,-10,33,291
2412,-74,-154,212
2417,-60,-18,319
2422,6,119,233
2427,6,119,233
2432,-33,-44,240
2437,-49,-179,225
2442,13,42,286
2447,9,91,292
2452,-41,-110,203
2457,28,-39,309
2462,-11,115,235
2467,4,-8,278
2472,-69,-204,199
2477,-26,20,314
2482,-13,107,259
2487,-44,-96,205
2492,-61,-88,272
2497,24,103,241
2502,-22,34,283
2507,-44,-172,222
2512,27,3,322
2517,-11,116,258
2522,-16,-75,198
2527,-33,-150,239
2532,-11,78,258
2537,-23,35,288
2542,-42,-153,219
2547,-18,13,327
2552,11,121,253
2557,-35,-56,225
2562,-16,-162,243
2567,-4,59,270
2572,10,69,297
2577,-66,-145,197
2582,-16,-51,319
2587,-25,109,240
2592,-30,-36,252
2597,-57,-185,212
2602,-10,42,305
2607,3,89,268
2612,-37,-100,209
2617,-55,-69,282
2622,22,99,249
2627,-1,30,288
2632,-47,-172,217
2637,30,8,321
2642,-9,119,255
2647,-21,-63,220
2652,-21,-159,244
2657,7,57,272
2662,19,81,303
2667,-66,-121,197
2672,23,-52,308
2677,-16,107,230
2682,4,-2,277
2687,-74,-194,209
2692,4,0,318
2697,-14,112,252
2702,-17,-58,221
2707,-27,-153,242
2712,-2,51,268
2717,-2,51,268
2722,1,89,292
2727,-37,-110,209
2732,-35,-53,298
2737,26,108,254
2742,-17,38,282
2747,-38,-151,217
2752,-54,7,309
2757,4,120,233
2762,-35,-36,261
2767,-63,-197,207
2772,-23,14,307
2777,-9,112,269
2782,-25,-69,208
2787,-24,-155,243
2792,10,47,275
2797,20,92,299
2802,-38,-104,212
2807,-54,-67,284
2812,30,104,247
2817,-27,34,288
2822,-47,-146,223
2827,-68,-18,315
2832,-12,108,235
2837,-29,-35,250
2842,-63,-193,204
2847,-16,10,311
2852,-15,111,266
2857,-13,-59,226
2862,-56,-168,242
2867,16,49,276
2872,-4,80,286
2877,-34,-91,205
2882,-67,-105,265
2887,-4,80,257
2892,-9,35,291
2897,-76,-131,210
2902,10,-49,314
2907,-22,106,229
2912,7,12,277
2917,-54,-171,218
2922,9,16,312
2927,28,117,249
2932,-44,-34,240
2937,-45,-189,205
2942,-45,23,310
2947,1,114,264
2952,-24,-68,209
2957,-39,-149,243
2962,15,44,272
2967,4,89,293
2972,-39,-94,208
2977,-73,-91,271
2982,3,83,252
2987,-15,33,284
2992,-74,-136,207
2997,-1,-57,314
3002,-30,109,226
3007,-30,109,226
3012,9,8,281
3017,-63,-178,210
3022,16,10,313
3027,30,118,252
3032,-38,-33,241
3037,-53,-185,217
3042,-50,28,302
3047,5,107,260
3052,-40,-71,204
3057,-21,-152,241
3062,1,53,277
3067,13,87,300
3072,-35,-107,208
3077,-43,-60,287
3082,33,111,251
3087,-35,33,281
3092,-63,-150,220
3097,-44,-38,311
3102,-29,110,247
3107,-5,-20,268
3112,-78,-194,212
3117,24,0,317
3122,2,119,259
3127,-19,-48,225
3132,-48,-170,233
3137,14,42,277
3142,-4,82,284
3147,-33,-96,206
3152,-65,-92,265
[FEATURES] f0=-19340 f1=28411 f2=34369 f3=-81000 f4=33000 f5=114000 f6=24140 f7=-15635 f8=100219 f9=101431 f10=-205000 f11=122000 f12=327000 f13=87125 f14=257155 f15=36645 f16=259752 f17=197000 f18=327000 f19=130000 f20=31569
[SCALED_FEATURES] f0=3780 f1=-718 f2=-917 f3=834 f4=-701 f5=-774 f6=-704 f7=-1913 f8=-459 f9=-458 f10=319 f11=-536 f12=-431 f13=-475 f14=-46 f15=-304 f16=-330 f17=379 f18=-365 f19=-378 f20=-292
[FEATURES_X] mean=-19340 std=28411 rms=34369 min=-81000 max=33000 p2p=114000 mad=24140
[FEATURES_Y] mean=-15635 std=100219 rms=101431 min=-205000 max=122000 p2p=327000 mad=87125
[FEATURES_Z] mean=257155 std=36645 rms=259752 min=197000 max=327000 p2p=130000 mad=31569
[CLASS] CLASS=normal ID=0 scores_x1000=[8298,2802,-11101]
[CLASS_STATS] condition=normal total_windows=3
predicted_count=[3,0,0]
correct_windows=3
accuracy_x1000=1000
current_prediction=0
[CLASS_TIMING] sample_interval_ms=5 window_acquisition_ms=900 feature_extract_ms=7 inference_ms=1 total_cycle_ms=972
3384,16,91,251
3386,-28,36,282
3388,-28,36,282
3391,-38,-163,217
3393,-38,-163,217
3396,17,19,316
3398,17,19,316
3401,6,123,260
3403,6,123,260
3405,-18,-58,228
3408,-18,-58,228
3410,-11,-160,248
3413,-11,-160,248
3415,-13,62,260
3418,-13,62,260
3420,10,57,300
3422,10,57,300
3425,-66,-153,208
3427,-66,-153,208
3430,-52,-34,327
3432,-52,-34,327
3435,-1,121,229
3437,-1,121,229
3440,-1,121,229
3442,-41,-44,239
3444,-41,-44,239
3447,-36,-167,240
3450,-36,-167,240
3452,20,46,278
3454,20,46,278
3457,6,87,300
3459,6,87,300
3461,-46,-113,204
3464,-46,-113,204
3466,25,-49,318
3469,25,-49,318
3471,-44,102,232
3474,-44,102,232
3476,-16,-30,252
3479,-16,-30,252
3481,-70,-192,209
3484,-70,-192,209
3486,-4,47,304
3489,-4,47,304
3491,-3,86,285
3493,-3,86,285
3495,-3,86,285
3498,-46,-116,208
3500,-46,-116,208
3503,22,-46,316
3505,22,-46,316
3508,-36,115,233
3510,-36,115,233
3513,-21,-28,250
3515,-21,-28,250
3518,-48,-186,217
3520,-48,-186,217
3523,5,57,285
3525,5,57,285
3527,-1,78,299
3529,-1,78,299
3532,-47,-113,197
3534,-47,-113,197
3537,11,-56,323
3539,11,-56,323
3542,-36,103,240
3544,-36,103,240
3547,-35,-42,249
3549,-35,-42,249
3552,-35,-42,249
3554,-50,-181,221
3557,-50,-181,221
3559,20,55,279
3562,20,55,279
3564,0,79,295
3566,0,79,295
3568,-47,-115,195
3571,-47,-115,195
3574,19,-57,318
3576,19,-57,318
3578,-45,107,237
3581,-45,107,237
3583,-21,-37,251
3586,-21,-37,251
3588,-47,-187,218
3591,-47,-187,218
3593,16,48,289
3596,16,48,289
3598,3,88,293
3602,3,88,293
3607,-47,-123,205
3612,17,-50,315
3617,-34,104,230
3622,-14,-34,255
3627,-60,-196,208
3632,-16,46,312
3637,7,97,266
3642,-42,-99,206
3647,-19,-46,300
3652,11,118,249
3657,8,7,276
3662,-67,-200,199
3667,-27,9,309
3672,4,112,270
3677,-46,-99,208
3682,-60,-82,283
3687,27,121,242
3692,-2,24,287
3697,-57,-191,207
3702,-8,0,322
3707,-18,110,268
3712,-45,-87,208
3717,-63,-133,252
3722,2,90,253
3727,-25,36,282
3732,-40,-154,216
3737,-4,16,329
3742,24,129,255
3747,-28,-49,218
3752,-31,-162,240
3757,3,47,271
3762,29,79,295
3767,-61,-127,198
3772,11,-57,320
3777,-43,100,231
3782,-31,-32,254
3787,-61,-200,200
3792,-27,38,310
3797,4,98,264
3802,-40,-93,207
3807,-73,-102,266
3812,22,100,248
3817,-26,27,286
3822,-35,-161,222
3827,7,15,322
3832,8,116,260
3837,-23,-49,227
3842,-32,-168,242
3847,5,50,270
3852,6,86,302
3857,-38,-111,204
3862,31,-51,309
3867,-5,109,241
3872,16,8,279
3877,16,8,279
3882,-81,-197,201
3887,8,-5,318
3892,-15,121,266
3897,-20,-68,220
3902,-19,-153,247
3907,-16,66,260
3912,27,79,295
3917,-58,-120,193
3922,18,-46,322
3927,-26,102,235
3932,4,5,279
3937,-90,-200,204
3942,10,-1,317
3947,-22,114,266
3952,-18,-73,213
3957,-15,-154,244
3962,-4,59,262
3967,19,84,297
3972,-49,-121,191
3977,21,-45,315
3982,-8,110,241
3987,2,8,277
3992,-80,-190,202
3997,20,5,315
4002,-14,111,258
4007,-23,-58,229
4012,-22,-151,246
4017,7,60,272
4022,12,77,294
4027,-38,-124,197
4032,33,-41,312
4037,-17,111,235
4042,9,6,281
4047,-79,-195,200
4052,15,1,325
4057,-21,108,252
4062,-15,-70,203
4067,-13,-153,234
4072,-19,70,258
4077,17,53,303
4082,-76,-145,204
4087,-49,-45,319
4092,-2,121,239
4097,-42,-41,250
4102,-60,-183,209
4107,-20,35,304
4112,11,97,261
4117,-40,-98,212
4122,-48,-107,264
4127,14,87,247
4132,-22,35,280
4137,-47,-154,214
4142,-51,-1,316
4147,28,121,239
4152,-31,-43,246
[FEATURES] f0=-17910 f1=28288 f2=33481 f3=-90000 f4=33000 f5=123000 f6=24120 f7=-17290 f8=100821 f9=102292 f10=-200000 f11=129000 f12=329000 f13=88152 f14=257859 f15=38886 f16=260775 f17=191000 f18=329000 f19=138000 f20=33302
[SCALED_FEATURES] f0=4286 f1=-721 f2=-936 f3=732 f4=-701 f5=-724 f6=-704 f7=-2419 f8=-456 f9=-453 f10=339 f11=-509 f12=-427 f13=-468 f14=24 f15=-269 f16=-296 f17=311 f18=-346 f19=-335 f20=-263
[FEATURES_X] mean=-17910 std=28288 rms=33481 min=-90000 max=33000 p2p=123000 mad=24120
[FEATURES_Y] mean=-17290 std=100821 rms=102292 min=-200000 max=129000 p2p=329000 mad=88152
[FEATURES_Z] mean=257859 std=38886 rms=260775 min=191000 max=329000 p2p=138000 mad=33302
[CLASS] CLASS=normal ID=0 scores_x1000=[9068,3377,-12445]
[CLASS_STATS] condition=normal total_windows=4
predicted_count=[4,0,0]
correct_windows=4
accuracy_x1000=1000
current_prediction=0
[CLASS_TIMING] sample_interval_ms=5 window_acquisition_ms=768 feature_extract_ms=7 inference_ms=1 total_cycle_ms=840
4252,-74,-148,209
4255,-24,-51,316
4257,-24,-51,316
4260,-29,104,236
4262,-29,104,236
4265,3,-12,272
4267,3,-12,272
4269,-84,-198,206
4272,-84,-198,206
4274,12,2,324
4276,12,2,324
4279,12,2,324
4281,-8,112,256
4283,-8,112,256
4286,-18,-59,227
4288,-18,-59,227
4291,-35,-155,247
4293,-35,-155,247
4296,7,51,275
4298,7,51,275
4300,4,84,298
4303,4,84,298
4305,4,84,298
4307,-40,-112,205
4310,-40,-112,205
4312,11,-42,312
4314,11,-42,312
4317,14,120,242
4319,14,120,242
4322,12,20,281
4324,12,20,281
4326,-47,-173,219
4329,-47,-173,219
4331,29,4,312
4334,29,4,312
4336,3,113,258
4338,3,113,258
4342,-18,-52,220
4347,-52,-170,234
4352,23,46,284
4357,9,89,288
4362,-38,-99,201
4367,-56,-72,282
4372,28,113,247
4377,-26,28,286
4382,-42,-160,219
4387,-28,6,323
4392,31,138,250
4397,-33,-47,237
4402,-56,-169,225
4407,19,42,278
4412,6,86,274
4417,-44,-103,204
4422,-45,-70,278
4427,21,102,249
4432,-24,30,284
4437,-39,-156,226
4442,-4,7,328
4447,29,132,252
4452,-34,-47,235
4457,-34,-47,235
4462,-60,-173,230
4467,14,40,281
4472,1,86,281
4477,-39,-103,207
4482,-43,-65,278
4487,28,100,247
4492,-31,28,282
4497,-35,-151,228
4502,-15,14,318
4507,25,130,248
4512,-40,-42,243
4517,-57,-182,228
4522,-5,37,309
4527,6,93,261
4532,-47,-99,214
4537,-60,-108,263
4542,7,81,263
4547,-21,38,280
4552,-72,-151,219
4557,-47,-35,317
4562,-17,113,237
4567,-15,-33,256
4572,-83,-204,204
4577,-8,8,311
4582,-19,108,259
4587,-17,-69,207
4592,-28,-150,233
4597,-8,61,267
4602,20,74,296
4607,-51,-119,195
4612,18,-47,309
4617,6,117,245
4622,2,19,288
4627,-48,-172,224
4632,4,13,312
4637,16,124,253
4642,-27,-41,237
4647,-43,-165,234
4652,2,45,291
4657,2,82,268
4662,-40,-91,214
4667,-59,-102,264
4672,7,83,252
4677,-35,28,275
4682,-59,-143,222
4687,-47,-27,319
4692,-21,113,234
4697,-23,-32,253
4702,-67,-205,211
4707,-24,13,313
4712,-11,109,259
4717,-23,-73,203
4722,-14,-148,242
4727,-11,59,262
4732,17,71,297
4737,-65,-123,192
4742,17,-62,310
4747,17,-62,310
4752,-25,109,231
4757,2,-1,284
4762,-76,-195,208
4767,0,2,320
4772,-10,120,260
4777,-22,-65,218
4782,-16,-155,239
4787,-15,68,261
4792,7,61,296
4797,-78,-145,201
4802,-17,-48,322
4807,-41,106,240
4812,-38,-41,246
4817,-59,-176,209
4822,-5,37,301
4827,0,87,262
4832,-48,-102,205
4837,-25,-51,288
4842,13,115,242
4847,6,14,274
4852,-67,-197,207
4857,-14,2,324
4862,-19,111,264
4867,-33,-90,205
4872,-66,-124,250
4877,20,103,244
4882,-17,27,292
4887,-60,-177,219
4892,24,-1,316
4897,-9,110,262
4902,-25,-74,200
4907,-36,-146,243
4912,-1,84,252
4917,-33,35,281
4922,-44,-158,218
4927,2,16,323
4932,4,123,254
4937,-23,-61,224
4942,-12,-150,237
4947,-24,70,256
4952,-12,49,290
4957,-70,-158,213
4962,-51,-2,324
4967,30,133,247
4972,-34,-54,234
4977,-48,-164,239
4982,5,44,267
4987,12,80,297
4992,-54,-131,194
4997,7,-56,318
5002,-25,104,236
5007,-27,-27,254
5012,-63,-191,217
5017,-20,33,302
5022,7,91,269
5027,-53,-113,208
5032,-11,-42,299
5037,-11,-42,299
5042,4,116,239
5047,-4,-6,278
5052,-67,-202,204
5057,-35,22,314
5062,-10,104,260
5067,-35,-96,207
5072,-70,-95,269
5077,28,102,247
5082,-19,25,285
5087,-37,-161,224
5092,24,4,315
5097,-11,109,253
5102,-23,-65,216
5107,-16,-156,240
5112,-20,71,253
5117,-1,50,293
5122,-64,-145,205
5127,-58,-17,324
5132,14,131,241
5137,-41,-43,244
5142,-42,-170,234
5147,24,45,289
5152,-4,91,285
[FEATURES] f0=-19160 f1=28203 f2=34096 f3=-84000 f4=31000 f5=115000 f6=23586 f7=-17990 f8=99981 f9=101587 f10=-205000 f11=138000 f12=343000 f13=86719 f14=258505 f15=36798 f16=261111 f17=192000 f18=328000 f19=136000 f20=31160
[SCALED_FEATURES] f0=3844 f1=-722 f2=-923 f3=800 f4=-723 f5=-768 f6=-716 f7=-2633 f8=-461 f9=-457 f10=319 f11=-475 f12=-400 f13=-477 f14=89 f15=-301 f16=-285 f17=323 f18=-356 f19=-346 f20=-299
[FEATURES_X] mean=-19160 std=28203 rms=34096 min=-84000 max=31000 p2p=115000 mad=23586
[FEATURES_Y] mean=-17990 std=99981 rms=101587 min=-205000 max=138000 p2p=343000 mad=86719
[FEATURES_Z] mean=258505 std=36798 rms=261111 min=192000 max=328000 p2p=136000 mad=31160
[CLASS] CLASS=normal ID=0 scores_x1000=[8212,2814,-11027]
[CLASS_STATS] condition=normal total_windows=5
predicted_count=[5,0,0]
correct_windows=5
accuracy_x1000=1000
current_prediction=0
[CLASS_TIMING] sample_interval_ms=5 window_acquisition_ms=900 feature_extract_ms=6 inference_ms=0 total_cycle_ms=971
5252,-55,-134,249
5254,-55,-134,249
5257,1,79,257
5259,1,79,257
5261,-19,31,280
5264,-19,31,280
5266,-19,31,280
5268,-62,-154,213
5271,-62,-154,213
5274,-53,-5,316
5276,-53,-5,316
5278,10,124,231
5281,10,124,231
5283,-38,-44,241
5286,-38,-44,241
5288,-43,-170,221
5291,-43,-170,221
5293,9,35,301
5295,9,35,301
5298,4,88,271
5300,4,88,271
5302,-34,-100,205
5305,-34,-100,205
5307,-48,-75,279
5310,-48,-75,279
5312,21,99,241
5315,21,99,241
5317,21,99,241
5319,-27,26,284
5322,-27,26,284
5324,-33,-150,222
5327,-33,-150,222
5329,-10,13,319
5332,-10,13,319
5334,24,131,241
5336,24,131,241
5339,-35,-50,239
5342,-35,-50,239
5347,-42,-164,228
5352,11,39,292
5357,-1,88,277
5362,-34,-96,204
5367,-39,-59,283
5372,25,113,253
5377,-7,31,284
5382,-43,-158,222
5387,23,9,314
5392,3,126,257
5397,-22,-50,228
5402,-55,-167,238
5407,0,49,275
5412,11,87,290
5417,-44,-118,200
5422,22,-41,311
5427,-7,112,236
5432,-2,4,279
5437,-71,-191,210
5442,18,-4,319
5447,-18,112,257
5452,-22,-59,227
5457,-20,-153,243
5462,-12,57,261
5467,19,78,296
5472,-45,-117,192
5477,24,-55,317
5482,-18,110,229
5487,6,0,284
5492,-73,-195,207
5497,9,-5,317
5502,-11,111,250
5507,-19,-63,221
5512,-19,-156,243
5517,2,49,277
5522,18,84,292
5527,-40,-97,212
5532,-22,-52,292
5537,23,112,249
5542,-18,28,286
5547,-34,-154,229
5552,-26,7,316
5557,23,122,255
5562,-42,-43,241
5567,-47,-179,222
5572,-9,40,293
5577,8,82,270
5582,-38,-90,210
5587,-69,-111,261
5592,11,81,251
5597,-26,33,278
5602,-70,-150,214
5607,-43,-32,320
5612,-13,116,234
5617,-13,116,234
5622,-43,-38,254
5627,-68,-193,204
5632,-30,19,311
5637,-8,115,259
5642,-27,-80,217
5647,-21,-152,237
5652,-19,69,258
5657,18,77,295
5662,-69,-128,203
5667,13,-52,314
5672,-19,109,238
5677,8,1,274
5682,-83,-190,209
5687,26,-6,322
5692,-2,117,257
5697,-14,-59,227
5702,-36,-156,245
5707,12,50,275
5712,10,86,297
5717,-41,-120,200
5722,27,-51,310
5727,-14,115,235
5732,2,-1,276
5737,-86,-197,204
5742,14,-1,320
5747,-12,114,264
5752,-20,-74,208
5757,-25,-153,242
5762,-11,59,266
5767,17,71,299
5772,-74,-128,199
5777,13,-64,310
5782,-38,107,228
5787,-3,-13,274
5792,-73,-209,202
5797,-16,1,308
5802,-1,114,263
5807,-22,-78,203
5812,-18,-150,240
5817,-10,77,259
5822,10,65,292
5827,-71,-140,198
5832,16,-55,313
5837,-22,108,231
5842,-8,-7,273
5847,-79,-192,209
5852,20,0,320
5857,-2,115,254
5862,-22,-53,223
5867,-60,-173,226
5872,6,42,275
5877,-8,81,276
5882,-39,-97,207
5887,-67,-89,269
5892,14,88,245
5897,-27,32,278
5902,-62,-148,223
5907,-65,-25,314
5912,-65,-25,314
5917,-2,118,242
5922,-43,-40,255
5927,-70,-191,200
5932,-33,10,316
5937,-3,108,273
5942,-24,-71,216
5947,-13,-150,244
5952,0,64,266
5957,12,84,296
5962,-43,-118,203
5967,-7,-39,309
5972,23,120,248
5977,-15,22,286
5982,-35,-156,227
5987,-8,14,323
5992,32,130,243
5997,-37,-35,243
6002,-36,-176,218
6007,-15,33,302
6012,17,100,265
6017,-39,-87,213
6022,-49,-132,252
6027,-19,67,260
6032,-1,46,291
6037,-68,-141,203
6042,11,-62,316
6047,-26,106,231
6052,-6,-13,276
6057,-87,-195,208
6062,22,2,319
6067,-3,120,261
6072,-26,-57,218
6077,-44,-165,236
6082,19,41,283
6087,-10,84,288
6092,-38,-97,202
6097,-50,-73,277
6102,24,96,243
6107,-24,34,282
6112,-42,-151,213
6117,-59,5,309
6122,20,120,237
6127,-41,-39,248
6132,-46,-180,209
6137,-32,36,306
6142,8,92,262
6147,-47,-93,207
6152,-53,-124,253
[FEATURES] f0=-19660 f1=28581 f2=34690 f3=-87000 f4=32000 f5=119000 f6=23822 f7=-17715 f8=99766 f9=101327 f10=-209000 f11=131000 f12=340000 f13=86975 f14=256725 f15=36220 f16=259267 f17=192000 f18=323000 f19=131000 f20=30906
[SCALED_FEATURES] f0=3667 f1=-715 f2=-910 f3=766 f4=-712 f5=-746 f6=-711 f7=-2549 f8=-462 f9=-458 f10=303 f11=-502 f12=-406 f13=-475 f14=-89 f15=-311 f16=-346 f17=323 f18=-405 f19=-372 f20=-304
[FEATURES_X] mean=-19660 std=28581 rms=34690 min=-87000 max=32000 p2p=119000 mad=23822
[FEATURES_Y] mean=-17715 std=99766 rms=101327 min=-209000 max=131000 p2p=340000 mad=86975
[FEATURES_Z] mean=256725 std=36220 rms=259267 min=192000 max=323000 p2p=131000 mad=30906
[CLASS] CLASS=normal ID=0 scores_x1000=[7773,2596,-10370]
[CLASS_STATS] condition=normal total_windows=6
predicted_count=[6,0,0]
correct_windows=6
accuracy_x1000=1000
current_prediction=0
[CLASS_TIMING] sample_interval_ms=5 window_acquisition_ms=900 feature_extract_ms=7 inference_ms=1 total_cycle_ms=972
6252,-27,37,301
6254,2,106,259
6257,2,106,259
6259,-42,-95,210
6261,-42,-95,210
6264,-67,-112,263
6267,-67,-112,263
6269,17,94,246
6271,17,94,246
6274,-32,37,280
6276,-32,37,280
6279,-32,37,280
6281,-45,-147,218
6284,-45,-147,218
6286,-26,10,326
6288,-26,10,326
6291,35,121,252
6293,35,121,252
6296,-40,-53,234
6298,-40,-53,234
6301,-38,-165,230
6303,-38,-165,230
6306,11,36,277
6308,11,36,277
6310,4,93,290
6313,4,93,290
6315,-40,-106,215
6317,-40,-106,215
6320,9,-37,313
6322,9,-37,313
6325,8,114,239
6327,8,114,239
6329,8,114,239
6332,9,13,280
6334,9,13,280
6336,-78,-187,207
6339,-78,-187,207
6342,13,-10,315
6347,-12,117,262
6352,-19,-75,203
6357,-14,-150,240
6362,-25,69,258
6367,-13,47,292
6372,-77,-154,214
6377,-51,-9,324
6382,19,130,247
6387,-40,-48,237
6392,-44,-165,235
6397,14,43,274
6402,15,88,295
6407,-47,-126,192
6412,22,-61,321
6417,-31,107,238
6422,-20,-32,260
6427,-57,-194,210
6432,-25,36,303
6437,1,96,265
6442,-50,-98,202
6447,-50,-74,278
6452,29,108,244
6457,-23,32,280
6462,-40,-164,223
6467,16,3,310
6472,-7,117,255
6477,-22,-64,228
6482,-36,-148,245
6487,-36,-148,245
6492,-9,58,263
6497,12,80,303
6502,-66,-125,199
6507,16,-56,316
6512,-38,105,234
6517,1,-23,264
6522,-77,-201,199
6527,-27,15,314
6532,8,112,259
6537,-44,-91,206
6542,-45,-136,246
6547,2,81,260
6552,-24,33,290
6557,-49,-149,221
6562,-58,-3,321
6567,17,123,234
6572,-43,-40,242
6577,-44,-171,226
6582,-19,32,309
6587,-7,90,270
6592,-39,-99,200
6597,-59,-76,276
6602,30,106,245
6607,-26,31,280
6612,-30,-155,231
6617,9,13,319
6622,19,128,251
6627,-21,-50,226
6632,-35,-167,246
6637,5,43,275
6642,7,85,288
6647,-40,-103,209
6652,-1,-50,306
6657,12,110,246
6662,7,19,284
6667,-46,-162,218
6672,27,-2,313
6677,11,117,255
6682,-20,-51,232
6687,-44,-164,242
6692,18,37,278
6697,0,84,284
6702,-32,-96,201
6707,-53,-78,277
6712,21,98,241
6717,-30,26,278
6722,-44,-148,214
6727,-56,-2,315
6732,16,126,235
6737,-46,-42,247
6742,-53,-178,209
6747,-32,25,311
6752,9,104,269
6757,-41,-79,211
6762,-32,-143,237
6767,-21,68,259
6772,-21,68,259
6777,8,52,287
6782,-86,-144,204
6787,10,-50,309
6792,-25,113,231
6797,-1,-13,275
6802,-84,-191,212
6807,15,-1,313
6812,-11,117,252
6817,-7,-62,220
6822,-44,-158,250
6827,20,38,280
6832,0,88,285
6837,-32,-97,212
6842,-55,-76,280
6847,20,89,251
6852,-35,35,280
6857,-47,-149,219
6862,-55,-19,315
6867,-20,115,230
6872,-37,-39,257
6877,-68,-191,207
6882,-31,14,312
6887,2,115,271
6892,-35,-78,210
6897,-24,-149,247
6902,-19,64,261
6907,17,71,295
6912,-66,-131,197
6917,28,-49,316
6922,-19,102,233
6927,3,1,274
6932,-76,-196,207
6937,35,0,321
6942,-14,115,256
6947,-16,-56,221
6952,-39,-164,240
6957,21,50,280
6962,1,85,291
6967,-36,-102,206
6972,-29,-49,293
6977,37,108,252
6982,-28,33,283
6987,-38,-154,220
6992,-31,4,319
6997,30,126,244
7002,-35,-34,242
7007,-42,-177,212
7012,-20,36,308
7017,5,94,272
7022,-39,-82,205
7027,-59,-135,247
7032,-2,78,258
7037,-19,34,292
7042,-70,-145,214
7047,-33,-37,323
7052,-14,115,233
7057,-36,-34,256
7062,-36,-34,256
7067,-66,-195,205
7072,-39,21,311
7077,5,109,257
7082,-38,-82,203
7087,-34,-150,242
7092,-21,66,259
7097,13,53,293
7102,-85,-135,207
7107,-7,-48,310
7112,-28,114,243
7117,-21,-24,268
7122,-84,-209,201
7127,-26,11,320
7132,-6,119,259
7137,-32,-80,210
7142,-16,-148,241
7147,-22,63,252
7152,11,61,295
[FEATURES] f0=-20845 f1=28714 f2=35483 f3=-86000 f4=37000 f5=123000 f6=23990 f7=-17380 f8=99778 f9=101280 f10=-209000 f11=130000 f12=339000 f13=87398 f14=256739 f15=35891 f16=259236 f17=192000 f18=326000 f19=134000 f20=30089
[SCALED_FEATURES] f0=3247 f1=-713 f2=-893 f3=778 f4=-659 f5=-724 f6=-707 f7=-2447 f8=-462 f9=-458 f10=303 f11=-506 f12=-407 f13=-473 f14=-88 f15=-316 f16=-347 f17=323 f18=-375 f19=-356 f20=-318
[FEATURES_X] mean=-20845 std=28714 rms=35483 min=-86000 max=37000 p2p=123000 mad=23990
[FEATURES_Y] mean=-17380 std=99778 rms=101280 min=-209000 max=130000 p2p=339000 mad=87398
[FEATURES_Z] mean=256739 std=35891 rms=259236 min=192000 max=326000 p2p=134000 mad=30089
[CLASS] CLASS=normal ID=0 scores_x1000=[7134,2126,-9260]
[CLASS_STATS] condition=normal total_windows=7
predicted_count=[7,0,0]
correct_windows=7
accuracy_x1000=1000
current_prediction=0
[CLASS_TIMING] sample_interval_ms=5 window_acquisition_ms=900 feature_extract_ms=6 inference_ms=0 total_cycle_ms=971
7252,-30,-155,241
7254,-30,-155,241
7257,-22,76,260
7259,-22,76,260
7262,-3,42,287
7264,-3,42,287
7266,-71,-149,204
7269,-71,-149,204
7271,-46,-44,320
7274,-46,-44,320
7276,-8,121,242
7279,-8,121,242
7281,-8,121,242
7284,-41,-31,253
7286,-41,-31,253
7288,-62,-187,215
7291,-62,-187,215
7294,-31,33,314
7296,-31,33,314
7298,8,95,261
7301,8,95,261
7303,-42,-85,205
7305,-42,-85,205
7308,-60,-127,254
7310,-60,-127,254
7313,-9,82,266
7315,-9,82,266
7318,-40,29,289
7320,-40,29,289
7322,-51,-142,219
7325,-51,-142,219
7328,-65,-21,322
7330,-65,-21,322
7332,11,124,231
7335,11,124,231
7337,-54,-33,250
7340,-54,-33,250
7342,-48,-180,222
7347,-37,31,313
7352,-37,31,313
7357,7,92,265
7362,-39,-86,206
7367,-58,-124,242
7372,-8,82,250
7377,-35,32,282
7382,-61,-145,212
7387,-55,-15,323
7392,14,125,236
7397,-38,-44,239
7402,-37,-171,210
7407,-19,37,300
7412,0,92,269
7417,-38,-100,210
7422,-65,-93,267
7427,17,95,248
7432,-34,30,282
7437,-42,-154,222
7442,-29,14,322
7447,31,123,250
7452,-31,-54,229
7457,-54,-163,234
7462,17,40,272
7467,-2,86,285
7472,-42,-98,212
7477,0,-39,300
7482,15,109,245
7487,2,13,278
7492,-69,-194,209
7497,26,-1,324
7502,-18,111,260
7507,-27,-77,211
7512,-4,-147,248
7517,-17,75,263
7522,-26,33,287
7527,-49,-155,218
7532,-38,6,324
7537,30,126,250
7542,-32,-60,234
7547,-46,-161,241
7552,4,56,268
7557,11,70,301
7562,-68,-140,195
7567,-48,-48,321
7572,4,123,236
7577,-38,-49,231
7582,-49,-169,240
7587,9,45,272
7592,4,84,304
7597,-58,-135,195
7602,-25,-48,318
7607,-3,122,230
7612,-39,-51,233
7617,-52,-169,247
7622,7,48,267
7627,18,74,298
7632,-65,-142,201
7637,-65,-142,201
7642,-57,-28,324
7647,19,128,238
7652,-30,-53,231
7657,-42,-157,240
7662,-13,66,264
7667,0,50,287
7672,-56,-150,210
7677,-20,12,324
7682,-2,119,253
7687,-23,-70,219
7692,-27,-152,249
7697,-6,81,260
7702,-27,38,284
7707,-54,-174,221
7712,20,-2,315
7717,-7,114,267
7722,-33,-89,204
7727,-65,-90,280
7732,21,118,245
7737,-2,2,284
7742,-68,-198,203
7747,-25,36,312
7752,2,98,267
7757,-45,-110,201
7762,3,-41,303
7767,-23,109,230
7772,-19,-32,262
7777,-60,-186,212
7782,3,43,289
7787,-4,85,280
7792,-51,-115,205
7797,24,-56,318
7802,-33,109,239
7807,-45,-40,241
7812,-59,-178,222
7817,26,44,281
7822,11,86,304
7827,-61,-134,197
7832,-38,-40,319
7837,15,136,234
7842,-35,-57,229
7847,-43,-156,238
7852,-5,66,263
7857,-8,50,291
7862,-56,-158,214
7867,-33,9,325
7872,8,127,255
7877,-29,-69,221
7882,-15,-142,245
7887,-14,70,263
7892,-33,33,280
7897,-39,-156,212
7902,14,8,318
7907,-10,118,256
7912,-18,-71,211
7917,-30,-145,249
7922,-8,83,254
7927,-8,83,254
7932,-44,34,280
7937,-44,-159,220
7942,29,8,315
7947,-7,119,260
7952,-16,-68,208
7957,-38,-155,249
7962,-9,82,258
7967,-33,33,287
7972,-33,-153,221
7977,23,11,320
7982,-2,124,258
7987,-17,-71,202
7992,-14,-149,243
7997,-12,80,259
8002,-22,36,287
8007,-41,-155,219
8012,23,12,319
8017,-7,116,253
8022,-18,-75,209
8027,-35,-149,246
8032,-4,88,256
8037,-25,36,280
8042,-39,-165,223
8047,28,-2,319
8052,-6,123,264
8057,-30,-89,201
8062,-75,-102,270
8067,20,115,247
8072,-8,12,285
8077,-73,-191,196
8082,-12,10,321
8087,7,98,264
8092,-38,-100,203
8097,-22,-47,301
8102,1,112,230
8107,-5,-14,267
8112,-59,-195,206
8117,-14,44,297
8122,-6,88,282
8127,-51,-119,202
8132,17,-58,318
8137,-17,116,236
8142,-43,-45,233
8147,-48,-169,247
8152,11,57,273
[FEATURES] f0=-23450 f1=26507 f2=35391 f3=-75000 f4=31000 f5=106000 f6=22676 f7=-18880 f8=101014 f9=102763 f10=-198000 f11=136000 f12=334000 f13=89156 f14=256515 f15=36909 f16=259156 f17=195000 f18=325000 f19=130000 f20=30646
[SCALED_FEATURES] f0=2325 f1=-754 f2=-895 f3=903 f4=-723 f5=-818 f6=-736 f7=-2906 f8=-455 f9=-450 f10=346 f11=-483 f12=-417 f13=-463 f14=-111 f15=-300 f16=-349 f17=357 f18=-385 f19=-378 f20=-308
[FEATURES_X] mean=-23450 std=26507 rms=35391 min=-75000 max=31000 p2p=106000 mad=22676
[FEATURES_Y] mean=-18880 std=101014 rms=102763 min=-198000 max=136000 p2p=334000 mad=89156
[FEATURES_Z] mean=256515 std=36909 rms=259156 min=195000 max=325000 p2p=130000 mad=30646
[CLASS] CLASS=normal ID=0 scores_x1000=[5477,844,-6322]
[CLASS_STATS] condition=normal total_windows=8
predicted_count=[8,0,0]
correct_windows=8
accuracy_x1000=1000
current_prediction=0
[CLASS_TIMING] sample_interval_ms=5 window_acquisition_ms=900 feature_extract_ms=6 inference_ms=1 total_cycle_ms=972
8252,-61,-131,192
8254,-62,-33,328
8257,-62,-33,328
8259,23,126,242
8262,23,126,242
8264,-40,-54,224
8267,-40,-54,224
8269,-13,-153,242
8272,-13,-153,242
8274,-28,74,256
8277,-28,74,256
8279,-25,41,289
8281,-25,41,289
8284,-42,-159,213
8286,-42,-159,213
8289,35,6,321
8291,35,6,321
8293,35,6,321
8296,-6,122,256
8298,-6,122,256
8300,-28,-85,205
8303,-28,-85,205
8305,-68,-130,256
8308,-68,-130,256
8311,28,110,245
8313,28,110,245
8315,-6,17,282
8318,-6,17,282
8320,-75,-198,197
8323,-75,-198,197
8325,-26,20,310
8328,-26,20,310
8330,-6,99,253
8332,-6,99,253
8335,-43,-99,206
8337,-43,-99,206
8339,-43,-99,206
8342,-4,-45,306
8347,-4,117,233
8352,-14,-19,265
8357,-58,-197,208
8362,-6,40,303
8367,10,94,283
8372,-50,-127,199
8377,0,-55,322
8382,-14,118,233
8387,-35,-47,233
8392,-39,-161,246
8397,-6,60,257
8402,-6,54,289
8407,-51,-157,213
8412,4,16,319
8417,-7,113,255
8422,-16,-75,205
8427,-65,-140,250
8432,23,108,238
8437,-16,18,283
8442,-79,-192,200
8447,-27,18,311
8452,8,98,264
8457,-42,-104,202
8462,20,-38,311
8467,-30,112,234
8472,-16,-33,258
8477,-54,-180,219
8482,16,45,276
8487,16,82,302
8492,-69,-146,198
8497,-72,-18,330
8502,-72,-18,330
8507,16,129,250
8512,-20,-70,221
8517,-16,-152,240
8522,-2,91,258
8527,-26,30,281
8532,-65,-188,212
8537,-20,8,322
8542,-9,108,259
8547,-41,-112,207
8552,23,-37,312
8557,-36,110,232
8562,-30,-41,251
8567,-63,-175,227
8572,13,54,275
8577,13,66,304
8582,-63,-151,216
8587,-26,9,323
8592,6,125,253
8597,-26,-83,202
8602,-72,-117,262
8607,24,124,242
8612,-7,-2,279
8617,-49,-194,202
8622,-19,42,312
8627,10,99,289
8632,-52,-131,195
8637,-41,-53,324
8642,22,134,236
8647,-33,-62,222
8652,-8,-152,238
8657,-25,79,265
8662,-25,33,282
8667,-73,-183,212
8672,5,10,320
8677,-1,103,260
8682,-48,-110,194
8687,10,-39,309
8692,-31,107,224
8697,-33,-37,258
8702,-69,-183,220
8707,25,44,277
8712,16,82,302
8717,-60,-150,198
8722,-57,3,329
8727,8,125,254
8732,-26,-75,210
8737,-39,-140,251
8742,13,110,240
8747,-3,17,287
8752,-66,-210,197
8757,-38,28,321
8762,0,91,278
8767,-54,-122,201
8772,7,-49,319
8777,-6,125,227
8782,-39,-58,232
8787,-39,-58,232
8792,-31,-160,238
8797,-15,68,258
8802,-24,36,282
8807,-47,-174,222
8812,26,8,323
8817,-10,110,260
8822,-51,-104,198
8827,17,-44,310
8832,-26,110,242
8837,-34,-46,250
8842,-46,-161,242
8847,6,59,273
8852,-2,52,290
8857,-48,-155,212
8862,25,12,324
8867,-13,121,262
8872,-33,-94,211
8877,-63,-78,289
8882,10,123,244
8887,-9,-24,262
8892,-56,-187,209
8897,23,48,278
8902,18,82,304
8907,-58,-142,191
8912,-58,-3,336
8917,17,134,256
8922,-23,-81,210
8927,-56,-136,254
8932,29,114,240
8937,1,4,289
8942,-61,-202,194
8947,-3,45,305
8952,11,89,288
8957,-51,-137,190
8962,-60,-16,334
8967,17,127,251
8972,-20,-75,211
8977,-62,-134,251
8982,25,120,246
8987,4,-8,271
8992,-36,-186,207
8997,13,48,281
9002,13,79,301
9007,-46,-151,211
9012,13,15,318
9017,-14,126,266
9022,-34,-101,203
9027,10,-49,312
9032,-35,112,237
9037,-44,-52,234
9042,-47,-158,243
9047,-24,76,261
9052,-23,31,281
9057,-69,-202,200
9062,-29,36,326
9067,10,90,289
9072,-49,-141,192
9077,-49,-141,192
9082,-57,1,332
9087,7,127,252
9092,-20,-90,204
9097,-59,-74,291
9102,-16,120,228
9107,-29,-47,247
9112,-47,-163,246
9117,-11,70,263
9122,-17,33,279
9127,-77,-186,203
9132,-32,28,321
9137,9,91,285
9142,-55,-130,186
9147,-56,-16,339
9152,7,131,261
[FEATURES] f0=-22285 f1=29463 f2=36942 f3=-79000 f4=35000 f5=114000 f6=25110 f7=-19475 f8=103593 f9=105408 f10=-210000 f11=134000 f12=344000 f13=90553 f14=256400 f15=41539 f16=259743 f17=186000 f18=339000 f19=153000 f20=34650
[SCALED_FEATURES] f0=2737 f1=-699 f2=-863 f3=857 f4=-680 f5=-774 f6=-682 f7=-3087 f8=-441 f9=-436 f10=300 f11=-490 f12=-398 f13=-454 f14=-122 f15=-228 f16=-330 f17=255 f18=-247 f19=-254 f20=-239
[FEATURES_X] mean=-22285 std=29463 rms=36942 min=-79000 max=35000 p2p=114000 mad=25110
[FEATURES_Y] mean=-19475 std=103593 rms=105408 min=-210000 max=134000 p2p=344000 mad=90553
[FEATURES_Z] mean=256400 std=41539 rms=259743 min=186000 max=339000 p2p=153000 mad=34650
[CLASS] CLASS=normal ID=0 scores_x1000=[6441,1497,-7939]
[CLASS_STATS] condition=normal total_windows=9
predicted_count=[9,0,0]
correct_windows=9
accuracy_x1000=1000
current_prediction=0
[CLASS_TIMING] sample_interval_ms=5 window_acquisition_ms=900 feature_extract_ms=6 inference_ms=1 total_cycle_ms=972
9252,-30,31,283
9254,-30,31,283
9257,-55,-198,203
9259,-55,-198,203
9262,-34,37,323
9264,-34,37,323
9267,16,92,296
9269,16,92,296
9271,-52,-148,188
9274,-52,-148,188
9276,-44,0,336
9279,-44,0,336
9281,-1,127,253
9283,-1,127,253
9286,-1,127,253
9288,-31,-102,207
9291,-31,-102,207
9293,-40,-64,301
9296,-40,-64,301
9298,-29,113,225
9301,-29,113,225
9303,-34,-51,236
9306,-34,-51,236
9308,-23,-155,249
9311,-23,-155,249
9313,-17,77,264
9316,-17,77,264
9318,-1,25,286
9320,-1,25,286
9323,-56,-193,194
9325,-56,-193,194
9328,-31,30,325
9330,-31,30,325
9333,-5,85,290
9335,-5,85,290
9337,-55,-142,190
9340,-55,-142,190
9342,-63,-10,341
9347,2,128,254
9352,-19,-89,205
9357,-60,-82,303
9362,-60,-82,303
9367,-3,115,228
9372,-29,-41,246
9377,-36,-168,245
9382,-16,70,249
9387,-19,31,283
9392,-77,-195,196
9397,-23,39,317
9402,25,92,290
9407,-64,-144,184
9412,-22,15,323
9417,-18,118,254
9422,-43,-103,205
9427,31,-49,323
9432,-14,129,238
9437,-30,-66,226
9442,-51,-149,254
9447,19,128,245
9452,0,-26,262
9457,-58,-180,229
9462,-16,68,254
9467,-13,40,276
9472,-64,-200,199
9477,-24,41,322
9482,15,95,291
9487,-63,-159,192
9492,4,14,323
9497,-15,129,267
9502,-53,-117,194
9507,34,-53,323
9512,5,132,232
9517,-32,-68,230
9522,-44,-150,246
9527,16,127,241
9532,4,-13,271
9537,-55,-175,220
9542,-2,56,271
9547,-9,42,288
9552,-52,-175,211
9557,-13,14,318
9562,2,91,270
9567,-49,-138,191
9572,-71,-23,340
9577,8,121,255
9582,-16,-87,201
9587,-47,-77,298
9592,-10,111,228
9597,-34,-45,252
9602,-39,-171,247
9607,-11,59,254
9612,-21,35,282
9617,-61,-192,209
9622,-27,25,318
9627,7,92,279
9632,-51,-135,191
9637,-55,-23,334
9642,6,129,255
9647,-22,-81,202
9652,-22,-81,202
9657,-75,-99,283
9662,9,115,242
9667,-20,-38,261
9672,-48,-175,225
9677,11,59,278
9682,-2,46,298
9687,-42,-162,215
9692,23,1,324
9697,-6,102,263
9702,-46,-110,205
9707,21,-55,328
9712,-8,124,233
9717,-31,-59,231
9722,-15,-151,241
9727,-7,85,257
9732,-14,21,283
9737,-65,-203,190
9742,-19,36,318
9747,9,89,291
9752,-51,-138,188
9757,-65,-11,333
9762,12,125,254
9767,-13,-76,203
9772,-73,-124,252
9777,26,118,244
9782,1,-5,275
9787,-51,-194,209
9792,2,40,282
9797,12,89,292
9802,-60,-154,196
9807,-49,-3,334
9812,7,129,257
9817,-24,-80,214
9822,-65,-125,255
9827,28,123,246
9832,4,-5,274
9837,-48,-195,201
9842,2,46,288
9847,5,80,291
9852,-68,-143,191
9857,-75,-14,328
9862,14,122,253
9867,-17,-74,210
9872,-40,-137,246
9877,23,109,243
9882,-4,12,281
9887,-65,-199,198
9892,-20,39,319
9897,10,90,287
9902,-59,-134,194
9907,-35,-45,319
9912,25,136,238
9917,-32,-71,222
9922,-7,-155,237
9927,-6,90,259
9932,-10,30,283
9937,-10,30,283
9942,-69,-194,206
9947,-31,15,316
9952,5,95,269
9957,-53,-116,199
9962,38,-49,322
9967,-23,125,234
9972,-42,-51,229
9977,-51,-162,243
9982,-12,70,253
9987,-18,37,285
9992,-53,-163,215
9997,18,-4,326
10002,-16,123,266
10007,-31,-101,205
10012,-55,-70,295
10017,4,119,237
10022,-13,-17,276
10027,-56,-194,209
10032,0,42,292
10037,6,86,282
10042,-54,-125,200
10047,-29,-53,322
10052,-2,129,226
10057,-29,-49,225
10062,-35,-163,240
10067,-5,64,261
10072,1,46,293
10077,-45,-154,212
10082,-2,11,314
10087,-2,127,253
10092,-21,-79,206
10097,-54,-141,251
10102,11,108,238
10107,-6,18,285
10112,-64,-186,203
10117,-22,16,315
10122,-1,98,264
10127,-48,-112,200
10132,4,-42,305
10137,-24,104,229
10142,-18,-29,260
10147,-56,-184,216
10152,8,41,279
[FEATURES] f0=-23045 f1=26896 f2=35418 f3=-77000 f4=38000 f5=115000 f6=22768 f7=-20090 f8=105308 f9=107208 f10=-203000 f11=136000 f12=339000 f13=92545 f14=256660 f15=42837 f16=260210 f17=184000 f18=341000 f19=157000 f20=36072
[SCALED_FEATURES] f0=2468 f1=-746 f2=-895 f3=880 f4=-649 f5=-768 f6=-734 f7=-3276 f8=-432 f9=-426 f10=327 f11=-483 f12=-407 f13=-442 f14=-96 f15=-207 f16=-315 f17=232 f18=-227 f19=-233 f20=-215
[FEATURES_X] mean=-23045 std=26896 rms=35418 min=-77000 max=38000 p2p=115000 mad=22768
[FEATURES_Y] mean=-20090 std=105308 rms=107208 min=-203000 max=136000 p2p=339000 mad=92545
[FEATURES_Z] mean=256660 std=42837 rms=260210 min=184000 max=341000 p2p=157000 mad=36072
[CLASS] CLASS=normal ID=0 scores_x1000=[5989,1139,-7129]
[CLASS_STATS] condition=normal total_windows=10
predicted_count=[10,0,0]
correct_windows=10
accuracy_x1000=1000
current_prediction=0
[CLASS_TIMING] sample_interval_ms=5 window_acquisition_ms=900 feature_extract_ms=6 inference_ms=0 total_cycle_ms=971
10252,-59,-140,189
10255,-52,-28,329
10257,-52,-28,329
10260,34,135,246
10262,34,135,246
10265,-31,-63,224
10267,-31,-63,224
10270,-19,-149,242
10273,-19,-149,242
10275,-8,88,257
10278,-8,88,257
10280,-16,33,280
10283,-16,33,280
10285,-71,-189,207
10288,-71,-189,207
10290,-17,13,317
10293,-17,13,317
10295,5,95,263
10298,5,95,263
10300,-53,-117,205
10303,-53,-117,205
10305,20,-61,322
10308,20,-61,322
10310,4,131,231
10313,4,131,231
10315,-40,-56,227
10318,-40,-56,227
10320,-15,-155,242
10323,-15,-155,242
10326,-16,82,268
10328,-16,82,268
10331,-18,32,283
10333,-18,32,283
10335,-69,-191,210
10338,-69,-191,210
10341,-15,18,321
10343,-15,18,321
10346,7,89,273
10348,7,89,273
10352,-56,-120,203
10357,-1,-52,325
10362,10,130,235
10367,-35,-65,229
10372,-16,-152,245
10377,-3,89,253
10382,-14,14,281
10387,-73,-197,195
10392,-35,28,321
10397,6,86,285
10402,-61,-124,196
10407,-53,-43,322
10412,21,131,244
10417,-31,-64,219
10422,-37,-149,251
10427,10,102,244
10432,-16,15,286
10437,-75,-206,195
10442,-20,45,314
10447,13,89,286
10452,-47,-133,190
10457,-59,-30,329
10462,21,134,246
10467,-23,-72,209
10472,-37,-151,249
10477,9,102,239
10482,-16,22,291
10487,-67,-203,195
10492,-34,32,317
10497,2,87,272
10502,-55,-120,199
10507,-9,-56,328
10512,-9,-56,328
10517,5,125,231
10522,-42,-64,232
10527,-16,-153,250
10532,-24,76,255
10537,-17,32,285
10542,-55,-171,214
10547,0,2,326
10552,-4,107,261
10557,-41,-108,201
10562,41,-42,323
10567,-42,114,240
10572,-38,-49,234
10577,-45,-160,243
10582,-9,64,262
10587,-13,40,292
10592,-55,-161,220
10597,28,-5,321
10602,3,113,261
10607,-56,-114,192
10612,22,-36,319
10617,-35,113,237
10622,-37,-47,243
10627,-42,-164,242
10632,1,58,265
10637,-2,49,292
10642,-50,-154,214
10647,29,15,319
10652,-23,125,267
10657,-37,-96,204
10662,-56,-71,290
10667,7,113,238
10672,-9,-25,267
10677,-53,-184,224
10682,20,44,285
10687,7,87,302
10692,-66,-137,194
10697,-66,-15,326
10702,21,122,248
10707,-30,-72,216
10712,-26,-152,238
10717,8,97,244
10722,-11,27,279
10727,-64,-204,199
10732,-29,20,320
10737,2,92,276
10742,-53,-118,202
10747,33,-54,321
10752,-24,121,237
10757,-36,-54,236
10762,-25,-163,246
10767,7,54,263
10772,-3,39,288
10777,-47,-155,213
10782,29,10,317
10787,-17,121,270
10792,-27,-96,199
10797,-27,-96,199
10802,-69,-79,288
10807,20,116,243
10812,-2,-13,271
10817,-63,-192,208
10822,2,43,291
10827,11,90,285
10832,-46,-120,195
10837,-51,-44,329
10842,23,130,242
10847,-35,-62,233
10852,-3,-148,248
10857,-24,71,261
10862,-9,37,280
10867,-45,-162,207
10872,32,0,317
10877,-16,119,264
10882,-31,-93,209
10887,-73,-105,270
10892,33,118,247
10897,-5,14,282
10902,-69,-201,196
10907,-40,38,316
10912,4,88,271
10917,-58,-112,201
10922,32,-41,321
10927,-39,109,234
10932,-32,-44,249
10937,-54,-173,233
10942,21,47,274
10947,21,78,306
10952,-59,-141,199
10957,-63,-10,331
10962,16,126,250
10967,-25,-69,220
10972,-15,-153,244
10977,-5,87,251
10982,-27,31,281
10987,-52,-184,219
10992,15,-3,326
10997,-2,112,262
11002,-45,-105,199
11007,-23,-55,294
11012,9,119,240
11017,-13,-22,270
11022,-53,-195,206
11027,1,39,293
11032,14,94,290
11037,-58,-122,202
11042,-18,-59,326
11047,-1,120,233
11052,-33,-54,226
11057,-29,-154,249
11062,-17,63,254
11067,-9,50,291
11072,-55,-154,215
11077,-4,12,323
11082,-5,120,250
11087,-5,120,250
11092,-17,-73,205
11097,-59,-130,254
11102,21,112,240
11107,-11,9,289
11112,-66,-194,192
11117,-35,33,324
11122,-2,89,289
11127,-58,-115,205
11132,4,-52,320
11137,-6,125,234
11142,-40,-58,230
11147,-31,-153,242
11152,-18,74,249
[FEATURES] f0=-20610 f1=28210 f2=34937 f3=-75000 f4=41000 f5=116000 f6=23638 f7=-19820 f8=103505 f9=105386 f10=-206000 f11=135000 f12=341000 f13=91068 f14=257120 f15=40869 f16=260347 f17=189000 f18=331000 f19=142000 f20=34453
[SCALED_FEATURES] f0=3330 f1=-722 f2=-905 f3=903 f4=-617 f5=-763 f6=-715 f7=-3193 f8=-442 f9=-436 f10=315 f11=-487 f12=-404 f13=-451 f14=-49 f15=-238 f16=-310 f17=289 f18=-326 f19=-313 f20=-243
[FEATURES_X] mean=-20610 std=28210 rms=34937 min=-75000 max=41000 p2p=116000 mad=23638
[FEATURES_Y] mean=-19820 std=103505 rms=105386 min=-206000 max=135000 p2p=341000 mad=91068
[FEATURES_Z] mean=257120 std=40869 rms=260347 min=189000 max=331000 p2p=142000 mad=34453
[CLASS] CLASS=normal ID=0 scores_x1000=[7213,2150,-9364]
[CLASS_STATS] condition=normal total_windows=11
predicted_count=[11,0,0]
correct_windows=11
accuracy_x1000=1000
current_prediction=0
[CLASS_TIMING] sample_interval_ms=5 window_acquisition_ms=900 feature_extract_ms=7 inference_ms=1 total_cycle_ms=972
11252,4,0,325
11254,4,0,325
11257,4,116,263
11259,4,116,263
11261,-43,-106,200
11264,-43,-106,200
11267,-18,-49,306
11269,-18,-49,306
11272,8,122,233
11274,8,122,233
11277,-2,-22,269
11279,-2,-22,269
11282,-53,-193,200
11284,-53,-193,200
11287,-5,47,299
11289,-5,47,299
11292,-6,88,289
11294,-6,88,289
11297,-55,-124,200
11299,-55,-124,200
11302,13,-55,320
11304,13,-55,320
11307,-17,114,240
11309,-17,114,240
11312,-34,-41,242
11315,-34,-41,242
11317,-59,-171,244
11320,-59,-171,244
11323,12,51,273
11325,12,51,273
11327,19,81,305
11330,19,81,305
11332,-79,-144,198
11335,-79,-144,198
11337,-71,-20,329
11340,-71,-20,329
11343,28,121,256
11345,28,121,256
11348,-27,-61,230
11352,-17,-158,241
11357,-21,69,257
11362,-16,37,284
11367,-47,-147,214
11372,-16,9,315
11377,-16,9,315
11382,15,125,254
11387,-12,-68,211
11392,-23,-147,247
11397,-22,68,262
11402,-25,35,284
11407,-45,-150,217
11412,-2,10,316
11417,14,127,251
11422,-11,-64,210
11427,-18,-141,240
11432,-13,69,260
11437,-9,42,286
11442,-57,-154,223
11447,-13,5,322
11452,7,125,254
11457,-14,-68,219
11462,-10,-152,249
11467,-20,72,262
11472,-28,33,284
11477,-43,-152,211
11482,-4,5,315
11487,-2,124,248
11492,-16,-72,207
11497,-22,-142,241
11502,-6,84,254
11507,-28,33,279
11512,-61,-167,217
11517,35,-5,319
11522,0,122,266
11527,-28,-91,205
11532,-61,-86,281
11537,32,117,246
11542,2,7,278
11547,-78,-198,185
11552,-30,29,320
11557,2,89,274
11562,-56,-114,210
11567,30,-50,320
11572,-25,118,244
11577,-23,-38,242
11582,-62,-176,226
11587,12,55,267
11592,11,65,289
11597,-60,-160,209
11602,-50,2,329
11607,13,122,257
11612,-27,-78,213
11617,-29,-142,243
11622,-2,88,247
11627,-18,27,273
11632,-65,-183,214
11637,10,-2,321
11642,-7,114,257
11647,-42,-100,200
11652,-38,-62,298
11657,5,116,246
11662,5,116,246
11667,-4,-10,268
11672,-39,-193,200
11677,-18,43,307
11682,8,94,277
11687,-51,-116,202
11692,35,-47,321
11697,-31,114,248
11702,-36,-38,250
11707,-52,-170,232
11712,22,45,275
11717,15,86,303
11722,-57,-133,194
11727,-47,-41,323
11732,7,125,231
11737,-35,-55,229
11742,-43,-161,239
11747,14,55,277
11752,13,74,296
11757,-73,-130,201
11762,-60,-31,326
11767,25,132,236
11772,-32,-49,231
11777,-46,-162,244
11782,12,54,273
11787,23,78,303
11792,-72,-147,193
11797,-62,-35,320
11802,28,130,233
11807,-36,-57,229
11812,-44,-162,239
11817,7,56,274
11822,14,71,298
11827,-65,-138,207
11832,-57,-25,328
11837,30,124,246
11842,-35,-61,232
11847,-21,-156,242
11852,-1,57,263
11857,8,51,291
11862,-58,-152,212
11867,-47,1,327
11872,9,118,252
11877,-35,-66,223
11882,-12,-150,242
11887,-14,68,259
11892,-19,36,282
11897,-42,-156,213
11902,33,3,320
11907,-13,121,256
11912,-24,-77,208
11917,-36,-134,249
11922,1,92,243
11927,-24,31,275
11932,-61,-176,216
11937,25,-2,322
11942,-4,121,270
11947,-29,-82,209
11952,-29,-82,209
11957,-61,-132,256
11962,19,95,251
11967,-19,33,275
11972,-59,-168,218
11977,33,-5,315
11982,-13,123,251
11987,-25,-69,210
11992,-14,-151,245
11997,-19,71,259
12002,-30,37,287
12007,-64,-152,217
12012,-58,-17,329
12017,24,128,246
12022,-30,-50,238
12027,-40,-170,241
12032,14,35,281
12037,2,96,286
12042,-52,-116,203
12047,22,-45,316
12052,-20,109,228
12057,-7,-9,262
12062,-80,-199,198
12067,-22,14,317
12072,1,107,259
12077,-32,-91,209
12082,-72,-105,271
12087,16,97,243
12092,-16,30,279
12097,-62,-175,224
12102,32,-5,326
12107,-8,122,260
12112,-21,-80,206
12117,-33,-137,248
12122,-1,85,254
12127,-31,30,283
12132,-35,-151,216
12137,17,5,317
12142,1,123,251
12147,-21,-69,214
12152,-17,-144,242
[FEATURES] f0=-18980 f1=28727 f2=34431 f3=-80000 f4=35000 f5=115000 f6=23739 f7=-17720 f8=101195 f9=102735 f10=-199000 f11=132000 f12=331000 f13=88558 f14=257424 f15=38785 f16=260330 f17=185000 f18=329000 f19=144000 f20=32215
[SCALED_FEATURES] f0=3908 f1=-712 f2=-916 f3=846 f4=-680 f5=-768 f6=-712 f7=-2551 f8=-454 f9=-451 f10=343 f11=-498 f12=-423 f13=-466 f14=-19 f15=-271 f16=-311 f17=243 f18=-346 f19=-303 f20=-281
[FEATURES_X] mean=-18980 std=28727 rms=34431 min=-80000 max=35000 p2p=115000 mad=23739
[FEATURES_Y] mean=-17720 std=101195 rms=102735 min=-199000 max=132000 p2p=331000 mad=88558
[FEATURES_Z] mean=257424 std=38785 rms=260330 min=185000 max=329000 p2p=144000 mad=32215
[CLASS] CLASS=normal ID=0 scores_x1000=[8470,2892,-11362]
[CLASS_STATS] condition=normal total_windows=12
predicted_count=[12,0,0]
correct_windows=12
accuracy_x1000=1000
current_prediction=0
[CLASS_TIMING] sample_interval_ms=5 window_acquisition_ms=900 feature_extract_ms=7 inference_ms=1 total_cycle_ms=972
12253,24,110,242
12255,-9,25,283
12257,-9,25,283
12260,-72,-178,218
12262,-72,-178,218
12265,37,-4,323
12268,37,-4,323
12270,-9,122,259
12272,-9,122,259
12275,-30,-67,214
12277,-30,-67,214
12280,-26,-149,240
12283,-26,-149,240
12285,-17,74,264
12288,-17,74,264
12290,-19,35,288
12293,-19,35,288
12295,-51,-145,212
12298,-51,-145,212
12301,-51,-4,328
12303,-51,-4,328
12306,29,131,241
12308,29,131,241
12311,-26,-47,235
12313,-26,-47,235
12316,-53,-174,236
12318,-53,-174,236
12321,7,39,276
12323,7,39,276
12326,5,86,291
12328,5,86,291
12330,-54,-121,208
12333,-54,-121,208
12336,22,-39,313
12338,22,-39,313
12341,-19,111,226
12343,-19,111,226
12346,2,-8,275
12348,2,-8,275
12352,-86,-187,198
12357,-19,5,313
12362,-3,117,258
12367,-32,-90,204
12372,-64,-133,248
12377,7,91,242
12382,-28,38,276
12387,-41,-156,224
12392,12,5,313
12397,1,122,254
12402,-17,-65,210
12407,-27,-149,241
12412,-4,62,257
12417,13,51,292
12422,-70,-143,202
12427,-62,-32,328
12432,21,125,236
12437,-34,-51,228
12442,-40,-166,245
12447,11,39,273
12452,-1,83,300
12457,-58,-116,197
12462,-1,-64,315
12467,-7,120,236
12472,-39,-44,247
12477,-43,-176,220
12482,10,37,280
12487,1,93,283
12492,-48,-110,202
12497,18,-39,314
12502,-5,108,230
12507,7,-4,277
12512,-73,-189,202
12517,-7,5,316
12522,-7,5,316
12527,-9,114,264
12532,-32,-84,211
12537,-53,-124,245
12542,5,86,245
12547,-29,35,278
12552,-45,-157,223
12557,27,2,319
12562,1,123,255
12567,-16,-65,220
12572,-31,-146,242
12577,-4,66,261
12582,13,50,285
12587,-67,-156,202
12592,-63,-31,325
12597,15,121,240
12602,-30,-44,233
12607,-44,-154,239
12612,9,39,274
12617,7,89,290
12622,-51,-117,208
12627,26,-43,320
12632,-24,106,233
12637,-10,-17,261
12642,-57,-192,206
12647,-32,23,319
12652,16,100,272
12657,-36,-99,207
12662,-45,-64,290
12667,27,110,243
12672,-5,11,277
12677,-96,-193,195
12682,-4,10,313
12687,4,111,263
12692,-22,-82,209
12697,-69,-117,260
12702,20,98,243
12707,-23,22,276
12712,-47,-158,220
12717,32,1,325
12722,-17,114,263
12727,-12,-71,201
12732,-7,-147,244
12737,-12,70,257
12742,-22,38,287
12747,-38,-147,218
12752,-18,2,316
12757,-7,116,248
12762,-23,-63,221
12767,-7,-151,237
12772,-23,67,262
12777,-25,35,286
12782,-49,-153,220
12787,-2,7,315
12792,14,127,256
12797,-23,-70,216
12802,-10,-141,241
12807,-25,67,257
12812,-25,67,257
12817,-14,35,285
12822,-56,-150,218
12827,-20,9,314
12832,-3,114,254
12837,-24,-64,220
12842,-20,-141,245
12847,-14,65,256
12852,3,45,287
12857,-76,-147,218
12862,-47,4,328
12867,16,120,253
12872,-24,-68,231
12877,-17,-147,243
12882,-21,69,252
12887,-5,43,294
12892,-50,-153,219
12897,5,15,320
12902,-5,122,250
12907,-15,-68,207
12912,-4,-142,234
12917,-1,84,249
12922,-7,30,280
12927,-54,-173,215
12932,31,-4,323
12937,-3,118,271
12942,-34,-88,207
12947,-65,-109,267
12952,20,104,240
12957,-12,15,286
12962,-71,-190,206
12967,-21,9,311
12972,1,101,255
12977,-50,-106,200
12982,-29,-57,299
12987,5,119,237
12992,6,-5,272
12997,-67,-198,197
13002,-29,32,314
13007,-5,84,274
13012,-48,-109,200
13017,17,-41,313
13022,-22,109,224
13027,-21,-35,255
13032,-56,-183,210
13037,-5,40,291
13042,-3,90,282
13047,-47,-106,200
13052,38,-42,322
13057,-37,107,233
13062,-36,-39,256
13067,-34,-180,208
13072,-14,38,294
13077,-2,86,276
13082,-42,-106,199
13087,8,-43,307
13092,-21,111,227
13097,-21,111,227
13102,-5,-28,255
13107,-50,-190,205
13112,-22,33,306
13117,-1,82,277
13122,-42,-102,199
13127,-1,-45,311
13132,-5,108,236
13137,1,-9,266
13142,-65,-195,204
13147,-24,28,319
13152,16,95,273
[FEATURES] f0=-18760 f1=27192 f2=33035 f3=-96000 f4=38000 f5=134000 f6=22037 f7=-16855 f8=99501 f9=100918 f10=-198000 f11=131000 f12=329000 f13=86471 f14=256390 f15=37905 f16=259176 f17=195000 f18=328000 f19=133000 f20=32007
[SCALED_FEATURES] f0=3986 f1=-741 f2=-945 f3=664 f4=-649 f5=-663 f6=-750 f7=-2286 f8=-463 f9=-460 f10=346 f11=-502 f12=-427 f13=-478 f14=-123 f15=-284 f16=-349 f17=357 f18=-356 f19=-362 f20=-285
[FEATURES_X] mean=-18760 std=27192 rms=33035 min=-96000 max=38000 p2p=134000 mad=22037
[FEATURES_Y] mean=-16855 std=99501 rms=100918 min=-198000 max=131000 p2p=329000 mad=86471
[FEATURES_Z] mean=256390 std=37905 rms=259176 min=195000 max=328000 p2p=133000 mad=32007
[CLASS] CLASS=normal ID=0 scores_x1000=[8374,3037,-11411]
[CLASS_STATS] condition=normal total_windows=13
predicted_count=[13,0,0]
correct_windows=13
accuracy_x1000=1000
current_prediction=0
[CLASS_TIMING] sample_interval_ms=5 window_acquisition_ms=899 feature_extract_ms=6 inference_ms=0 total_cycle_ms=970
13252,9,9,319
13254,9,9,319
13257,17,131,255
13259,17,131,255
13262,-14,-58,218
13264,-14,-58,218
13267,-36,-156,242
13269,-36,-156,242
13272,-8,71,253
13274,-8,71,253
13277,7,55,292
13279,7,55,292
13281,-67,-152,207
13284,-67,-152,207
13287,-69,-19,326
13289,-69,-19,326
13292,19,130,233
13294,19,130,233
13297,-47,-52,232
13299,-47,-52,232
13302,-40,-162,225
13305,-40,-162,225
13307,16,46,276
13310,16,46,276
13312,5,86,288
13314,5,86,288
13317,-54,-112,207
13319,-54,-112,207
13322,34,-48,320
13325,34,-48,320
13327,-35,111,235
13330,-35,111,235
13332,-18,-25,262
13335,-18,-25,262
13337,-45,-184,202
13340,-45,-184,202
13343,-34,29,316
13345,-34,29,316
13348,4,94,267
13352,-37,-97,208
13357,-25,-52,296
13362,4,111,231
13367,-1,-4,277
13372,-84,-199,194
13377,-35,19,324
13382,12,106,266
13387,12,106,266
13392,-42,-103,208
13397,-16,-51,301
13402,4,113,237
13407,13,-3,282
13412,-74,-202,196
13417,-31,24,311
13422,0,92,269
13427,-46,-100,202
13432,1,-41,306
13437,0,117,233
13442,-7,-18,266
13447,-53,-188,200
13452,-38,27,314
13457,2,98,272
13462,-49,-115,198
13467,36,-40,322
13472,-37,106,235
13477,-31,-25,261
13482,-45,-183,217
13487,11,43,278
13492,1,87,290
13497,-56,-126,199
13502,-30,-50,322
13507,4,126,234
13512,-42,-58,224
13517,-36,-155,239
13522,-10,65,254
13527,-16,35,288
13532,-45,-154,211
13537,35,-2,330
13542,-10,117,269
13547,-38,-103,203
13552,-35,-62,305
13557,3,116,237
13562,-2,-22,266
13567,-55,-182,205
13572,7,42,286
13577,1,87,291
13582,-58,-122,193
13587,-46,-44,324
13592,19,128,236
13597,-39,-60,229
13602,-32,-149,242
13607,-19,65,256
13612,-5,42,292
13617,-51,-157,213
13622,-6,10,323
13627,4,126,253
13632,-19,-77,209
13637,-14,-148,240
13642,-9,84,249
13647,-18,34,276
13652,-63,-172,216
13657,17,-3,322
13662,-17,106,265
13667,-34,-99,207
13672,-34,-99,207
13677,-64,-74,296
13682,16,119,238
13687,8,0,280
13692,-70,-198,198
13697,-37,26,317
13702,4,94,277
13707,-56,-108,204
13712,34,-56,330
13717,-34,114,244
13722,-43,-38,251
13727,-52,-180,219
13732,22,47,273
13737,6,82,300
13742,-64,-132,195
13747,-48,-47,326
13752,16,132,236
13757,-37,-70,228
13762,-23,-155,246
13767,-4,59,258
13772,3,49,290
13777,-56,-151,213
13782,-34,7,323
13787,12,122,250
13792,-18,-65,212
13797,-19,-153,247
13802,-11,76,258
13807,-26,34,286
13812,-48,-157,216
13817,29,-1,329
13822,-22,127,263
13827,-22,-75,218
13832,-39,-137,248
13837,2,94,246
13842,-19,28,275
13847,-66,-174,216
13852,22,-2,322
13857,-17,118,262
13862,-27,-90,205
13867,-75,-124,253
13872,12,97,237
13877,-6,26,284
13882,-70,-174,218
13887,9,-5,321
13892,-24,112,261
13897,-32,-91,204
13902,-77,-117,270
13907,26,106,249
13912,-5,21,283
13917,-76,-187,208
13922,3,-1,315
13927,9,116,264
13932,-43,-100,204
13937,-64,-75,292
13942,24,118,245
13947,12,6,286
13952,-79,-198,191
13957,-79,-198,191
13962,-30,22,316
13967,1,91,261
13972,-46,-106,204
13977,-25,-40,294
13982,8,113,237
13987,-4,-16,277
13992,-56,-196,206
13997,-29,35,315
14002,-1,93,274
14007,-42,-103,196
14012,5,-38,312
14017,-24,109,230
14022,-18,-18,263
14027,-51,-186,219
14032,-5,33,286
14037,11,87,282
14042,-57,-124,202
14047,15,-58,328
14052,-9,122,236
14057,-43,-52,233
14062,-63,-163,238
14067,11,57,274
14072,9,72,292
14077,-65,-155,210
14082,-50,-3,328
14087,11,120,255
14092,-19,-64,217
14097,-6,-151,245
14102,-7,82,255
14107,-21,30,275
14112,-62,-172,215
14117,38,0,325
14122,-15,116,260
14127,-46,-97,205
14132,-45,-66,297
14137,6,122,234
14142,0,-11,273
14147,-55,-193,206
14152,-16,33,311
[FEATURES] f0=-20660 f1=29005 f2=35611 f3=-84000 f4=38000 f5=122000 f6=24886 f7=-19085 f8=101960 f9=103731 f10=-202000 f11=132000 f12=334000 f13=88270 f14=256575 f15=40281 f16=259717 f17=191000 f18=330000 f19=139000 f20=34343
[SCALED_FEATURES] f0=3313 f1=-707 f2=-891 f3=800 f4=-649 f5=-730 f6=-687 f7=-2968 f8=-450 f9=-445 f10=331 f11=-498 f12=-417 f13=-468 f14=-105 f15=-247 f16=-331 f17=311 f18=-336 f19=-330 f20=-245
[FEATURES_X] mean=-20660 std=29005 rms=35611 min=-84000 max=38000 p2p=122000 mad=24886
[FEATURES_Y] mean=-19085 std=101960 rms=103731 min=-202000 max=132000 p2p=334000 mad=88270
[FEATURES_Z] mean=256575 std=40281 rms=259717 min=191000 max=330000 p2p=139000 mad=34343
[CLASS] CLASS=normal ID=0 scores_x1000=[7224,2126,-9350]
[CLASS_STATS] condition=normal total_windows=14
predicted_count=[14,0,0]
correct_windows=14
accuracy_x1000=1000
current_prediction=0
[CLASS_TIMING] sample_interval_ms=5 window_acquisition_ms=900 feature_extract_ms=7 inference_ms=1 total_cycle_ms=972
14252,-46,-105,197
14255,-46,-62,297
14258,-46,-62,297
14260,12,115,237
14263,12,115,237
14265,-6,-12,269
14268,-6,-12,269
14270,-56,-200,208
14273,-56,-200,208
14275,-27,34,312
14278,-27,34,312
14280,4,90,286
14283,4,90,286
14285,-61,-114,199
14288,-61,-114,199
14290,25,-59,322
14293,25,-59,322
14295,-21,118,240
14298,-21,118,240
14300,-31,-45,248
14303,-31,-45,248
14306,-50,-170,226
14308,-50,-170,226
14311,19,44,277
14313,19,44,277
14316,16,83,303
14318,16,83,303
14320,-75,-129,192
14323,-75,-129,192
14326,-42,-47,324
14328,-42,-47,324
14331,9,132,230
14333,9,132,230
14336,-34,-59,235
14338,-34,-59,235
14341,-41,-151,244
14344,-41,-151,244
14346,10,54,263
14349,10,54,263
14352,9,70,294
14357,-61,-150,206
14362,-47,-5,334
14367,19,125,252
14372,-28,-57,226
14377,-13,-152,247
14382,-17,66,254
14387,-17,38,287
14392,-45,-149,213
14397,6,9,315
14402,-3,125,249
14407,-17,-74,207
14412,-29,-148,243
14417,1,88,244
14422,-18,29,287
14427,-61,-176,219
14432,14,-6,328
14437,-25,119,265
14442,-46,-99,200
14447,-75,-97,277
14452,27,111,241
14457,10,15,285
14462,-69,-191,190
14467,-37,16,305
14472,-1,91,260
14477,-42,-104,203
14482,-16,-49,299
14487,-6,112,230
14492,-12,-18,263
14497,-41,-188,204
14502,-18,36,299
14507,-3,89,283
14512,-55,-114,200
14517,23,-57,332
14522,-40,110,233
14527,-41,-47,245
14532,-41,-47,245
14537,-56,-169,237
14542,22,45,277
14547,26,74,300
14552,-62,-134,194
14557,-62,-33,326
14562,21,136,235
14567,-28,-58,227
14572,-36,-143,254
14577,-3,64,254
14582,-3,44,283
14587,-53,-148,218
14592,-7,10,319
14597,-2,122,253
14602,-16,-75,212
14607,-23,-148,259
14612,-2,81,252
14617,-19,34,281
14622,-60,-170,214
14627,15,-5,325
14632,-14,115,259
14637,-35,-104,204
14642,-75,-95,280
14647,28,113,244
14652,3,12,283
14657,-75,-192,199
14662,-3,2,322
14667,6,101,262
14672,-38,-102,210
14677,-21,-47,307
14682,11,115,234
14687,8,-4,269
14692,-62,-195,194
14697,-30,36,317
14702,-4,88,273
14707,-42,-112,200
14712,9,-48,313
14717,-13,117,228
14722,-10,-29,259
14727,-58,-194,205
14732,-13,38,296
14737,-2,91,283
14742,-51,-111,200
14747,26,-47,326
14752,-25,112,235
14757,-22,-33,255
14762,-50,-183,212
14767,5,37,286
14772,-7,87,289
14777,-52,-113,198
14782,21,-57,326
14787,-31,107,233
14792,-21,-33,253
14797,-42,-183,214
14802,-13,36,297
14807,0,88,279
14812,-48,-111,201
14817,-48,-111,201
14822,24,-48,319
14827,-21,114,235
14832,-8,-19,264
14837,-51,-189,201
14842,-21,38,308
14847,-8,88,283
14852,-49,-111,201
14857,18,-33,315
14862,-9,113,239
14867,-6,-17,266
14872,-53,-187,203
14877,-24,32,312
14882,4,90,267
14887,-45,-106,202
14892,0,-36,309
14897,0,115,237
14902,7,-1,275
14907,-58,-195,200
14912,-35,20,318
14917,3,91,270
14922,-44,-108,201
14927,4,-41,308
14932,-20,113,231
14937,-1,-16,264
14942,-64,-196,205
14947,-8,39,302
14952,-1,91,283
14957,-48,-112,202
14962,33,-41,322
14967,-35,113,225
14972,-4,-25,252
14977,-56,-183,201
14982,-12,37,293
14987,-6,83,283
14992,-50,-108,203
14997,10,-43,316
15002,-25,111,228
15007,-2,-18,264
15012,-52,-190,200
15017,-28,28,314
15022,-6,88,275
15027,-41,-105,205
15032,-1,-36,307
15037,-7,118,234
15042,4,-7,282
15047,-63,-197,202
15052,-35,23,319
15057,8,95,260
15062,-43,-107,202
15067,-60,-66,298
15072,28,113,240
15077,-6,13,279
15082,-79,-186,204
15087,10,-4,323
15092,-7,117,266
15097,-27,-81,213
15102,-50,-133,248
15107,-50,-133,248
15112,8,84,240
15117,-25,36,282
15122,-40,-153,216
15127,12,10,318
15132,1,123,255
15137,-21,-67,223
15142,-24,-148,240
15147,20,53,267
15152,25,73,304
[FEATURES] f0=-19985 f1=27488 f2=33985 f3=-79000 f4=33000 f5=112000 f6=23614 f7=-20030 f8=100409 f9=102388 f10=-200000 f11=136000 f12=336000 f13=86750 f14=256609 f15=40888 f16=259847 f17=190000 f18=334000 f19=144000 f20=35154
[SCALED_FEATURES] f0=3552 f1=-735 f2=-925 f3=857 f4=-701 f5=-785 f6=-715 f7=-3257 f8=-458 f9=-452 f10=339 f11=-483 f12=-413 f13=-477 f14=-101 f15=-238 f16=-327 f17=300 f18=-296 f19=-303 f20=-231
[FEATURES_X] mean=-19985 std=27488 rms=33985 min=-79000 max=33000 p2p=112000 mad=23614
[FEATURES_Y] mean=-20030 std=100409 rms=102388 min=-200000 max=136000 p2p=336000 mad=86750
[FEATURES_Z] mean=256609 std=40888 rms=259847 min=190000 max=334000 p2p=144000 mad=35154
[CLASS] CLASS=normal ID=0 scores_x1000=[7618,2348,-9967]
[CLASS_STATS] condition=normal total_windows=15
predicted_count=[15,0,0]
correct_windows=15
accuracy_x1000=1000
current_prediction=0
[CLASS_TIMING] sample_interval_ms=5 window_acquisition_ms=900 feature_extract_ms=6 inference_ms=1 total_cycle_ms=972
15252,20,-43,315
15255,20,-43,315
15257,-9,109,231
15260,-9,109,231
15262,2,3,275
15264,2,3,275
15267,-98,-187,202
15269,-98,-187,202
15272,-18,-3,319
15274,-18,-3,319
15277,1,111,267
15279,1,111,267
15282,-29,-84,208
15284,-29,-84,208
15287,-39,-134,249
15290,-39,-134,249
15292,-5,80,249
15295,-5,80,249
15297,-27,33,284
15299,-27,33,284
15302,-45,-151,218
15305,-45,-151,218
15307,-5,11,314
15310,-5,11,314
15312,-5,117,255
15315,-5,117,255
15317,-23,-59,228
15320,-23,-59,228
15322,-39,-146,246
15325,-39,-146,246
15328,-3,66,257
15330,-3,66,257
15332,18,71,298
15335,18,71,298
15337,-74,-130,202
15340,-74,-130,202
15342,-34,-46,319
15345,-34,-46,319
15348,-12,117,236
15352,-34,-34,252
15357,-42,-180,207
15362,4,36,292
15367,-1,83,277
15372,-42,-102,209
15377,-40,-61,298
15382,15,110,247
15387,-8,22,281
15392,-8,22,281
15397,-70,-176,211
15402,32,-4,327
15407,-16,120,253
15412,-10,-60,213
15417,-18,-141,238
15422,-6,71,262
15427,11,68,294
15432,-72,-128,202
15437,-11,-62,326
15442,-36,109,237
15447,-7,-27,268
15452,-53,-184,206
15457,-25,8,318
15462,2,114,261
15467,-34,-79,205
15472,-20,-144,248
15477,-26,69,255
15482,17,60,297
15487,-82,-135,202
15492,-11,-52,322
15497,-35,112,235
15502,-1,-25,260
15507,-63,-181,198
15512,-20,7,318
15517,-2,120,271
15522,-32,-74,218
15527,-10,-144,244
15532,-16,60,258
15537,12,63,295
15542,-64,-123,204
15547,21,-57,326
15552,-34,110,229
15557,10,-1,282
15562,-79,-185,214
15567,27,-6,324
15572,-15,122,254
15577,-16,-61,219
15582,-56,-164,236
15587,13,30,281
15592,-15,88,281
15597,-43,-98,201
15602,-68,-104,264
15607,-1,76,249
15612,-4,42,283
15617,-77,-133,203
15622,2,-60,321
15627,-30,104,232
15632,5,0,275
15637,-96,-183,212
15642,40,2,326
15647,-1,105,258
15652,-19,-51,237
15657,-54,-172,219
15662,-33,23,309
15667,11,98,263
15672,-39,-74,212
15677,6,-142,236
15682,6,-142,236
15687,-18,61,262
15692,12,83,292
15697,-42,-110,208
15702,-46,-58,297
15707,29,97,242
15712,-11,25,277
15717,-46,-126,220
15722,-48,-38,310
15727,-38,112,238
15732,3,-13,266
15737,-98,-180,215
15742,39,-1,325
15747,15,98,261
15752,-26,-34,235
15757,-37,-170,210
15762,-36,18,305
15767,11,112,274
15772,-32,-69,224
15777,-12,-135,240
15782,8,47,271
15787,-21,74,290
15792,-48,-109,209
15797,-80,-84,285
15802,12,87,249
15807,-18,27,277
15812,-89,-134,212
15817,13,-53,317
15822,-27,109,234
15827,9,1,280
15832,-74,-177,215
15837,8,1,317
15842,30,108,251
15847,-27,-40,239
15852,-37,-182,208
15857,-34,17,315
15862,2,114,268
15867,-25,-74,207
15872,-27,-143,237
15877,29,49,269
15882,-9,86,294
15887,-31,-100,204
15892,-80,-100,264
15897,-13,70,251
15902,3,44,285
15907,-83,-125,207
15912,27,-59,321
15917,-8,112,238
15922,-9,24,283
15927,-48,-151,224
15932,-73,-13,321
15937,6,123,241
15942,-29,-32,261
15947,-97,-182,194
15952,39,-6,320
15957,-4,119,262
15962,-25,-42,230
15967,-25,-42,230
15972,-32,-173,206
15977,-40,10,314
15982,11,115,269
15987,-24,-65,217
15992,-63,-154,244
15997,25,40,277
16002,5,86,273
16007,-34,-86,204
16012,-26,-132,255
16017,-14,60,262
16022,11,82,298
16027,-45,-103,216
16032,-78,-80,287
16037,7,77,245
16042,-11,37,288
16047,-73,-122,212
16052,29,-32,318
16057,11,105,239
16062,-11,28,283
16067,-37,-125,224
16072,-62,-32,320
16077,-16,123,236
16082,-1,-20,262
16087,-83,-179,203
16092,37,-4,326
16097,6,114,257
16102,-18,-32,231
16107,-45,-182,216
16112,-33,25,298
16117,21,101,266
16122,-30,-77,210
16127,-15,-145,244
16132,-25,68,258
16137,19,71,298
16142,-71,-121,194
16147,33,-47,315
16152,0,112,234
[FEATURES] f0=-20525 f1=31346 f2=37468 f3=-98000 f4=40000 f5=138000 f6=25167 f7=-19815 f8=96542 f9=98554 f10=-187000 f11=123000 f12=310000 f13=84121 f14=257299 f15=38080 f16=260102 f17=194000 f18=327000 f19=133000 f20=32184
[SCALED_FEATURES] f0=3361 f1=-664 f2=-852 f3=641 f4=-628 f5=-641 f6=-681 f7=-3191 f8=-479 f9=-473 f10=389 f11=-532 f12=-463 f13=-492 f14=-31 f15=-281 f16=-318 f17=345 f18=-365 f19=-362 f20=-282
[FEATURES_X] mean=-20525 std=31346 rms=37468 min=-98000 max=40000 p2p=138000 mad=25167
[FEATURES_Y] mean=-19815 std=96542 rms=98554 min=-187000 max=123000 p2p=310000 mad=84121
[FEATURES_Z] mean=257299 std=38080 rms=260102 min=194000 max=327000 p2p=133000 mad=32184
[CLASS] CLASS=normal ID=0 scores_x1000=[7165,1999,-9164]
[CLASS_STATS] condition=normal total_windows=16
predicted_count=[16,0,0]
correct_windows=16
accuracy_x1000=1000
current_prediction=0
[CLASS_TIMING] sample_interval_ms=5 window_acquisition_ms=900 feature_extract_ms=6 inference_ms=0 total_cycle_ms=971
16252,-29,109,232
16254,8,6,273
16257,8,6,273
16259,-63,-167,211
16262,-63,-167,211
16264,7,1,319
16266,7,1,319
16269,19,120,248
16271,19,120,248
16274,-20,-45,234
16276,-20,-45,234
16279,-46,-178,208
16281,-46,-178,208
16284,-35,22,305
16287,-35,22,305
16289,16,92,269
16291,16,92,269
16294,-34,-82,205
16296,-34,-82,205
16299,-60,-132,251
16302,-60,-132,251
16304,-20,68,255
16307,-20,68,255
16309,-2,40,292
16312,-2,40,292
16314,-75,-127,214
16317,-75,-127,214
16319,-59,-33,323
16322,-59,-33,323
16325,8,120,240
16327,8,120,240
16329,-29,-34,243
16332,-29,-34,243
16334,-46,-183,208
16337,-46,-183,208
16340,-12,31,292
16342,-12,31,292
16345,-5,91,280
16347,-5,91,280
16352,-41,-107,204
16357,4,-41,304
16362,14,115,228
16367,6,-1,275
16372,-90,-182,200
16377,5,1,323
16382,2,104,267
16387,-43,-97,204
16392,-91,-108,270
16397,20,101,246
16402,-6,23,294
16407,-68,-177,216
16412,40,-5,327
16417,-3,118,260
16422,-22,-78,209
16427,-61,-141,250
16432,6,90,240
16437,-20,34,279
16442,-45,-163,216
16447,27,4,323
16452,-5,130,256
16457,-22,-74,206
16462,-20,-151,248
16467,-14,71,253
16472,-15,33,278
16477,-48,-152,211
16482,23,6,324
16487,-11,119,262
16492,-18,-66,211
16497,-20,-153,250
16502,-1,74,252
16507,-13,39,282
16512,-50,-161,214
16517,38,-2,323
16522,-10,122,262
16527,-26,-76,201
16532,-73,-132,251
16537,14,102,241
16542,14,102,241
16547,-22,22,285
16552,-76,-184,200
16557,11,3,318
16562,12,117,273
16567,-35,-108,206
16572,-25,-57,305
16577,9,122,238
16582,3,-10,270
16587,-44,-190,204
16592,-14,37,298
16597,-3,84,288
16602,-51,-119,194
16607,5,-59,336
16612,-9,111,236
16617,-39,-52,228
16622,-46,-160,244
16627,8,64,265
16632,-3,55,293
16637,-49,-150,211
16642,20,4,322
16647,-13,123,263
16652,-29,-87,203
16657,-85,-115,268
16662,27,102,241
16667,-1,9,284
16672,-66,-199,197
16677,-43,22,315
16682,4,89,270
16687,-54,-113,191
16692,39,-48,327
16697,-32,110,236
16702,-24,-38,252
16707,-68,-175,205
16712,13,41,281
16717,-7,84,302
16722,-50,-119,193
16727,4,-57,337
16732,-21,113,230
16737,-38,-40,235
16742,-63,-165,237
16747,25,46,273
16752,3,87,304
16757,-73,-137,196
16762,-62,-53,322
16767,2,128,235
16772,-39,-54,232
16777,-63,-165,240
16782,21,50,271
16787,16,83,297
16792,-63,-145,194
16797,-54,-45,324
16802,3,117,230
16807,-41,-56,225
16812,-55,-162,239
16817,22,43,270
16822,2,81,302
16827,2,81,302
16832,-69,-129,195
16837,-39,-51,325
16842,6,118,231
16847,-35,-48,234
16852,-56,-164,242
16857,28,44,277
16862,10,84,296
16867,-47,-126,190
16872,19,-64,332
16877,-23,119,233
16882,-22,-32,251
16887,-49,-175,207
16892,-6,35,284
16897,-5,87,287
16902,-50,-111,201
16907,36,-38,320
16912,-27,111,236
16917,10,-19,267
16922,-48,-188,203
16927,-27,30,317
16932,-7,89,271
16937,-44,-109,203
16942,-20,-43,304
16947,25,109,237
16952,3,7,277
16957,-69,-188,204
16962,3,-2,323
16967,-15,122,259
16972,-25,-77,205
16977,-25,-141,252
16982,-8,78,253
16987,-21,35,289
16992,-66,-149,217
16997,-67,-15,329
17002,19,124,242
17007,-34,-40,235
17012,-52,-164,220
17017,2,34,279
17022,-7,84,274
17027,-43,-104,196
17032,-38,-59,299
17037,26,111,241
17042,-13,27,290
17047,-56,-167,217
17052,36,2,324
17057,0,130,263
17062,-20,-64,226
17067,-36,-150,250
17072,21,50,269
17077,11,84,302
17082,-59,-128,194
17087,28,-55,329
17092,-25,106,236
17097,3,-19,265
17102,-56,-183,199
17107,-27,11,317
17112,6,116,268
17117,6,116,268
17122,-34,-92,211
17127,-64,-123,257
17132,-1,81,245
17137,-22,39,289
17142,-44,-153,210
17147,-7,4,320
17152,7,116,248
[FEATURES] f0=-19800 f1=30169 f2=36086 f3=-91000 f4=40000 f5=131000 f6=25526 f7=-17255 f8=100496 f9=101966 f10=-199000 f11=130000 f12=329000 f13=87867 f14=256720 f15=40324 f16=259867 f17=190000 f18=337000 f19=147000 f20=34190
[SCALED_FEATURES] f0=3617 f1=-686 f2=-881 f3=721 f4=-628 f5=-680 f6=-673 f7=-2409 f8=-458 f9=-455 f10=343 f11=-506 f12=-427 f13=-470 f14=-90 f15=-247 f16=-326 f17=300 f18=-266 f19=-287 f20=-247
[FEATURES_X] mean=-19800 std=30169 rms=36086 min=-91000 max=40000 p2p=131000 mad=25526
[FEATURES_Y] mean=-17255 std=100496 rms=101966 min=-199000 max=130000 p2p=329000 mad=87867
[FEATURES_Z] mean=256720 std=40324 rms=259867 min=190000 max=337000 p2p=147000 mad=34190
[CLASS] CLASS=normal ID=0 scores_x1000=[8051,2626,-10678]
[CLASS_STATS] condition=normal total_windows=17
predicted_count=[17,0,0]
correct_windows=17
accuracy_x1000=1000
current_prediction=0
[CLASS_TIMING] sample_interval_ms=5 window_acquisition_ms=900 feature_extract_ms=6 inference_ms=1 total_cycle_ms=972
17252,-22,-139,237
17255,-2,64,265
17257,-2,64,265
17260,-2,64,265
17262,7,75,293
17264,7,75,293
17267,-64,-134,204
17269,-64,-134,204
17272,-31,-50,315
17275,-31,-50,315
17277,-20,113,234
17280,-20,113,234
17282,-24,-39,251
17285,-24,-39,251
17287,-43,-177,215
17290,-43,-177,215
17293,-21,28,310
17295,-21,28,310
17298,5,94,269
17300,5,94,269
17302,-34,-98,208
17305,-34,-98,208
17308,-69,-82,287
17310,-69,-82,287
17313,26,102,245
17315,26,102,245
17318,-13,28,286
17320,-13,28,286
17323,-53,-168,224
17325,-53,-168,224
17328,32,3,330
17330,32,3,330
17333,-11,125,264
17335,-11,125,264
17338,-21,-63,212
17340,-21,-63,212
17343,-11,-147,238
17346,-11,-147,238
17348,-19,70,261
17352,10,51,297
17357,-58,-150,213
17362,-62,-17,329
17367,18,117,243
17372,-37,-47,231
17377,-43,-168,239
17382,20,35,282
17387,12,88,296
17392,-52,-112,200
17397,35,-50,318
17402,35,-50,318
17407,-15,105,233
17412,5,-2,276
17417,-89,-186,194
17422,-15,-1,317
17427,-4,113,256
17432,-28,-83,215
17437,-35,-139,247
17442,-9,71,251
17447,-13,41,282
17452,-49,-141,218
17457,-61,-12,328
17462,27,126,247
17467,-22,-38,233
17472,-61,-163,224
17477,12,34,283
17482,-6,84,278
17487,-36,-108,202
17492,-57,-66,288
17497,27,100,254
17502,-14,28,283
17507,-44,-156,223
17512,16,2,314
17517,2,119,250
17522,-27,-53,224
17527,-59,-160,237
17532,22,44,278
17537,-9,85,299
17542,-49,-110,206
17547,-2,-30,309
17552,-1,115,232
17557,-7,7,277
17562,-88,-184,202
17567,31,-1,326
17572,-14,118,260
17577,-18,-68,205
17582,-7,-144,248
17587,-17,63,263
17592,-2,45,290
17597,-58,-142,216
17602,-71,-27,331
17607,19,131,243
17612,-37,-52,232
17617,-57,-168,233
17622,21,48,282
17627,0,81,301
17632,-62,-116,199
17637,25,-51,325
17642,-31,111,237
17647,-19,-28,250
17652,-46,-173,209
17657,-19,21,292
17662,-4,89,262
17667,-42,-111,201
17672,8,-37,314
17677,-10,109,223
17682,-2,-9,270
17687,-2,-9,270
17692,-60,-190,199
17697,-27,27,323
17702,4,98,268
17707,-39,-113,202
17712,-3,-45,308
17717,4,116,230
17722,-2,-6,267
17727,-60,-190,194
17732,-33,23,322
17737,6,93,270
17742,-44,-105,200
17747,0,-42,309
17752,-4,108,230
17757,13,-4,274
17762,-56,-179,196
17767,-31,30,322
17772,5,100,271
17777,-44,-107,206
17782,-22,-54,300
17787,17,114,240
17792,5,4,280
17797,-75,-199,198
17802,-32,14,319
17807,5,105,275
17812,-34,-102,206
17817,-39,-51,299
17822,7,116,233
17827,-5,2,271
17832,-78,-199,197
17837,-32,20,310
17842,15,101,274
17847,-40,-101,202
17852,-28,-56,300
17857,7,117,223
17862,-7,-4,273
17867,-86,-201,189
17872,-31,17,320
17877,6,98,273
17882,-47,-105,200
17887,-5,-37,306
17892,-11,114,226
17897,1,-17,269
17902,-51,-191,204
17907,-21,32,300
17912,-1,80,272
17917,-49,-113,202
17922,32,-43,323
17927,-30,112,243
17932,-25,-34,255
17937,-41,-176,217
17942,10,37,274
17947,11,84,295
17952,-58,-120,197
17957,0,-57,325
17962,-6,127,228
17967,-39,-51,231
17972,-39,-51,231
17977,-49,-167,235
17982,16,46,276
17987,12,81,300
17992,-72,-143,197
17997,-60,-30,326
18002,18,127,246
18007,-34,-53,228
18012,-30,-152,249
18017,5,61,262
18022,13,61,294
18027,-50,-153,211
18032,-27,3,332
18037,0,121,251
18042,-26,-63,218
18047,-11,-143,250
18052,-11,78,255
18057,-11,31,277
18062,-49,-158,210
18067,32,4,328
18072,-16,123,263
18077,-25,-81,209
18082,-64,-135,256
18087,10,96,239
18092,-25,28,281
18097,-56,-171,216
18102,31,-6,327
18107,-11,125,261
18112,-25,-82,212
18117,-68,-125,258
18122,14,95,242
18127,-20,28,286
18132,-58,-180,211
18137,40,4,331
18142,-11,119,264
18147,-23,-89,209
18152,-71,-110,268
[FEATURES] f0=-19305 f1=28881 f2=34739 f3=-89000 f4=40000 f5=129000 f6=23934 f7=-18510 f8=98860 f9=100578 f10=-201000 f11=131000 f12=332000 f13=85545 f14=257600 f15=40092 f16=260701 f17=189000 f18=332000 f19=143000 f20=34255
[SCALED_FEATURES] f0=3793 f1=-710 f2=-909 f3=744 f4=-628 f5=-691 f6=-708 f7=-2792 f8=-467 f9=-462 f10=335 f11=-502 f12=-421 f13=-484 f14=-1 f15=-250 f16=-299 f17=289 f18=-316 f19=-308 f20=-246
[FEATURES_X] mean=-19305 std=28881 rms=34739 min=-89000 max=40000 p2p=129000 mad=23934
[FEATURES_Y] mean=-18510 std=98860 rms=100578 min=-201000 max=131000 p2p=332000 mad=85545
[FEATURES_Z] mean=257600 std=40092 rms=260701 min=189000 max=332000 p2p=143000 mad=34255
[CLASS] CLASS=normal ID=0 scores_x1000=[8161,2732,-10894]
[CLASS_STATS] condition=normal total_windows=18
predicted_count=[18,0,0]
correct_windows=18
accuracy_x1000=1000
current_prediction=0
[CLASS_TIMING] sample_interval_ms=5 window_acquisition_ms=900 feature_extract_ms=7 inference_ms=1 total_cycle_ms=972
18252,9,82,296
18255,-67,-136,196
18257,-67,-136,196
18260,-76,-28,335
18262,-76,-28,335
18265,19,120,245
18268,19,120,245
18270,-40,-66,222
18273,-40,-66,222
18275,-22,-152,246
18278,-2,56,258
18280,-2,56,258
18283,-2,56,258
18285,7,36,292
18287,7,36,292
18290,-45,-137,222
18292,-45,-137,222
18295,-37,1,327
18297,-37,1,327
18300,1,118,254
18302,1,118,254
18305,-21,-63,223
18307,-21,-63,223
18310,1,-140,244
18312,1,-140,244
18315,-19,72,264
18317,-19,72,264
18320,-6,40,284
18322,-6,40,284
18324,-49,-155,220
18327,-49,-155,220
18330,5,5,325
18332,5,5,325
18334,-14,124,259
18337,-14,124,259
18339,-12,-65,218
18342,-12,-65,218
18344,-33,-147,257
18347,-33,-147,257
18352,-11,78,249
18357,-29,36,279
18362,-43,-166,217
18367,38,5,331
18372,-10,117,259
18377,-28,-90,205
18382,-83,-110,265
18387,25,111,246
18392,-3,8,281
18397,-70,-192,195
18402,-31,24,321
18407,1,93,269
18412,-50,-109,203
18417,36,-47,328
18422,-29,116,237
18427,-33,-51,240
18432,-39,-168,251
18437,10,57,266
18442,7,57,296
18447,-47,-148,207
18452,17,5,321
18457,-9,126,257
18462,-20,-87,200
18467,-68,-121,269
18472,27,111,242
18477,-5,8,286
18482,-73,-195,193
18487,-30,27,321
18492,-6,93,268
18497,-47,-114,200
18502,34,-42,330
18507,-15,115,234
18512,-39,-43,240
18517,-50,-162,245
18522,6,58,266
18527,9,60,295
18532,-59,-153,210
18537,-18,2,326
18542,-18,2,326
18547,-5,112,254
18552,-23,-72,208
18557,-28,-146,256
18562,1,81,244
18567,-28,30,281
18572,-63,-173,208
18577,23,2,329
18582,-5,119,263
18587,-46,-100,201
18592,-50,-72,298
18597,21,118,242
18602,3,3,277
18607,-77,-194,195
18612,-35,25,326
18617,6,91,273
18622,-56,-108,204
18627,9,-43,312
18632,-24,110,227
18637,0,-27,261
18642,-52,-179,208
18647,-9,34,296
18652,3,87,284
18657,-40,-107,202
18662,32,-53,320
18667,-37,106,235
18672,-14,-37,254
18677,-36,-177,211
18682,-14,37,302
18687,-5,91,276
18692,-51,-106,200
18697,16,-47,310
18702,-17,113,224
18707,-3,-23,264
18712,-57,-189,201
18717,-32,23,310
18722,3,95,266
18727,-39,-101,206
18732,-63,-71,290
18737,23,111,248
18742,4,15,277
18747,-73,-182,207
18752,21,0,321
18757,-9,114,254
18762,-24,-85,212
18767,-67,-128,251
18772,-7,81,243
18777,-22,34,278
18782,-48,-153,213
18787,-20,1,315
18792,9,115,246
18797,-25,-58,217
18802,-57,-159,241
18807,16,50,273
18812,13,81,297
18817,-61,-121,198
18822,26,-53,326
18827,26,-53,326
18832,-21,113,230
18837,-6,-23,263
18842,-67,-185,198
18847,-11,2,322
18852,3,117,258
18857,-37,-80,219
18862,-5,-139,251
18867,-20,69,263
18872,4,43,296
18877,-70,-125,209
18882,-36,-40,322
18887,-1,121,237
18892,-37,-39,249
18897,-33,-170,199
18902,-24,28,307
18907,16,92,270
18912,-46,-103,203
18917,-66,-84,287
18922,25,99,247
18927,-14,28,286
18932,-56,-169,220
18937,30,-3,324
18942,-21,116,258
18947,-14,-62,222
18952,-25,-146,237
18957,-1,62,260
18962,4,58,292
18967,-61,-137,205
18972,-65,-30,326
18977,13,122,233
18982,-35,-44,236
18987,-55,-168,231
18992,11,37,281
18997,5,91,282
19002,-48,-98,209
19007,10,-44,306
19012,-8,115,235
19017,-3,5,277
19022,-71,-186,204
19027,25,-4,322
19032,-14,123,263
19037,-23,-75,208
19042,-17,-145,248
19047,-25,65,259
19052,11,51,289
19057,-65,-144,205
19062,-50,-42,329
19067,-14,117,230
19072,-38,-36,256
19077,-43,-178,205
19082,-27,24,311
19087,0,92,261
19092,-38,-99,206
19097,-72,-101,264
19102,11,86,247
19107,-18,42,281
19112,-18,42,281
19117,-50,-146,222
19122,-5,3,318
19127,7,114,249
19132,-38,-56,223
19137,-48,-148,248
19142,17,49,269
19147,9,91,301
19152,-59,-120,196
[FEATURES] f0=-20145 f1=28349 f2=34778 f3=-83000 f4=38000 f5=121000 f6=23763 f7=-18615 f8=97989 f9=99742 f10=-195000 f11=126000 f12=321000 f13=85973 f14=257850 f15=40092 f16=260948 f17=193000 f18=335000 f19=142000 f20=33125
[SCALED_FEATURES] f0=3495 f1=-719 f2=-908 f3=812 f4=-649 f5=-735 f6=-712 f7=-2825 f8=-471 f9=-467 f10=358 f11=-521 f12=-442 f13=-481 f14=23 f15=-250 f16=-290 f17=334 f18=-286 f19=-313 f20=-266
[FEATURES_X] mean=-20145 std=28349 rms=34778 min=-83000 max=38000 p2p=121000 mad=23763
[FEATURES_Y] mean=-18615 std=97989 rms=99742 min=-195000 max=126000 p2p=321000 mad=85973
[FEATURES_Z] mean=257850 std=40092 rms=260948 min=193000 max=335000 p2p=142000 mad=33125
[CLASS] CLASS=normal ID=0 scores_x1000=[7720,2296,-10016]
[CLASS_STATS] condition=normal total_windows=19
predicted_count=[19,0,0]
correct_windows=19
accuracy_x1000=1000
current_prediction=0
[CLASS_TIMING] sample_interval_ms=5 window_acquisition_ms=900 feature_extract_ms=7 inference_ms=0 total_cycle_ms=971
19252,-32,114,236
19255,-32,114,236
19257,-29,-37,254
19260,-29,-37,254
19262,-36,-176,210
19265,-33,17,316
19268,-33,17,316
19270,-33,17,316
19272,8,92,268
19275,8,92,268
19277,-32,-98,209
19280,-32,-98,209
19282,-63,-80,289
19285,-63,-80,289
19287,27,95,250
19290,27,95,250
19292,-8,29,283
19295,-8,29,283
19297,-57,-167,211
19300,-57,-167,211
19302,40,3,327
19305,40,3,327
19307,-9,121,255
19309,-9,121,255
19312,-23,-63,221
19314,-23,-63,221
19317,-32,-146,237
19320,-32,-146,237
19322,1,57,264
19325,1,57,264
19327,-3,64,291
19329,-3,64,291
19332,-70,-136,200
19334,-70,-136,200
19337,-37,-54,322
19340,-37,-54,322
19342,-14,121,224
19345,-14,121,224
19347,-42,-36,246
19352,-46,-174,203
19357,-22,26,290
19362,-5,84,269
19367,-41,-99,199
19372,-49,-59,297
19377,36,107,236
19382,2,21,284
19387,-68,-167,226
19392,8,-1,330
19397,-10,101,256
19402,-10,101,256
19407,-26,-47,232
19412,-41,-150,239
19417,30,46,267
19422,3,80,300
19427,-60,-119,200
19432,41,-43,321
19437,-11,118,234
19442,-9,-12,271
19447,-77,-184,196
19452,7,-2,323
19457,-20,115,259
19462,-14,-67,216
19467,-8,-140,237
19472,-16,59,263
19477,5,54,289
19482,-70,-140,213
19487,-64,-42,327
19492,-15,124,228
19497,-8,-17,253
19502,-38,-182,209
19507,-43,7,325
19512,-1,99,270
19517,-21,-88,210
19522,-29,-140,243
19527,-21,67,267
19532,-1,43,288
19537,-65,-126,211
19542,-34,-59,323
19547,-30,109,241
19552,-12,-23,251
19557,-52,-186,203
19562,-13,2,323
19567,-30,121,267
19572,-12,-70,210
19577,-5,-134,245
19582,-2,59,260
19587,-19,78,287
19592,-52,-117,201
19597,-17,-31,315
19602,13,107,236
19607,-15,18,278
19612,-51,-160,226
19617,-10,0,314
19622,23,104,250
19627,-27,-37,240
19632,-28,-177,202
19637,-30,15,322
19642,15,103,278
19647,-14,-73,217
19652,10,-133,240
19657,-7,60,254
19662,-21,78,289
19667,-56,-121,194
19672,-20,-37,306
19677,30,103,234
19682,-2,28,277
19687,-2,28,277
19692,-35,-137,225
19697,-75,-26,333
19702,-2,126,239
19707,-9,-27,258
19712,-63,-185,207
19717,-16,-1,315
19722,-17,117,265
19727,-7,-65,217
19732,-49,-148,234
19737,22,54,268
19742,14,90,294
19747,-42,-100,207
19752,-58,-50,298
19757,33,105,241
19762,-13,28,277
19767,-46,-140,222
19772,-41,-3,327
19777,32,127,243
19782,-39,-46,236
19787,-33,-173,214
19792,-35,25,298
19797,25,94,285
19802,-27,-92,209
19807,-64,-96,267
19812,13,95,239
19817,-6,33,278
19822,-50,-136,213
19827,-72,-21,336
19832,29,121,249
19837,-31,-42,233
19842,-40,-169,216
19847,-20,26,293
19852,2,81,269
19857,-36,-100,214
19862,-68,-107,263
19867,-2,84,233
19872,-23,32,286
19877,-42,-137,215
19882,-69,-20,323
19887,10,122,239
19892,-31,-38,254
19897,-21,-173,205
19902,-35,21,310
19907,-2,110,259
19912,-28,-86,210
19917,1,-142,244
19922,-12,63,258
19927,17,72,295
19932,-74,-124,203
19937,6,-45,312
19942,26,102,231
19947,-10,25,287
19952,-36,-140,226
19957,-55,-5,320
19962,32,123,243
19967,-33,-40,237
19972,-33,-40,237
19977,-28,-166,198
19982,-26,-2,319
19987,-16,118,256
19992,-24,-68,212
19997,-31,-133,242
20002,24,44,266
20007,-15,75,305
20012,-46,-97,214
20017,-57,-74,295
20022,21,101,256
20027,4,32,285
20032,-45,-129,223
20037,-22,-50,330
20042,-29,116,226
20047,2,-16,254
20052,-71,-182,200
20057,33,-7,313
20062,-19,110,255
20067,-38,-59,222
20072,-50,-161,237
20077,-7,26,284
20082,1,87,272
20087,-32,-77,218
20092,-64,-126,258
20097,-33,58,262
20102,13,63,295
20107,-83,-130,207
20112,22,-55,323
20117,-5,110,229
20122,-18,18,279
20127,-55,-161,219
20132,4,-5,314
20137,29,110,244
20142,-26,-35,234
20147,-23,-175,205
20152,-37,17,310
[FEATURES] f0=-20375 f1=27794 f2=34462 f3=-83000 f4=41000 f5=124000 f6=22447 f7=-16120 f8=95520 f9=96871 f10=-186000 f11=127000 f12=313000 f13=82753 f14=257265 f15=38622 f16=260148 f17=194000 f18=336000 f19=142000 f20=32648
[SCALED_FEATURES] f0=3414 f1=-730 f2=-915 f3=812 f4=-617 f5=-719 f6=-741 f7=-2062 f8=-485 f9=-482 f10=393 f11=-517 f12=-457 f13=-500 f14=-35 f15=-273 f16=-317 f17=345 f18=-276 f19=-313 f20=-274
[FEATURES_X] mean=-20375 std=27794 rms=34462 min=-83000 max=41000 p2p=124000 mad=22447
[FEATURES_Y] mean=-16120 std=95520 rms=96871 min=-186000 max=127000 p2p=313000 mad=82753
[FEATURES_Z] mean=257265 std=38622 rms=260148 min=194000 max=336000 p2p=142000 mad=32648
[CLASS] CLASS=normal ID=0 scores_x1000=[7848,2283,-10132]
[CLASS_STATS] condition=normal total_windows=20
predicted_count=[20,0,0]
correct_windows=20
accuracy_x1000=1000
current_prediction=0
[CLASS_TIMING] sample_interval_ms=5 window_acquisition_ms=900 feature_extract_ms=7 inference_ms=0 total_cycle_ms=971
20252,-49,14,326
20254,7,113,274
20257,7,113,274
20259,-24,-66,216
20262,-24,-66,216
20264,-10,-143,240
20267,-10,-143,240
20270,8,54,262
20272,8,54,262
20274,10,95,299
20277,10,95,299
20279,-36,-98,210
20282,-36,-98,210
20284,-75,-82,283
20287,-75,-82,283
20289,1,78,239
20292,1,78,239
20294,7,48,284
20296,7,48,284
20299,-75,-124,203
20301,-75,-124,203
20304,35,-57,327
20306,35,-57,327
20309,-5,100,233
20311,-5,100,233
20314,-10,19,284
20316,-10,19,284
20319,-47,-157,216
20322,-47,-157,216
20324,-37,-6,331
20327,-37,-6,331
20329,24,128,240
20332,24,128,240
20334,-32,-37,246
20337,-32,-37,246
20339,-26,-168,196
20342,-26,-168,196
20345,-33,13,309
20347,-33,13,309
20352,-3,113,267
20357,-23,-75,202
20362,-18,-137,236
20367,20,50,267
20372,16,87,296
20377,-51,-116,195
20382,6,-33,309
20387,1,99,239
20392,9,16,284
20397,-63,-173,215
20402,32,-4,328
20407,5,115,250
20412,-29,-61,232
20417,-48,-149,239
20422,16,48,265
20427,-1,85,300
20432,-73,-123,194
20437,23,-55,323
20442,-32,101,239
20447,-2,-14,260
20452,-52,-191,209
20457,-27,24,311
20462,5,111,266
20467,-43,-92,204
20472,-71,-105,272
20477,17,97,237
20482,-16,33,280
20487,-42,-161,212
20492,19,-1,316
20497,4,121,252
20502,-34,-56,220
20507,-40,-152,249
20512,6,50,264
20517,11,80,300
20522,-52,-120,195
20527,29,-49,327
20532,-3,113,225
20537,1,1,275
20542,1,1,275
20547,-91,-183,197
20552,14,-10,313
20557,3,119,259
20562,-21,-69,210
20567,-22,-149,240
20572,-1,59,255
20577,17,76,300
20582,-71,-122,201
20587,22,-52,326
20592,-9,111,237
20597,12,9,272
20602,-70,-176,212
20607,47,-8,329
20612,-4,124,256
20617,-21,-55,215
20622,-64,-160,240
20627,7,29,283
20632,4,87,273
20637,-35,-94,214
20642,-63,-120,261
20647,-12,70,254
20652,7,44,290
20657,-80,-135,205
20662,-4,-61,321
20667,-29,112,235
20672,3,-8,274
20677,-92,-185,206
20682,40,-3,331
20687,-3,116,261
20692,-23,-52,217
20697,-68,-174,231
20702,9,35,277
20707,3,96,286
20712,-39,-96,201
20717,-55,-105,255
20722,-5,85,237
20727,-9,26,274
20732,-62,-134,223
20737,-34,-48,331
20742,-33,109,230
20747,5,-12,254
20752,-80,-178,201
20757,37,-11,324
20762,-29,107,259
20767,-26,-60,233
20772,-62,-165,233
20777,-24,22,293
20782,-4,84,273
20787,-33,-87,217
20792,-34,-132,257
20797,-8,47,262
20802,-10,68,298
20807,-69,-125,205
20812,-20,-28,310
20817,30,98,232
20822,-2,33,286
20827,-2,33,286
20832,-49,-133,218
20837,-48,-43,331
20842,-33,119,229
20847,4,-14,268
20852,-81,-176,218
20857,21,-1,333
20862,9,108,257
20867,-18,-27,241
20872,-24,-168,204
20877,10,5,330
20882,-22,106,269
20887,-18,-42,236
20892,-33,-166,212
20897,-36,22,294
20902,25,97,276
20907,-19,-70,215
20912,-32,-131,240
20917,21,37,268
20922,0,81,294
20927,-30,-82,213
20932,-18,-137,246
20937,13,48,263
20942,-20,76,287
20947,-41,-94,214
20952,-57,-109,261
20957,-11,77,236
20962,7,56,300
20967,-79,-121,208
20972,-21,-40,305
20977,28,105,242
20982,-8,30,279
20987,-91,-128,215
20992,29,-41,318
20997,12,111,229
21002,-10,33,287
21007,-59,-136,214
21012,18,-58,328
21017,18,100,227
21022,4,30,292
21027,-55,-133,213
21032,3,-55,323
21037,-3,93,218
21042,-1,26,284
21047,-53,-139,217
21052,-18,-50,327
21057,-25,102,241
21062,-1,22,273
21067,-46,-136,225
21072,-8,-41,323
21077,-19,100,239
21082,-16,21,273
21087,-44,-142,222
21092,-60,-44,328
21097,-34,111,230
21102,-14,15,276
21107,-42,-144,223
21112,-42,-144,223
21117,-64,-26,339
21122,-34,117,222
21127,-3,4,277
21132,-60,-142,225
21137,-63,-16,331
21142,-19,123,235
21147,0,-7,275
21152,-64,-159,229
[FEATURES] f0=-18870 f1=30551 f2=35908 f3=-92000 f4=47000 f5=139000 f6=25364 f7=-18030 f8=94567 f9=96270 f10=-191000 f11=128000 f12=319000 f13=82372 f14=258410 f15=39920 f16=261475 f17=194000 f18=339000 f19=145000 f20=34152
[SCALED_FEATURES] f0=3947 f1=-679 f2=-884 f3=709 f4=-554 f5=-636 f6=-677 f7=-2646 f8=-490 f9=-485 f10=374 f11=-513 f12=-446 f13=-503 f14=80 f15=-253 f16=-273 f17=345 f18=-247 f19=-297 f20=-248
[FEATURES_X] mean=-18870 std=30551 rms=35908 min=-92000 max=47000 p2p=139000 mad=25364
[FEATURES_Y] mean=-18030 std=94567 rms=96270 min=-191000 max=128000 p2p=319000 mad=82372
[FEATURES_Z] mean=258410 std=39920 rms=261475 min=194000 max=339000 p2p=145000 mad=34152
[CLASS] CLASS=normal ID=0 scores_x1000=[8569,2901,-11471]
[CLASS_STATS] condition=normal total_windows=21
predicted_count=[21,0,0]
correct_windows=21
accuracy_x1000=1000
current_prediction=0
[CLASS_TIMING] sample_interval_ms=5 window_acquisition_ms=900 feature_extract_ms=7 inference_ms=0 total_cycle_ms=971
21252,-72,-154,221
21255,-72,-154,221
21257,-73,-20,331
21260,-73,-20,331
21263,-25,121,226
21265,-6,14,276
21268,-6,14,276
21270,-6,14,276
21272,-55,-140,220
21275,-55,-140,220
21278,-52,-35,328
21280,-52,-35,328
21283,-15,106,228
21285,-15,106,228
21288,-12,24,270
21290,-12,24,270
21293,-51,-124,229
21296,-51,-124,229
21298,11,-37,324
21301,11,-37,324
21303,-19,102,238
21306,-19,102,238
21308,-8,22,267
21311,-8,22,267
21313,-53,-126,230
21316,-53,-126,230
21318,23,-42,328
21321,23,-42,328
21323,11,93,223
21326,11,93,223
21328,4,29,282
21331,4,29,282
21333,-74,-123,224
21335,-74,-123,224
21338,-12,-29,311
21341,-12,-29,311
21343,32,97,239
21346,32,97,239
21348,-2,22,269
21352,-72,-118,220
21357,-75,-58,284
21362,4,95,251
21367,2,41,285
21372,-58,-117,206
21377,-49,-112,252
21382,12,58,251
21387,-4,73,297
21392,-36,-88,218
21397,-36,-88,218
21402,-10,-130,235
21407,0,47,269
21412,-21,76,294
21417,-43,-82,216
21422,-2,-137,242
21427,17,43,265
21432,-6,76,297
21437,-39,-78,211
21442,-6,-139,237
21447,10,47,255
21452,-14,81,293
21457,-47,-85,206
21462,5,-137,240
21467,9,46,256
21472,-13,76,297
21477,-42,-76,214
21482,-26,-135,241
21487,-5,43,266
21492,-2,77,290
21497,-40,-73,228
21502,-30,-130,245
21507,1,52,266
21512,-26,78,299
21517,-39,-92,217
21522,-18,-132,236
21527,-10,54,264
21532,-27,74,295
21537,-39,-91,217
21542,-26,-130,241
21547,10,45,261
21552,-6,82,294
21557,-36,-76,209
21562,-2,-142,234
21567,-9,59,258
21572,-4,86,293
21577,-48,-84,205
21582,3,-139,235
21587,34,42,272
21592,-6,77,290
21597,-33,-68,222
21602,-51,-133,236
21607,13,27,289
21612,24,99,276
21617,-17,-66,208
21622,-26,-176,200
21627,-36,0,321
21632,-40,104,260
21637,-21,-33,228
21642,-65,-174,202
21647,11,2,334
21652,39,105,241
21657,1,-19,246
21662,-71,-161,224
21667,-75,-24,329
21672,-35,103,238
21677,-7,23,279
21682,-7,23,279
21687,-52,-132,224
21692,25,-48,323
21697,27,98,229
21702,7,28,284
21707,-78,-124,210
21712,-47,-33,299
21717,3,88,251
21722,4,49,293
21727,-53,-109,202
21732,-64,-108,262
21737,-20,65,256
21742,-4,87,289
21747,-47,-91,209
21752,6,-137,244
21757,21,49,264
21762,-9,81,293
21767,-32,-67,221
21772,-32,-128,231
21777,26,33,271
21782,17,76,269
21787,-20,-59,215
21792,-63,-146,227
21797,-27,26,292
21802,10,97,276
21807,-16,-70,210
21812,-51,-163,217
21817,-48,9,304
21822,-18,107,272
21827,-13,-49,232
21832,-15,-174,194
21837,2,3,322
21842,-25,102,263
21847,-20,-31,224
21852,-59,-173,200
21857,34,-6,315
21862,6,104,250
21867,-7,-26,243
21872,-94,-174,207
21877,23,0,331
21882,41,108,244
21887,-7,-20,248
21892,-69,-159,223
21897,-71,-23,325
21902,-12,116,234
21907,-12,9,277
21912,-53,-142,230
21917,-59,-44,325
21922,-17,106,237
21927,-1,22,272
21932,-63,-119,224
21937,21,-40,322
21942,24,86,231
21947,-14,30,283
21952,-82,-126,215
21957,-57,-51,286
21962,-6,86,248
21967,-6,86,248
21972,0,60,302
21977,-34,-97,218
21982,1,-133,231
21987,2,48,258
21992,6,81,296
21997,-27,-60,219
22002,-51,-134,229
22007,-21,22,295
22012,8,105,275
22017,-15,-60,227
22022,-39,-182,192
22027,29,3,325
22032,1,102,264
22037,-20,-17,252
22042,-91,-175,213
22047,-58,-5,323
22052,-16,119,228
22057,5,15,279
22062,-44,-129,231
22067,26,-33,321
22072,21,92,234
22077,-24,33,281
22082,-88,-121,214
22087,-53,-51,288
22092,-7,71,241
22097,9,70,291
22102,-45,-82,219
22107,12,-129,236
22112,22,30,274
22117,22,83,272
22122,-13,-63,216
22127,-29,-168,209
22132,-16,3,324
22137,-19,99,264
22142,-16,-26,240
22147,-98,-170,208
22152,-52,-10,320
[FEATURES] f0=-19970 f1=30513 f2=36467 f3=-98000 f4=41000 f5=139000 f6=25156 f7=-19340 f8=89313 f9=91383 f10=-182000 f11=121000 f12=303000 f13=78283 f14=256924 f15=37212 f16=259605 f17=192000 f18=334000 f19=142000 f20=32018
[SCALED_FEATURES] f0=3557 f1=-679 f2=-873 f3=641 f4=-617 f5=-636 f6=-681 f7=-3046 f8=-518 f9=-512 f10=409 f11=-539 f12=-477 f13=-527 f14=-69 f15=-295 f16=-335 f17=323 f18=-296 f19=-313 f20=-285
[FEATURES_X] mean=-19970 std=30513 rms=36467 min=-98000 max=41000 p2p=139000 mad=25156
[FEATURES_Y] mean=-19340 std=89313 rms=91383 min=-182000 max=121000 p2p=303000 mad=78283
[FEATURES_Z] mean=256924 std=37212 rms=259605 min=192000 max=334000 p2p=142000 mad=32018
[CLASS] CLASS=normal ID=0 scores_x1000=[7675,2205,-9881]
[CLASS_STATS] condition=normal total_windows=22
predicted_count=[22,0,0]
correct_windows=22
accuracy_x1000=1000
current_prediction=0
[CLASS_TIMING] sample_interval_ms=5 window_acquisition_ms=900 feature_extract_ms=7 inference_ms=0 total_cycle_ms=971
22252,-11,26,280
22254,-90,-123,214
22257,-90,-123,214
22260,-54,-52,274
22262,-54,-52,274
22265,-14,69,240
22267,-14,69,240
22270,-2,78,286
22272,-2,78,286
22275,-29,-88,209
22277,-29,-88,209
22280,19,-130,246
22282,19,-130,246
22285,31,37,282
22287,31,37,282
22290,13,84,267
22292,13,84,267
22295,-30,-68,212
22297,-30,-68,212
22300,-55,-165,234
22302,-55,-165,234
22305,-43,11,325
22308,-43,11,325
22310,-20,108,261
22313,-20,108,261
22315,-19,-37,227
22318,-19,-37,227
22320,-23,-177,204
22323,-23,-177,204
22326,32,0,331
22328,32,0,331
22330,-7,98,256
22333,-7,98,256
22335,-15,-26,245
22338,-15,-26,245
22340,-45,-176,195
22343,-45,-176,195
22346,29,-2,328
22348,29,-2,328
22352,12,100,255
22357,-9,-23,249
22362,-72,-179,206
22367,35,-5,326
22372,38,108,255
22377,-31,-27,250
22382,-99,-182,208
22387,-17,-2,318
22392,21,127,239
22397,0,-11,278
22402,-50,-154,220
22407,-62,-36,332
22412,-27,108,227
22417,-7,16,273
22422,-46,-126,231
22427,-10,-46,323
22432,-27,105,232
22437,-2,22,272
22442,-39,-143,225
22447,-27,-46,329
22452,-19,110,233
22457,-2,19,274
22462,-54,-130,224
22467,4,-47,333
22472,-22,105,242
22477,-6,18,273
22482,-37,-135,227
22487,-73,-35,321
22492,-13,110,226
22497,2,-1,278
22502,-50,-161,217
22507,-68,-13,328
22512,2,115,241
22517,-10,-22,264
22522,-96,-187,210
22527,-13,-1,330
22532,25,109,241
22537,25,109,241
22542,-28,-30,253
22547,-38,-175,207
22552,9,-1,328
22557,-11,122,267
22562,-13,-48,223
22567,-34,-170,217
22572,-38,9,324
22577,6,114,265
22582,-16,-69,223
22587,-71,-160,240
22592,2,27,282
22597,27,92,274
22602,-36,-70,222
22607,-9,-133,245
22612,23,49,270
22617,-2,99,298
22622,-39,-90,202
22627,-18,-132,249
22632,-12,51,268
22637,-12,75,286
22642,-37,-108,213
22647,-41,-109,248
22652,-17,75,243
22657,0,51,306
22662,-71,-122,206
22667,-54,-59,295
22672,3,87,242
22677,6,43,291
22682,-71,-114,214
22687,-60,-61,293
22692,15,90,240
22697,9,47,295
22702,-68,-123,200
22707,-64,-70,291
22712,-1,77,239
22717,15,59,295
22722,-44,-106,213
22727,-65,-119,252
22732,-13,64,257
22737,-3,93,298
22742,-43,-83,204
22747,-10,-139,237
22752,26,33,278
22757,13,82,270
22762,-30,-66,216
22767,-61,-158,225
22772,-38,16,303
22777,-22,115,259
22782,-15,-56,227
22787,-19,-167,203
22792,27,-3,324
22797,-6,116,262
22802,-16,-25,248
22807,-97,-177,206
22812,-23,-9,323
22817,-23,-9,323
22822,7,112,244
22827,20,6,280
22832,-36,-140,228
22837,10,-50,325
22842,12,111,230
22847,-21,37,283
22852,-86,-120,217
22857,-76,-59,280
22862,0,76,244
22867,0,72,295
22872,-35,-100,214
22877,3,-132,241
22882,38,43,270
22887,-1,79,281
22892,-19,-58,221
22897,-57,-147,215
22902,-19,20,290
22907,-11,115,251
22912,-15,-37,217
22917,-25,-168,198
22922,13,-4,325
22927,40,117,248
22932,-1,-16,259
22937,-54,-139,218
22942,-30,-38,319
22947,-3,94,227
22952,-8,30,282
22957,-96,-125,224
22962,-53,-41,295
22967,-11,72,247
22972,9,74,292
22977,-24,-76,221
22982,-31,-120,230
22987,12,28,280
22992,27,101,274
22997,-11,-59,220
23002,-7,-168,201
23007,37,-5,328
23012,35,103,251
23017,-25,-18,252
23022,-66,-153,223
23027,-38,-32,326
23032,-14,104,240
23037,-13,30,278
23042,-84,-123,217
23047,-79,-72,270
23052,-10,63,247
23057,-16,76,283
23062,-35,-72,211
23067,-45,-129,230
23072,-13,21,301
23077,11,106,276
23082,-15,-51,229
23087,-43,-172,199
23092,-26,-12,334
23097,22,120,252
23102,22,120,252
23107,2,8,276
23112,-54,-121,230
23117,16,-38,310
23122,18,85,250
23127,18,58,299
23132,-31,-86,212
23137,-4,-125,242
23142,-13,22,310
23147,6,106,267
23152,-11,-39,223
[FEATURES] f0=-18370 f1=31147 f2=36161 f3=-99000 f4=40000 f5=139000 f6=24647 f7=-18170 f8=92657 f9=94421 f10=-187000 f11=127000 f12=314000 f13=79476 f14=257445 f15=38332 f16=260283 f17=195000 f18=334000 f19=139000 f20=32408
[SCALED_FEATURES] f0=4124 f1=-668 f2=-879 f3=630 f4=-628 f5=-636 f6=-692 f7=-2688 f8=-500 f9=-495 f10=389 f11=-517 f12=-455 f13=-520 f14=-17 f15=-278 f16=-312 f17=357 f18=-296 f19=-330 f20=-278
[FEATURES_X] mean=-18370 std=31147 rms=36161 min=-99000 max=40000 p2p=139000 mad=24647
[FEATURES_Y] mean=-18170 std=92657 rms=94421 min=-187000 max=127000 p2p=314000 mad=79476
[FEATURES_Z] mean=257445 std=38332 rms=260283 min=195000 max=334000 p2p=139000 mad=32408
[CLASS] CLASS=normal ID=0 scores_x1000=[8705,3034,-11740]
[CLASS_STATS] condition=normal total_windows=23
predicted_count=[23,0,0]
correct_windows=23
accuracy_x1000=1000
current_prediction=0
[CLASS_TIMING] sample_interval_ms=5 window_acquisition_ms=900 feature_extract_ms=7 inference_ms=0 total_cycle_ms=971
23252,-19,21,289
23255,-19,21,289
23257,-28,109,259
23260,-28,109,259
23262,-23,-33,237
23265,-23,-33,237
23267,-95,-155,236
23270,-95,-155,236
23273,-59,-38,326
23275,-59,-38,326
23278,25,102,234
23280,25,102,234
23283,-15,32,282
23285,-15,32,282
23288,-38,-86,217
23290,-38,-86,217
23293,-4,-124,249
23295,-4,-124,249
23298,-28,17,286
23301,-28,17,286
23303,-23,102,263
23306,-23,102,263
23308,-16,-22,245
23311,-16,-22,245
23313,-63,-150,228
23316,-63,-150,228
23319,10,-39,324
23321,10,-39,324
23324,36,95,247
23326,36,95,247
23328,8,61,298
23331,8,61,298
23333,-48,-82,210
23336,-48,-82,210
23338,-70,-143,216
23341,-70,-143,216
23343,-2,7,328
23346,-2,7,328
23348,2,105,251
23352,-15,-21,257
23357,-50,-121,232
23362,-5,-32,304
23367,-2,77,246
23372,-12,68,282
23377,-22,-60,229
23382,-30,-170,214
23387,-30,-170,214
23392,14,1,317
23397,32,113,260
23402,2,-3,266
23407,-47,-116,242
23412,-29,-39,295
23417,-9,65,246
23422,-9,76,291
23427,-39,-67,220
23432,-37,-166,214
23437,14,2,328
23442,24,104,253
23447,-10,-17,252
23452,-45,-125,233
23457,18,-32,317
23462,41,91,244
23467,13,43,291
23472,-33,-88,222
23477,3,-135,241
23482,-1,20,298
23487,-6,113,275
23492,-20,-40,220
23497,-77,-162,204
23502,4,-5,320
23507,-12,108,230
23512,-8,25,270
23517,-92,-122,216
23522,-59,-59,267
23527,-10,63,247
23532,2,86,299
23537,-30,-73,219
23542,-80,-148,235
23547,-45,8,317
23552,-18,115,266
23557,-19,-22,242
23562,-82,-160,221
23567,-68,-32,335
23572,-23,106,242
23577,-14,29,289
23582,-81,-122,219
23587,-57,-62,281
23592,-2,66,254
23597,-9,79,298
23602,-32,-66,215
23607,-58,-135,227
23612,-45,14,295
23617,-6,109,257
23622,-27,-31,227
23627,-49,-176,199
23632,-53,-22,328
23637,-4,120,237
23642,4,14,270
23647,-65,-124,226
23652,-13,-33,308
23657,32,93,250
23662,28,50,292
23667,-39,-92,215
23672,-39,-92,215
23677,4,-128,237
23682,24,30,288
23687,17,100,280
23692,-18,-46,230
23697,-52,-156,213
23702,19,-7,333
23707,22,117,245
23712,6,18,279
23717,-71,-118,222
23722,-21,-37,300
23727,-6,81,250
23732,12,62,293
23737,-27,-74,213
23742,-60,-125,223
23747,-34,13,287
23752,-26,110,257
23757,-27,-30,227
23762,-104,-171,204
23767,-76,-24,324
23772,-24,114,228
23777,0,28,276
23782,-86,-120,220
23787,-85,-65,269
23792,-10,62,242
23797,-18,73,289
23802,-36,-66,213
23807,-68,-147,227
23812,-40,8,322
23817,-14,99,266
23822,-13,-15,245
23827,-71,-157,230
23832,-63,-30,325
23837,-7,95,230
23842,-8,28,286
23847,-79,-118,208
23852,-18,-123,240
23857,27,39,268
23862,15,79,271
23867,-17,-61,217
23872,-20,-176,204
23877,38,-9,328
23882,10,123,246
23887,-11,15,277
23892,-71,-122,222
23897,-28,-34,302
23902,7,73,242
23907,3,67,291
23912,-40,-81,218
23917,-24,-136,238
23922,-17,21,291
23927,-4,100,276
23932,-18,-64,223
23937,-19,-167,206
23942,34,-8,329
23947,41,95,248
23952,3,-18,256
23957,3,-18,256
23962,-58,-159,220
23967,-59,-33,327
23972,-33,105,230
23977,-10,28,281
23982,-77,-124,221
23987,7,-35,318
23992,25,89,248
23997,21,48,298
24002,-57,-101,209
24007,-61,-112,250
24012,-15,61,261
24017,2,78,290
24022,-36,-94,201
24027,3,-132,242
24032,25,43,275
24037,15,85,276
24042,-26,-64,221
24047,-52,-145,243
24052,-9,17,284
24057,6,99,277
24062,-16,-65,216
24067,-54,-171,215
24072,-38,13,310
24077,-2,111,265
24082,-24,-52,223
24087,-25,-176,213
24092,-16,2,322
24097,-15,122,260
24102,-24,-32,240
24107,-41,-176,205
24112,25,-5,324
24117,15,108,251
24122,-29,-26,247
24127,-73,-185,210
24132,30,-9,325
24137,22,115,239
24142,-26,-28,248
24147,-85,-182,202
24152,26,-4,329
[FEATURES] f0=-21115 f1=32015 f2=38351 f3=-104000 f4=41000 f5=145000 f6=25615 f7=-19080 f8=90104 f9=92102 f10=-185000 f11=123000 f12=308000 f13=76190 f14=257900 f15=37084 f16=260552 f17=199000 f18=335000 f19=136000 f20=31615
[SCALED_FEATURES] f0=3152 f1=-651 f2=-833 f3=573 f4=-617 f5=-602 f6=-671 f7=-2967 f8=-514 f9=-508 f10=397 f11=-532 f12=-467 f13=-539 f14=28 f15=-297 f16=-303 f17=402 f18=-286 f19=-346 f20=-292
[FEATURES_X] mean=-21115 std=32015 rms=38351 min=-104000 max=41000 p2p=145000 mad=25615
[FEATURES_Y] mean=-19080 std=90104 rms=92102 min=-185000 max=123000 p2p=308000 mad=76190
[FEATURES_Z] mean=257900 std=37084 rms=260552 min=199000 max=335000 p2p=136000 mad=31615
[CLASS] CLASS=normal ID=0 scores_x1000=[6986,1751,-8737]
[CLASS_STATS] condition=normal total_windows=24
predicted_count=[24,0,0]
correct_windows=24
accuracy_x1000=1000
current_prediction=0
[CLASS_TIMING] sample_interval_ms=5 window_acquisition_ms=900 feature_extract_ms=6 inference_ms=0 total_cycle_ms=971
24252,-60,-160,239
24255,2,25,273
24257,2,25,273
24259,24,108,275
24262,24,108,275
24264,-30,-73,206
24267,-30,-73,206
24269,-36,-146,249
24272,-36,-146,249
24275,22,36,280
24277,22,36,280
24279,10,95,270
24282,10,95,270
24284,-30,-73,205
24287,-30,-73,205
24289,-63,-152,244
24292,-63,-152,244
24295,-2,22,285
24297,-2,22,285
24299,9,105,263
24302,9,105,263
24304,-21,-60,224
24307,-21,-60,224
24309,-51,-175,216
24312,-51,-175,216
24315,-37,6,306
24317,-37,6,306
24320,-9,122,256
24322,-9,122,256
24324,-17,-26,238
24327,-17,-26,238
24330,-68,-179,212
24332,-68,-179,212
24335,21,-1,310
24337,21,-1,310
24340,14,109,241
24342,14,109,241
24345,7,-4,275
24347,7,-4,275
24352,-52,-142,222
24357,-28,-54,324
24362,-2,113,241
24367,-34,34,279
24372,-90,-124,204
24377,-55,-65,288
24382,0,69,253
24387,19,68,292
24392,-44,-104,210
24397,-38,-132,248
24402,-4,66,262
24407,2,92,290
24412,-32,-84,211
24417,-20,-145,246
24422,14,42,278
24427,-2,97,266
24432,-25,-72,208
24437,-35,-144,240
24442,20,35,282
24447,-5,87,267
24452,-28,-71,209
24457,-41,-139,242
24462,12,29,280
24467,6,92,269
24472,-36,-76,209
24477,-51,-144,248
24482,6,26,285
24487,15,94,277
24492,-38,-71,214
24497,-56,-147,238
24502,-3,25,290
24507,11,94,278
24512,-31,-79,205
24517,-55,-143,238
24522,15,34,286
24527,15,34,286
24532,2,90,270
24537,-29,-73,217
24542,-9,-137,248
24547,3,51,269
24552,-7,87,291
24557,-38,-93,210
24562,-39,-129,254
24567,-11,69,253
24572,12,83,309
24577,-42,-100,199
24582,-44,-126,254
24587,-14,66,257
24592,31,85,309
24597,-37,-102,201
24602,-20,-135,252
24607,0,60,267
24612,-5,87,290
24617,-35,-85,211
24622,-17,-140,251
24627,19,34,287
24632,3,88,279
24637,-31,-58,220
24642,-52,-160,228
24647,-37,9,305
24652,-16,107,270
24657,-21,-36,244
24662,-65,-174,212
24667,25,-8,321
24672,28,122,254
24677,-5,-6,276
24682,-53,-145,216
24687,-68,-49,312
24692,-15,108,233
24697,7,27,286
24702,-69,-131,214
24707,25,-50,317
24712,28,114,243
24717,-36,30,275
24722,-84,-126,209
24727,13,-42,315
24732,37,103,245
24737,-30,29,276
24742,-73,-136,201
24747,17,-34,324
24752,29,106,235
24757,-18,30,272
24762,-62,-141,215
24767,10,-55,323
24772,-11,117,228
24777,13,14,267
24782,-55,-158,221
24787,-35,-12,316
24792,22,128,246
24797,-32,-28,249
24802,-38,-175,204
24807,-12,14,316
24812,-12,14,316
24817,-6,120,259
24822,-36,-75,209
24827,-26,-143,248
24832,8,60,270
24837,11,80,294
24842,-60,-117,206
24847,13,-41,324
24852,1,115,242
24857,-10,2,280
24862,-87,-190,211
24867,28,2,326
24872,-8,121,259
24877,-18,-64,220
24882,-19,-141,250
24887,-4,70,257
24892,-15,47,291
24897,-63,-134,201
24902,-46,-50,321
24907,2,121,234
24912,-30,-39,238
24917,-36,-167,209
24922,2,23,278
24927,10,88,289
24932,-48,-104,207
24937,-13,-48,306
24942,10,112,237
24947,-4,0,275
24952,-81,-188,207
24957,7,0,318
24962,-12,115,253
24967,-34,-83,212
24972,-44,-127,252
24977,-11,77,254
24982,-32,31,273
24987,-51,-149,215
24992,-35,-5,321
24997,22,128,244
25002,-28,-55,217
25007,-62,-160,243
25012,11,50,264
25017,8,71,295
25022,-60,-129,190
25027,12,-56,325
25032,-15,110,235
25037,-25,-28,271
25042,-55,-188,201
25047,-18,15,315
25052,-15,99,261
25057,-39,-91,209
25062,-59,-130,257
25067,-5,89,244
25072,-21,34,273
25077,-49,-143,212
25082,-21,-2,316
25087,29,128,248
25092,29,128,248
25097,-17,-52,226
25102,-48,-153,249
25107,7,50,270
25112,16,82,297
25117,-62,-126,196
25122,28,-45,329
25127,-13,116,241
25132,-19,-26,259
25137,-49,-182,206
25142,-24,21,319
25147,12,99,276
25152,-36,-111,213
[FEATURES] f0=-17480 f1=28559 f2=33484 f3=-90000 f4=37000 f5=127000 f6=24069 f7=-17985 f8=96526 f9=98188 f10=-190000 f11=128000 f12=318000 f13=85084 f14=256185 f15=35879 f16=258685 f17=190000 f18=329000 f19=139000 f20=29984
[SCALED_FEATURES] f0=4439 f1=-716 f2=-936 f3=732 f4=-659 f5=-702 f6=-705 f7=-2632 f8=-479 f9=-475 f10=378 f11=-513 f12=-448 f13=-487 f14=-144 f15=-316 f16=-365 f17=300 f18=-346 f19=-330 f20=-320
[FEATURES_X] mean=-17480 std=28559 rms=33484 min=-90000 max=37000 p2p=127000 mad=24069
[FEATURES_Y] mean=-17985 std=96526 rms=98188 min=-190000 max=128000 p2p=318000 mad=85084
[FEATURES_Z] mean=256185 std=35879 rms=258685 min=190000 max=329000 p2p=139000 mad=29984
[CLASS] CLASS=normal ID=0 scores_x1000=[9102,3446,-12549]
[CLASS_STATS] condition=normal total_windows=25
predicted_count=[25,0,0]
correct_windows=25
accuracy_x1000=1000
current_prediction=0
[CLASS_TIMING] sample_interval_ms=5 window_acquisition_ms=900 feature_extract_ms=7 inference_ms=1 total_cycle_ms=972
25252,-20,111,255
25255,-20,111,255
25257,-25,-84,210
25260,-25,-84,210
25263,-55,-119,253
25265,-55,-119,253
25268,11,92,250
25270,11,92,250
25273,2,32,279
25275,2,32,279
25277,-70,-167,224
25280,-70,-167,224
25283,31,-1,332
25285,31,-1,332
25287,-17,120,261
25290,-17,120,261
25293,-26,-81,212
25295,-26,-81,212
25298,-34,-134,246
25300,-34,-134,246
25303,-2,79,245
25305,-2,79,245
25308,-17,39,279
25310,-17,39,279
25313,-44,-154,221
25315,-44,-154,221
25318,14,-1,328
25321,14,-1,328
25323,-8,125,262
25325,-8,125,262
25328,-29,-80,204
25330,-29,-80,204
25333,-11,-143,253
25336,-11,-143,253
25338,-4,89,257
25341,-4,89,257
25343,-19,33,275
25346,-19,33,275
25348,-47,-147,218
25352,13,-5,319
25357,-1,126,254
25362,-29,-72,213
25367,-21,-140,252
25372,-6,76,256
25377,-6,76,256
25382,-17,35,278
25387,-47,-149,214
25392,6,-6,320
25397,6,124,250
25402,-25,-78,206
25407,-32,-137,255
25412,-15,79,253
25417,-13,35,276
25422,-57,-164,227
25427,28,2,333
25432,-17,114,262
25437,-29,-84,223
25442,-67,-121,260
25447,6,99,256
25452,-4,28,280
25457,-72,-176,209
25462,28,4,331
25467,-14,105,250
25472,-36,-89,212
25477,-63,-104,266
25482,17,104,253
25487,0,28,283
25492,-64,-174,218
25497,33,-7,329
25502,-8,121,261
25507,-33,-85,207
25512,-32,-137,250
25517,-3,74,257
25522,-26,39,275
25527,-55,-152,209
25532,-25,-7,319
25537,20,127,255
25542,-24,-62,222
25547,-51,-151,246
25552,19,61,271
25557,7,74,294
25562,-62,-128,197
25567,-24,-53,327
25572,-32,115,234
25577,-38,-34,245
25582,-32,-177,210
25587,-22,18,310
25592,4,89,273
25597,-43,-98,208
25602,-33,-71,288
25607,25,112,244
25612,7,16,276
25617,-85,-185,206
25622,21,2,324
25627,-12,116,259
25632,-25,-84,208
25637,-12,-143,246
25642,-9,67,259
25647,-28,35,278
25652,-61,-145,221
25657,-55,-20,323
25662,-55,-20,323
25667,32,128,243
25672,-26,-55,219
25677,-46,-153,241
25682,13,54,274
25687,0,74,295
25692,-66,-129,200
25697,-32,-46,317
25702,10,122,231
25707,-34,-40,249
25712,-40,-163,226
25717,6,31,285
25722,14,89,289
25727,-47,-107,214
25732,0,-35,310
25737,-7,111,234
25742,-9,-9,278
25747,-68,-176,204
25752,-9,10,318
25757,-11,104,260
25762,-33,-87,211
25767,-57,-128,244
25772,7,87,250
25777,-24,36,278
25782,-54,-150,210
25787,-2,-7,321
25792,14,128,246
25797,-25,-62,220
25802,-55,-150,243
25807,6,55,274
25812,12,78,294
25817,-66,-131,195
25822,5,-49,335
25827,-22,108,239
25832,-32,-35,252
25837,-46,-186,205
25842,-32,18,308
25847,1,91,268
25852,-45,-107,198
25857,-48,-74,280
25862,27,113,240
25867,-6,11,273
25872,-83,-181,200
25877,2,6,319
25882,-13,109,253
25887,-40,-95,212
25892,-62,-113,257
25897,17,101,250
25902,6,24,284
25907,-70,-177,215
25912,24,1,326
25917,-25,119,255
25922,-36,-92,210
25927,-53,-129,247
25932,4,81,247
25937,-5,32,273
25942,-5,32,273
25947,-63,-160,220
25952,19,1,324
25957,-4,117,258
25962,-18,-67,218
25967,-20,-143,251
25972,-5,68,267
25977,-31,40,280
25982,-46,-144,216
25987,-11,-4,316
25992,24,124,245
25997,-24,-62,220
26002,-33,-148,247
26007,4,62,263
26012,-14,46,288
26017,-66,-138,205
26022,-61,-26,324
26027,24,131,253
26032,-25,-50,234
26037,-37,-155,254
26042,15,45,274
26047,7,73,293
26052,-57,-128,201
26057,16,-48,332
26062,-12,119,234
26067,-25,-35,247
26072,-42,-173,203
26077,-16,18,291
26082,7,89,271
26087,-42,-106,202
26092,-35,-62,296
26097,8,109,244
26102,-3,6,276
26107,-76,-185,212
26112,39,9,335
26117,-13,106,258
26122,-17,-79,213
26127,13,-131,245
26132,-7,78,254
26137,-20,27,281
26142,-46,-147,214
26147,-41,-12,326
26152,34,125,249
[FEATURES] f0=-19035 f1=27326 f2=33302 f3=-85000 f4=39000 f5=124000 f6=22466 f7=-17575 f8=98721 f9=100273 f10=-186000 f11=131000 f12=317000 f13=87240 f14=256775 f15=37134 f16=259446 f17=195000 f18=335000 f19=140000 f20=29457
[SCALED_FEATURES] f0=3888 f1=-738 f2=-939 f3=789 f4=-638 f5=-719 f6=-741 f7=-2507 f8=-467 f9=-464 f10=393 f11=-502 f12=-450 f13=-474 f14=-84 f15=-296 f16=-340 f17=357 f18=-286 f19=-324 f20=-329
[FEATURES_X] mean=-19035 std=27326 rms=33302 min=-85000 max=39000 p2p=124000 mad=22466
[FEATURES_Y] mean=-17575 std=98721 rms=100273 min=-186000 max=131000 p2p=317000 mad=87240
[FEATURES_Z] mean=256775 std=37134 rms=259446 min=195000 max=335000 p2p=140000 mad=29457
[CLASS] CLASS=normal ID=0 scores_x1000=[8289,2824,-11113]
[CLASS_STATS] condition=normal total_windows=26
predicted_count=[26,0,0]
correct_windows=26
accuracy_x1000=1000
current_prediction=0
[CLASS_TIMING] sample_interval_ms=5 window_acquisition_ms=900 feature_extract_ms=7 inference_ms=0 total_cycle_ms=971
26252,-33,-98,210
26255,-70,-104,262
26257,-70,-104,262
26260,19,108,247
26263,19,108,247
26265,-4,22,276
26267,-4,22,276
26270,-79,-184,220
26273,-79,-184,220
26275,30,4,322
26277,30,4,322
26280,-9,112,254
26282,-9,112,254
26285,-27,-82,214
26287,-27,-82,214
26290,-77,-123,255
26293,-77,-123,255
26295,0,91,242
26298,0,91,242
26300,-8,29,275
26302,-8,29,275
26305,-57,-156,223
26307,-57,-156,223
26310,18,-3,327
26312,18,-3,327
26315,2,122,264
26317,2,122,264
26320,-25,-78,210
26322,-25,-78,210
26325,-15,-140,248
26327,-15,-140,248
26330,-17,65,264
26333,-17,65,264
26335,-27,37,284
26337,-27,37,284
26340,-54,-136,215
26343,-54,-136,215
26345,-50,-21,322
26348,-50,-21,322
26352,28,128,260
26357,-19,-41,243
26362,-46,-159,222
26367,0,36,280
26372,20,90,281
26377,-41,-112,204
26382,-15,-34,305
26387,17,111,232
26392,-9,-1,272
26397,-88,-182,198
26402,9,6,324
26407,-13,106,253
26412,-32,-89,209
26417,-29,-140,242
26422,2,74,254
26427,-21,37,275
26432,-56,-148,217
26437,-53,-25,325
26442,30,128,256
26447,-29,-43,236
26452,-56,-162,226
26457,-2,28,290
26462,15,87,285
26467,-46,-107,210
26472,0,-42,308
26477,11,117,232
26482,-4,6,277
26487,-88,-184,210
26492,29,-6,326
26497,-15,119,261
26502,-18,-83,206
26507,-15,-134,244
26512,-15,-134,244
26517,-9,55,254
26522,0,56,288
26527,-75,-130,201
26532,-2,-46,329
26537,-19,117,236
26542,-16,-29,245
26547,-38,-179,209
26552,-29,14,317
26557,3,104,269
26562,-32,-98,211
26567,-59,-106,260
26572,12,93,249
26577,-18,38,280
26582,-55,-151,221
26587,-38,-13,325
26592,23,118,248
26597,-22,-47,226
26602,-61,-160,245
26607,18,47,274
26612,7,81,295
26617,-52,-125,199
26622,20,-42,328
26627,-20,112,225
26632,-12,-17,273
26637,-64,-181,200
26642,-15,11,316
26647,-4,105,255
26652,-32,-88,205
26657,-46,-131,247
26662,2,82,243
26667,-28,30,279
26672,-40,-143,219
26677,-31,-16,314
26682,15,121,253
26687,-29,-63,213
26692,-44,-145,245
26697,21,45,269
26702,11,80,296
26707,-60,-121,204
26712,32,-36,326
26717,-19,116,229
26722,-6,-13,279
26727,-78,-185,200
26732,15,-1,321
26737,-15,112,257
26742,-17,-82,208
26747,-12,-137,250
26752,-2,65,259
26757,1,68,286
26762,-62,-117,199
26767,23,-44,321
26772,-13,114,230
26777,-4,1,271
26782,-74,-175,215
26787,26,-8,325
26792,20,127,252
26797,20,127,252
26802,-16,-45,221
26807,-50,-171,217
26812,-24,17,295
26817,2,91,269
26822,-31,-81,204
26827,-13,-136,244
26832,4,63,257
26837,11,70,285
26842,-47,-104,202
26847,-34,-52,297
26852,37,99,245
26857,-21,33,273
26862,-74,-128,221
26867,-29,-53,325
26872,-35,103,245
26877,-15,6,278
26882,-66,-161,225
26887,-33,-11,319
26892,32,117,256
26897,-22,-35,243
26902,-26,-167,197
26907,-18,9,314
26912,-14,114,261
26917,-15,-66,214
26922,-48,-129,234
26927,24,50,261
26932,-13,69,282
26937,-59,-118,204
26942,-43,-46,301
26947,15,107,237
26952,-11,21,264
26957,-61,-159,221
26962,-23,-1,323
26967,34,122,257
26972,-17,-46,223
26977,-47,-168,220
26982,-37,19,294
26987,3,73,281
26992,-47,-87,203
26997,-66,-100,265
27002,25,108,250
27007,-2,30,286
27012,-63,-158,223
27017,-31,-15,320
27022,14,109,254
27027,-39,-53,214
27032,-67,-160,227
27037,10,50,273
27042,4,80,294
27047,-53,-114,208
27052,0,-31,324
27057,-5,111,230
27062,-15,5,268
27067,-77,-182,208
27072,32,-1,322
27077,32,-1,322
27082,-4,120,260
27087,-10,-59,225
27092,-36,-138,245
27097,6,54,271
27102,10,68,294
27107,-65,-126,204
27112,18,-48,329
27117,-37,110,232
27122,-9,-17,279
27127,-81,-190,208
27132,-13,8,332
27137,-13,104,257
27142,-23,-83,206
27147,-2,-139,237
27152,0,71,254
[FEATURES] f0=-19260 f1=29940 f2=35600 f3=-88000 f4=37000 f5=125000 f6=24383 f7=-19415 f8=97181 f9=99101 f10=-190000 f11=128000 f12=318000 f13=84339 f14=256715 f15=38021 f16=259515 f17=197000 f18=332000 f19=135000 f20=31322
[SCALED_FEATURES] f0=3808 f1=-690 f2=-891 f3=755 f4=-659 f5=-713 f6=-698 f7=-3069 f8=-476 f9=-470 f10=378 f11=-513 f12=-448 f13=-491 f14=-90 f15=-282 f16=-337 f17=379 f18=-316 f19=-351 f20=-297
[FEATURES_X] mean=-19260 std=29940 rms=35600 min=-88000 max=37000 p2p=125000 mad=24383
[FEATURES_Y] mean=-19415 std=97181 rms=99101 min=-190000 max=128000 p2p=318000 mad=84339
[FEATURES_Z] mean=256715 std=38021 rms=259515 min=197000 max=332000 p2p=135000 mad=31322
[CLASS] CLASS=normal ID=0 scores_x1000=[7941,2597,-10539]
[CLASS_STATS] condition=normal total_windows=27
predicted_count=[27,0,0]
correct_windows=27
accuracy_x1000=1000
current_prediction=0
[CLASS_TIMING] sample_interval_ms=5 window_acquisition_ms=900 feature_extract_ms=6 inference_ms=0 total_cycle_ms=971
27252,-37,-91,213
27254,-37,-91,213
27257,-74,-112,263
27260,-74,-112,263
27262,-5,77,249
27265,-5,77,249
27267,-19,33,283
27270,-19,33,283
27272,-69,-125,220
27275,-69,-125,220
27277,-45,-54,316
27280,-45,-54,316
27283,-16,110,238
27285,-16,110,238
27288,-13,-29,257
27290,-13,-29,257
27293,-57,-183,202
27295,-57,-183,202
27298,-9,3,328
27300,-9,3,328
27303,-5,114,261
27305,-5,114,261
27308,-28,-71,207
27310,-28,-71,207
27313,-30,-133,250
27316,-30,-133,250
27318,-10,60,257
27321,-10,60,257
27323,-4,53,296
27326,-4,53,296
27328,-69,-139,202
27331,-69,-139,202
27333,-28,-58,328
27336,-28,-58,328
27338,-19,115,233
27341,-19,115,233
27344,-26,-30,244
27346,-26,-30,244
27349,-35,-177,201
27352,-28,21,304
27357,3,93,265
27362,3,93,265
27367,-45,-106,198
27372,-28,-49,304
27377,13,110,232
27382,0,-3,282
27387,-70,-190,200
27392,-26,12,319
27397,-7,102,261
27402,-40,-103,208
27407,-38,-63,294
27412,13,122,232
27417,2,-8,276
27422,-66,-192,197
27427,-26,22,318
27432,3,96,276
27437,-54,-114,200
27442,25,-48,334
27447,-21,106,241
27452,-33,-41,247
27457,-51,-164,229
27462,16,52,274
27467,7,69,301
27472,-72,-151,204
27477,-40,-4,330
27482,12,119,254
27487,-21,-73,216
27492,-30,-140,254
27497,4,85,237
27502,-10,21,285
27507,-65,-177,209
27512,8,4,326
27517,-14,103,263
27522,-61,-104,205
27527,1,-45,312
27532,-11,113,225
27537,-2,-33,257
27542,-34,-172,198
27547,-4,25,290
27552,10,91,290
27557,-56,-120,202
27562,10,-56,330
27567,-2,120,235
27572,-37,-45,246
27577,-50,-163,229
27582,3,39,288
27587,1,76,299
27592,-61,-134,196
27597,-47,-50,326
27602,7,124,231
27607,-43,-62,230
27612,-45,-151,243
27617,-1,52,262
27622,2,58,304
27627,-64,-149,207
27632,-27,-6,328
27637,9,123,242
27642,-18,-69,219
27647,-18,-69,219
27652,-11,-144,251
27657,1,73,259
27662,-15,36,283
27667,-55,-162,217
27672,27,1,331
27677,-3,117,261
27682,-31,-89,198
27687,-62,-108,269
27692,19,117,248
27697,-1,16,276
27702,-74,-180,204
27707,11,3,323
27712,-1,114,265
27717,-42,-100,215
27722,-50,-72,290
27727,20,107,241
27732,-11,2,275
27737,-76,-188,194
27742,-21,12,320
27747,8,100,270
27752,-54,-102,206
27757,-18,-45,308
27762,-4,117,228
27767,-6,-15,270
27772,-60,-184,198
27777,-25,23,322
27782,7,97,268
27787,-56,-109,192
27792,-4,-49,312
27797,-1,110,225
27802,-3,-15,281
27807,-56,-186,198
27812,-25,22,314
27817,13,103,279
27822,-52,-111,208
27827,-45,-64,301
27832,12,108,245
27837,-6,11,276
27842,-77,-182,202
27847,4,-5,322
27852,-5,108,254
27857,-26,-84,200
27862,-67,-130,253
27867,3,81,240
27872,-19,31,284
27877,-59,-163,216
27882,20,-4,338
27887,-7,121,263
27892,-18,-71,208
27897,-40,-137,247
27902,4,87,242
27907,-18,31,288
27912,-49,-165,219
27917,17,4,332
27922,-3,114,266
27927,-3,114,266
27932,-28,-88,205
27937,-59,-126,258
27942,4,91,238
27947,-17,23,285
27952,-58,-167,211
27957,7,-5,329
27962,-1,119,263
27967,-33,-91,206
27972,-58,-88,283
27977,10,110,238
27982,-10,7,279
27987,-74,-197,203
27992,-27,20,324
27997,-4,88,276
28002,-56,-114,194
28007,18,-48,330
28012,-14,118,230
28017,-31,-47,243
28022,-51,-153,252
28027,14,65,266
28032,-8,45,300
28037,-60,-155,211
28042,-1,3,318
28047,8,124,252
28052,-24,-79,206
28057,-68,-123,254
28062,18,114,248
28067,-5,5,276
28072,-78,-192,200
28077,-22,24,317
28082,-2,86,273
28087,-62,-106,205
28092,2,-53,329
28097,5,124,233
28102,-37,-53,232
28107,-42,-149,243
28112,13,64,256
28117,-2,49,291
28122,-54,-154,207
28127,12,-4,325
28132,-4,122,260
28137,-19,-82,206
28142,-59,-103,278
28147,22,110,245
28152,2,-2,281
[FEATURES] f0=-22005 f1=26974 f2=34811 f3=-78000 f4=27000 f5=105000 f6=23015 f7=-19260 f8=98485 f9=100350 f10=-197000 f11=124000 f12=321000 f13=86040 f14=256815 f15=41059 f16=260076 f17=192000 f18=338000 f19=146000 f20=34261
[SCALED_FEATURES] f0=2837 f1=-745 f2=-908 f3=869 f4=-765 f5=-824 f6=-728 f7=-3022 f8=-469 f9=-463 f10=350 f11=-528 f12=-442 f13=-481 f14=-80 f15=-235 f16=-319 f17=323 f18=-257 f19=-292 f20=-246
[FEATURES_X] mean=-22005 std=26974 rms=34811 min=-78000 max=27000 p2p=105000 mad=23015
[FEATURES_Y] mean=-19260 std=98485 rms=100350 min=-197000 max=124000 p2p=321000 mad=86040
[FEATURES_Z] mean=256815 std=41059 rms=260076 min=192000 max=338000 p2p=146000 mad=34261
[CLASS] CLASS=normal ID=0 scores_x1000=[6665,1433,-8099]
[CLASS_STATS] condition=normal total_windows=28
predicted_count=[28,0,0]
correct_windows=28
accuracy_x1000=1000
current_prediction=0
[CLASS_TIMING] sample_interval_ms=5 window_acquisition_ms=900 feature_extract_ms=6 inference_ms=0 total_cycle_ms=971
28252,7,41,281
28254,11,73,300
28257,11,73,300
28259,-66,-136,192
28262,-66,-136,192
28264,-49,-32,331
28267,-49,-32,331
28269,23,137,249
28272,23,137,249
28274,-29,-72,213
28277,-29,-72,213
28280,-26,-145,256
28282,-26,-145,256
28285,-11,59,257
28287,-11,59,257
28290,-16,42,285
28292,-16,42,285
28295,-40,-152,213
28298,-40,-152,213
28300,20,4,322
28303,20,4,322
28305,-10,116,261
28307,-10,116,261
28310,-26,-82,201
28313,-26,-82,201
28315,-62,-119,256
28318,-62,-119,256
28320,18,96,243
28323,18,96,243
28325,-3,18,286
28328,-3,18,286
28330,-72,-183,207
28333,-72,-183,207
28335,2,12,318
28338,2,12,318
28340,-1,107,265
28342,-1,107,265
28345,-45,-104,206
28348,-45,-104,206
28352,-54,-73,289
28357,9,116,234
28362,-7,-2,275
28367,-64,-186,204
28372,-23,17,321
28377,3,97,278
28382,-50,-111,200
28387,-32,-43,300
28392,-1,121,227
28397,1,-18,269
28402,-39,-180,197
28407,-15,27,310
28412,1,94,268
28417,-53,-113,199
28422,17,-42,325
28427,-27,99,232
28432,-37,-35,240
28437,-47,-169,218
28442,10,34,289
28447,8,74,295
28452,-71,-141,194
28457,-46,-41,335
28462,22,138,250
28467,-28,-61,228
28472,-22,-145,254
28477,-5,74,260
28482,-17,33,278
28487,-64,-175,215
28492,-64,-175,215
28497,26,4,326
28502,-13,107,258
28507,-44,-110,201
28512,-11,-41,303
28517,-14,110,225
28522,-33,-36,251
28527,-50,-166,217
28532,17,47,286
28537,16,79,300
28542,-55,-146,210
28547,-57,-14,337
28552,12,124,255
28557,-21,-75,219
28562,-28,-140,248
28567,16,102,246
28572,-1,18,289
28577,-73,-193,198
28582,-22,19,317
28587,3,98,272
28592,-50,-105,201
28597,13,-54,331
28602,3,117,229
28607,-24,-53,223
28612,-34,-141,249
28617,-6,69,258
28622,-26,32,277
28627,-58,-165,217
28632,18,6,326
28637,-3,105,257
28642,-55,-115,195
28647,8,-39,322
28652,-23,113,237
28657,-36,-43,238
28662,-62,-156,236
28667,5,64,260
28672,-19,42,281
28677,-49,-156,215
28682,24,-2,336
28687,-14,113,260
28692,-43,-104,206
28697,-5,-45,310
28702,-28,112,236
28707,-36,-46,237
28712,-52,-162,236
28717,13,65,267
28722,-31,43,290
28727,-57,-154,212
28732,27,4,334
28737,-12,115,255
28742,-44,-111,197
28747,-2,-50,311
28752,-29,108,242
28757,-43,-43,240
28762,-66,-161,243
28767,11,68,259
28772,11,68,259
28777,-19,42,289
28782,-50,-160,218
28787,21,7,332
28792,-27,109,257
28797,-49,-112,195
28802,9,-35,324
28807,-26,117,233
28812,-34,-51,235
28817,-31,-141,240
28822,3,63,263
28827,-25,35,273
28832,-71,-170,209
28837,11,7,322
28842,0,101,267
28847,-56,-121,202
28852,19,-44,334
28857,-11,129,232
28862,-41,-62,229
28867,-19,-140,255
28872,-10,74,254
28877,-1,32,288
28882,-77,-189,195
28887,-19,20,322
28892,13,98,276
28897,-60,-116,194
28902,-27,-46,330
28907,16,135,253
28912,-33,-69,217
28917,-17,-139,247
28922,-1,92,243
28927,-10,18,280
28932,-84,-192,195
28937,-23,23,321
28942,1,86,274
28947,-52,-124,198
28952,-37,-39,327
28957,30,138,248
28962,-28,-80,210
28967,-25,-136,239
28972,7,117,253
28977,-4,-1,273
28982,-34,-174,197
28987,-17,25,285
28992,6,86,297
28997,-61,-141,198
29002,-32,-6,323
29007,5,125,249
29012,-27,-87,205
29017,-60,-106,277
29022,20,123,234
29027,-19,-24,271
29032,-50,-176,206
29037,5,37,276
29042,9,63,294
29047,-50,-149,200
29052,-2,4,321
29057,-2,4,321
29062,3,123,257
29067,-12,-81,206
29072,-57,-106,271
29077,25,118,235
29082,-5,-14,271
29087,-37,-183,205
29092,-8,32,283
29097,16,80,298
29102,-69,-146,192
29107,-60,-27,337
29112,11,132,247
29117,-19,-72,210
29122,-36,-139,250
29127,1,91,245
29132,3,17,280
29137,-81,-197,196
29142,-21,18,332
29147,-3,90,278
29152,-54,-121,194
[FEATURES] f0=-20535 f1=27704 f2=34484 f3=-84000 f4=30000 f5=114000 f6=23525 f7=-19230 f8=100387 f9=102212 f10=-197000 f11=138000 f12=335000 f13=87989 f14=256644 f15=42124 f16=260079 f17=192000 f18=337000 f19=145000 f20=34917
[SCALED_FEATURES] f0=3357 f1=-731 f2=-915 f3=800 f4=-733 f5=-774 f6=-717 f7=-3013 f8=-458 f9=-453 f10=350 f11=-475 f12=-415 f13=-469 f14=-97 f15=-218 f16=-319 f17=323 f18=-266 f19=-297 f20=-235
[FEATURES_X] mean=-20535 std=27704 rms=34484 min=-84000 max=30000 p2p=114000 mad=23525
[FEATURES_Y] mean=-19230 std=100387 rms=102212 min=-197000 max=138000 p2p=335000 mad=87989
[FEATURES_Z] mean=256644 std=42124 rms=260079 min=192000 max=337000 p2p=145000 mad=34917
[CLASS] CLASS=normal ID=0 scores_x1000=[7429,2168,-9597]
[CLASS_STATS] condition=normal total_windows=29
predicted_count=[29,0,0]
correct_windows=29
accuracy_x1000=1000
current_prediction=0
[CLASS_TIMING] sample_interval_ms=5 window_acquisition_ms=900 feature_extract_ms=7 inference_ms=1 total_cycle_ms=972
29252,-45,-142,209
29255,-45,-142,209
29258,18,5,329
29260,18,5,329
29262,-14,122,262
29265,-14,122,262
29268,-37,-99,208
29270,-37,-99,208
29273,-38,-56,303
29275,-38,-56,303
29278,-18,104,230
29280,-18,104,230
29283,-28,-40,244
29286,-28,-40,244
29288,-54,-161,247
29291,-54,-161,247
29293,9,67,264
29296,9,67,264
29298,-20,53,292
29301,-20,53,292
29303,-57,-155,209
29306,-57,-155,209
29308,30,-1,335
29311,30,-1,335
29313,-15,122,256
29316,-15,122,256
29318,-43,-103,205
29321,-43,-103,205
29324,-13,-41,310
29326,-13,-41,310
29329,-19,113,240
29331,-19,113,240
29334,-20,-49,246
29336,-20,-49,246
29339,-51,-149,242
29342,-51,-149,242
29344,5,63,260
29347,5,63,260
29349,-16,37,281
29352,-16,37,281
29357,-58,-168,211
29362,20,12,326
29367,2,98,270
29372,-49,-116,204
29377,18,-48,338
29382,-12,127,232
29387,-34,-66,224
29392,-24,-141,252
29397,-12,86,247
29402,-4,14,286
29407,-62,-188,200
29412,-26,26,299
29417,22,89,289
29422,-63,-142,197
29427,-50,-14,326
29432,-3,124,258
29437,-29,-89,199
29442,-50,-73,302
29447,-3,116,223
29452,-32,-43,243
29457,-39,-156,247
29462,6,62,257
29467,-32,42,279
29472,-64,-178,209
29477,-1,14,324
29482,7,89,272
29487,-61,-118,192
29492,-28,-49,329
29497,11,135,245
29502,-29,-75,214
29507,-53,-127,255
29512,7,123,241
29517,-8,-21,269
29522,-46,-177,210
29527,14,52,278
29532,-6,58,295
29537,-57,-168,210
29542,19,7,333
29547,-10,103,265
29552,-57,-112,197
29557,21,-50,335
29562,16,129,249
29567,-37,-73,227
29572,-35,-136,253
29577,3,99,239
29582,2,2,284
29587,-47,-183,203
29592,-2,37,281
29597,16,79,297
29602,-65,-146,200
29607,-10,-4,323
29612,6,123,256
29617,-40,-95,197
29622,-40,-95,197
29627,-37,-55,307
29632,6,110,230
29637,-17,-39,258
29642,-57,-167,240
29647,12,62,268
29652,-18,46,298
29657,-49,-159,208
29662,25,1,333
29667,-20,110,260
29672,-43,-107,204
29677,-7,-45,313
29682,-16,109,228
29687,-31,-42,245
29692,-53,-160,233
29697,9,59,269
29702,-10,47,293
29707,-61,-158,206
29712,19,3,327
29717,-10,126,256
29722,-45,-112,201
29727,-23,-43,310
29732,-6,110,230
29737,-32,-42,252
29742,-44,-165,231
29747,12,53,275
29752,-8,58,300
29757,-53,-148,210
29762,-7,-7,321
29767,5,119,255
29772,-19,-83,207
29777,-66,-110,272
29782,16,117,239
29787,-8,-5,273
29792,-51,-189,202
29797,-12,24,302
29802,19,94,297
29807,-58,-127,197
29812,-20,-54,326
29817,9,136,244
29822,-31,-58,221
29827,-44,-150,243
29832,-13,68,256
29837,-18,43,282
29842,-55,-158,210
29847,18,-2,327
29852,-9,114,261
29857,-30,-98,199
29862,-56,-90,282
29867,15,118,241
29872,-3,3,274
29877,-71,-186,196
29882,-27,27,312
29887,7,97,265
29892,-49,-112,199
29897,24,-48,335
29902,24,-48,335
29907,-27,111,232
29912,-29,-40,237
29917,-51,-163,229
29922,10,51,271
29927,15,76,295
29932,-64,-146,204
29937,-53,-22,334
29942,27,139,252
29947,-27,-71,224
29952,-17,-141,254
29957,-8,76,250
29962,-3,36,280
29967,-69,-171,214
29972,7,14,317
29977,-13,105,271
29982,-48,-111,195
29987,-10,-47,311
29992,-23,107,233
29997,-23,-31,251
30002,-68,-171,219
30007,8,47,280
30012,-9,67,292
30017,-57,-145,205
30022,-41,-15,333
30027,28,128,252
30032,-24,-78,215
30037,-38,-139,241
30042,14,106,247
30047,1,9,282
30052,-83,-192,200
30057,-19,17,331
30062,9,85,278
30067,-63,-119,207
30072,-3,-51,326
30077,7,141,240
30082,-23,-54,221
30087,-44,-142,243
30092,0,58,261
30097,-21,35,272
30102,-49,-156,225
30107,36,3,333
30112,-21,109,257
30117,-42,-111,201
30122,3,-36,320
30127,-26,112,239
30132,-35,-41,242
30137,-50,-154,242
30142,0,70,261
30147,-26,37,268
30152,-60,-159,216
[FEATURES] f0=-20545 f1=26546 f2=33568 f3=-83000 f4=36000 f5=119000 f6=22327 f7=-19525 f8=99484 f9=101381 f10=-192000 f11=141000 f12=333000 f13=87145 f14=257465 f15=41165 f16=260735 f17=192000 f18=338000 f19=146000 f20=34066
[SCALED_FEATURES] f0=3353 f1=-753 f2=-934 f3=812 f4=-670 f5=-746 f6=-744 f7=-3103 f8=-463 f9=-458 f10=370 f11=-464 f12=-419 f13=-474 f14=-15 f15=-233 f16=-297 f17=323 f18=-257 f19=-292 f20=-250
[FEATURES_X] mean=-20545 std=26546 rms=33568 min=-83000 max=36000 p2p=119000 mad=22327
[FEATURES_Y] mean=-19525 std=99484 rms=101381 min=-192000 max=141000 p2p=333000 mad=87145
[FEATURES_Z] mean=257465 std=41165 rms=260735 min=192000 max=338000 p2p=146000 mad=34066
[CLASS] CLASS=normal ID=0 scores_x1000=[7381,2140,-9521]
[CLASS_STATS] condition=normal total_windows=30
predicted_count=[30,0,0]
correct_windows=30
accuracy_x1000=1000
current_prediction=0
[CLASS_TIMING] sample_interval_ms=5 window_acquisition_ms=900 feature_extract_ms=7 inference_ms=1 total_cycle_ms=972
30252,6,81,293
30255,-68,-133,197
30257,-68,-133,197
30260,-10,-47,326
30262,-10,-47,326
30265,3,125,243
30267,3,125,243
30270,-27,-47,223
30272,-27,-47,223
30275,-63,-157,234
30278,-63,-157,234
30280,26,51,265
30283,26,51,265
30285,-29,36,287
30288,-29,36,287
30290,-47,-149,211
30293,-47,-149,211
30295,-8,-2,317
30298,-8,-2,317
30300,8,123,254
30303,8,123,254
30305,-18,-74,204
30308,-18,-74,204
30310,-43,-138,249
30313,-43,-138,249
30315,16,111,251
30318,16,111,251
30320,9,12,278
30323,9,12,278
30325,-76,-190,197
30328,-76,-190,197
30330,-7,21,322
30333,-7,21,322
30335,5,106,270
30338,5,106,270
30340,5,106,270
30342,-51,-120,201
30345,-51,-120,201
30348,-6,-36,315
30352,-24,107,228
30357,-28,-38,247
30362,-54,-172,215
30367,3,36,290
30372,5,78,295
30377,-64,-130,196
30382,-41,-43,330
30387,26,127,254
30392,-33,-61,230
30397,-30,-141,251
30402,-17,61,267
30407,-19,41,275
30412,-63,-170,218
30417,37,1,333
30422,-3,105,265
30427,-41,-117,195
30432,4,-44,319
30437,-24,112,237
30442,-37,-40,240
30447,-59,-169,232
30452,11,62,266
30457,-15,52,293
30462,-54,-156,203
30467,-54,-156,203
30472,-9,-7,325
30477,-10,121,256
30482,-25,-102,210
30487,-55,-74,287
30492,4,119,233
30497,-16,-31,265
30502,-54,-176,211
30507,16,39,296
30512,-1,79,290
30517,-60,-150,208
30522,-38,-6,333
30527,20,130,248
30532,-18,-77,207
30537,-42,-135,246
30542,16,103,247
30547,3,10,281
30552,-70,-189,197
30557,-28,29,322
30562,23,99,276
30567,-53,-120,199
30572,-10,-54,319
30577,3,136,242
30582,-35,-60,218
30587,-22,-144,253
30592,-11,81,262
30597,-8,36,281
30602,-76,-176,207
30607,7,10,319
30612,3,98,272
30617,-50,-113,197
30622,20,-49,333
30627,-11,121,224
30632,-19,-61,225
30637,-31,-142,248
30642,-11,59,267
30647,-26,30,275
30652,-65,-166,211
30657,5,12,324
30662,-2,98,269
30667,-53,-118,205
30672,12,-55,335
30677,-13,129,222
30682,-32,-62,223
30687,-18,-145,255
30692,-13,75,257
30697,-15,31,284
30702,-83,-182,199
30707,-11,7,321
30712,6,102,269
30717,-64,-112,201
30722,-12,-62,326
30727,-2,135,238
30732,-37,-71,226
30737,-30,-150,249
30742,-1,99,242
30747,-1,99,242
30752,-12,12,276
30757,-65,-186,196
30762,-25,28,293
30767,9,85,290
30772,-66,-147,195
30777,-21,3,321
30782,11,127,250
30787,-25,-103,201
30792,-45,-56,298
30797,-13,114,230
30802,-26,-42,243
30807,-46,-157,242
30812,-6,67,262
30817,-27,31,276
30822,-77,-172,206
30827,-10,12,321
30832,7,97,279
30837,-75,-120,196
30842,-34,-45,324
30847,12,138,251
30852,-28,-72,210
30857,-47,-128,249
30862,13,117,252
30867,-18,-11,275
30872,-37,-183,203
30877,-14,37,284
30882,18,79,299
30887,-45,-148,213
30892,4,-5,317
30897,-3,124,257
30902,-40,-104,203
30907,-46,-62,297
30912,-12,120,231
30917,-25,-39,251
30922,-59,-158,239
30927,2,66,255
30932,-9,43,296
30937,-60,-160,213
30942,22,0,332
30947,-9,109,255
30952,-46,-113,198
30957,-1,-44,313
30962,-19,117,232
30967,-33,-40,244
30972,-52,-167,236
30977,10,56,276
30982,-15,58,286
30987,-43,-146,212
30992,-10,-3,322
30997,1,124,258
31002,-28,-81,205
31007,-67,-124,258
31012,14,114,245
31017,-12,3,279
31022,-79,-197,194
31027,-25,15,322
31032,-25,15,322
31037,13,100,274
31042,-58,-115,200
31047,27,-44,336
31052,-28,110,243
31057,-32,-40,242
31062,-45,-164,217
31067,6,40,288
31072,26,75,304
31077,-72,-137,196
31082,-46,-30,338
31087,20,132,256
31092,-35,-71,222
31097,-23,-140,251
31102,-10,74,262
31107,-8,37,275
31112,-62,-164,222
31117,37,0,330
31122,-16,111,256
31127,-38,-104,201
31132,-24,-46,305
31137,-23,110,224
31142,-24,-29,254
31147,-44,-177,206
31152,8,46,287
[FEATURES] f0=-21200 f1=27402 f2=34646 f3=-83000 f4=37000 f5=120000 f6=22789 f7=-19390 f8=101446 f9=103283 f10=-197000 f11=138000 f12=335000 f13=89137 f14=256334 f15=41384 f16=259654 f17=194000 f18=338000 f19=144000 f20=34471
[SCALED_FEATURES] f0=3122 f1=-737 f2=-911 f3=812 f4=-659 f5=-741 f6=-733 f7=-3061 f8=-453 f9=-448 f10=350 f11=-475 f12=-415 f13=-463 f14=-129 f15=-230 f16=-333 f17=345 f18=-257 f19=-303 f20=-243
[FEATURES_X] mean=-21200 std=27402 rms=34646 min=-83000 max=37000 p2p=120000 mad=22789
[FEATURES_Y] mean=-19390 std=101446 rms=103283 min=-197000 max=138000 p2p=335000 mad=89137
[FEATURES_Z] mean=256334 std=41384 rms=259654 min=194000 max=338000 p2p=144000 mad=34471
[CLASS] CLASS=normal ID=0 scores_x1000=[6922,1901,-8824]
[CLASS_STATS] condition=normal total_windows=31
predicted_count=[31,0,0]
correct_windows=31
accuracy_x1000=1000
current_prediction=0
[CLASS_TIMING] sample_interval_ms=5 window_acquisition_ms=900 feature_extract_ms=6 inference_ms=1 total_cycle_ms=972
31252,-23,20,317
31255,-23,20,317
31257,1,96,278
31259,1,96,278
31262,-54,-118,196
31264,-54,-118,196
31267,-27,-51,333
31270,-27,-51,333
31272,2,127,244
31275,2,127,244
31277,-29,-74,222
31280,-29,-74,222
31282,-42,-140,250
31285,-42,-140,250
31287,14,111,248
31290,14,111,248
31292,-1,-10,278
31295,-1,-10,278
31297,-42,-189,203
31300,-42,-189,203
31303,8,43,282
31305,8,43,282
31307,12,77,307
31310,12,77,307
31312,12,77,307
31315,-56,-148,211
31317,-56,-148,211
31320,2,-5,318
31322,2,-5,318
31325,-4,119,270
31327,-4,119,270
31329,-51,-112,202
31332,-51,-112,202
31335,7,-37,319
31337,7,-37,319
31340,-24,111,237
31342,-24,111,237
31345,-34,-48,241
31347,-34,-48,241
31352,-35,-148,252
31357,-16,66,258
31362,-24,34,280
31367,-64,-182,207
31372,-18,15,321
31377,-5,95,277
31382,-56,-128,200
31387,-52,-36,333
31392,3,138,247
31397,-22,-87,207
31402,-59,-86,287
31407,-7,120,224
31412,-31,-43,238
31417,-30,-147,250
31422,-9,66,260
31427,-8,28,286
31432,-63,-195,189
31437,-21,31,304
31442,21,86,296
31447,-52,-146,200
31452,8,-1,326
31457,0,128,268
31462,-49,-109,193
31467,14,-44,339
31472,5,133,237
31477,-26,-73,219
31482,-60,-126,261
31487,-1,125,232
31492,-29,-40,253
31497,-47,-160,247
31502,-8,74,268
31507,-4,22,288
31512,-58,-195,192
31517,4,39,283
31522,0,64,290
31527,-48,-162,204
31532,12,16,318
31537,-2,94,277
31542,-47,-143,184
31547,-30,-2,337
31552,-14,121,270
31557,-50,-110,192
31562,5,-49,336
31567,7,126,249
31572,-26,-76,204
31577,-77,-107,283
31582,-3,118,225
31587,-36,-50,236
31592,-21,-148,247
31597,-21,-148,247
31602,0,90,246
31607,12,-1,288
31612,-54,-176,198
31617,8,59,282
31622,-19,39,294
31627,-55,-165,217
31632,-9,14,316
31637,18,97,281
31642,-59,-144,194
31647,-19,3,323
31652,-18,112,262
31657,-40,-103,196
31662,17,-46,333
31667,-5,124,233
31672,-29,-75,224
31677,-55,-128,253
31682,7,122,246
31687,-25,-33,262
31692,-47,-169,236
31697,19,57,264
31702,-21,44,280
31707,-64,-181,203
31712,-11,22,320
31717,6,99,283
31722,-58,-131,191
31727,-44,-13,335
31732,-2,129,257
31737,-38,-102,202
31742,-22,-48,310
31747,-25,113,239
31752,-32,-56,221
31757,-29,-142,250
31762,-2,96,245
31767,5,-5,276
31772,-37,-190,201
31777,0,41,281
31782,-3,57,293
31787,-49,-158,199
31792,20,5,331
31797,-7,105,262
31802,-62,-120,201
31807,-18,-47,326
31812,21,132,252
31817,-23,-78,211
31822,-74,-108,277
31827,7,121,224
31832,-38,-41,245
31837,-51,-153,254
31842,12,60,254
31847,-28,38,276
31852,-78,-173,204
31857,-9,19,318
31862,-8,94,273
31867,-64,-123,200
31872,-61,-36,325
31877,-61,-36,325
31882,15,130,250
31887,-30,-83,208
31892,-57,-83,294
31897,-6,110,223
31902,-31,-43,239
31907,-50,-148,247
31912,-6,68,256
31917,3,37,280
31922,-66,-193,199
31927,-22,26,325
31932,23,82,297
31937,-61,-144,200
31942,-29,-7,329
31947,-9,123,259
31952,-44,-109,201
31957,27,-37,335
31962,0,128,229
31967,-30,-74,230
31972,-37,-136,258
31977,10,121,246
31982,-2,-15,267
31987,-54,-179,219
31992,22,67,278
31997,-12,37,283
32002,-55,-162,214
32007,9,13,321
32012,5,99,267
32017,-56,-120,195
32022,-47,-41,324
32027,25,130,252
32032,-17,-70,215
32037,-51,-133,246
32042,16,114,252
32047,-6,0,270
32052,-47,-183,210
32057,-4,30,285
32062,17,79,290
32067,-65,-131,191
32072,-57,-29,314
32077,27,129,252
32082,-30,-71,219
32087,-1,-135,247
32092,-4,92,250
32097,5,27,269
32102,-81,-181,208
32107,41,17,316
32112,3,90,275
32117,-44,-108,203
32122,4,-45,315
32127,-25,116,242
32132,-29,-41,235
32137,-69,-164,240
32142,17,55,276
32147,-19,56,273
32152,-52,-134,209
[FEATURES] f0=-20785 f1=26987 f2=34063 f3=-81000 f4=41000 f5=122000 f6=23199 f7=-18465 f8=101438 f9=103105 f10=-195000 f11=138000 f12=333000 f13=89014 f14=257795 f15=42092 f16=261208 f17=184000 f18=339000 f19=155000 f20=35202
[SCALED_FEATURES] f0=3269 f1=-745 f2=-923 f3=834 f4=-617 f5=-730 f6=-724 f7=-2779 f8=-453 f9=-449 f10=358 f11=-475 f12=-419 f13=-463 f14=18 f15=-219 f16=-282 f17=232 f18=-247 f19=-244 f20=-230
[FEATURES_X] mean=-20785 std=26987 rms=34063 min=-81000 max=41000 p2p=122000 mad=23199
[FEATURES_Y] mean=-18465 std=101438 rms=103105 min=-195000 max=138000 p2p=333000 mad=89014
[FEATURES_Z] mean=257795 std=42092 rms=261208 min=184000 max=339000 p2p=155000 mad=35202
[CLASS] CLASS=normal ID=0 scores_x1000=[7519,2146,-9665]
[CLASS_STATS] condition=normal total_windows=32
predicted_count=[32,0,0]
correct_windows=32
accuracy_x1000=1000
current_prediction=0
[CLASS_TIMING] sample_interval_ms=5 window_acquisition_ms=900 feature_extract_ms=7 inference_ms=1 total_cycle_ms=972
32252,-4,109,232
32255,-33,-31,250
32257,-33,-31,250
32260,-26,-169,212
32263,-26,-169,212
32265,18,44,283
32268,18,44,283
32270,-17,63,289
32273,-17,63,289
32275,-49,-137,220
32278,-49,-137,220
32280,-58,-22,326
32283,-58,-22,326
32286,4,111,258
32288,4,111,258
32290,-22,-68,210
32293,-22,-68,210
32295,-13,-137,252
32298,-13,-137,252
32301,22,122,250
32303,22,122,250
32306,-17,-3,268
32308,-17,-3,268
32311,-21,-162,203
32313,-21,-162,203
32316,0,32,279
32318,0,32,279
32321,13,81,291
32323,13,81,291
32325,-56,-137,200
32328,-56,-137,200
32331,-47,-24,322
32333,-47,-24,322
32336,22,127,256
32338,22,127,256
32341,-27,-68,217
32344,-27,-68,217
32346,-30,-141,244
32349,-30,-141,244
32352,8,115,253
32357,0,3,273
32362,-35,-170,208
32367,-43,19,288
32372,11,76,287
32377,-61,-134,197
32382,-48,-20,329
32387,14,115,255
32392,-20,-80,208
32397,-60,-125,253
32402,19,119,245
32407,-16,-11,263
32412,-45,-181,211
32417,8,39,277
32422,-5,72,295
32427,-55,-140,213
32432,-26,-11,320
32437,-26,-11,320
32442,-6,116,255
32447,-29,-101,211
32452,-34,-67,302
32457,-7,112,228
32462,-47,-40,241
32467,-56,-159,233
32472,26,54,268
32477,-28,39,282
32482,-53,-154,218
32487,32,7,334
32492,0,107,264
32497,-43,-106,197
32502,7,-43,322
32507,-9,130,235
32512,-24,-52,218
32517,-51,-141,240
32522,-9,76,268
32527,-10,30,279
32532,-86,-190,202
32537,-12,18,315
32542,17,92,276
32547,-66,-129,205
32552,-38,-39,317
32557,25,124,251
32562,-39,-66,223
32567,-30,-143,245
32572,9,126,252
32577,-17,-8,263
32582,-15,-178,201
32587,-8,42,290
32592,-36,57,280
32597,-40,-145,215
32602,22,-6,324
32607,-26,103,254
32612,-25,-106,204
32617,-9,-36,324
32622,-10,140,235
32627,-38,-64,225
32632,-3,-136,249
32637,-3,98,249
32642,-8,1,272
32647,-21,-174,199
32652,0,43,283
32657,-13,58,285
32662,-37,-145,209
32667,31,10,328
32672,-21,114,258
32677,-47,-109,203
32682,25,-46,330
32687,5,137,242
32692,-36,-67,231
32697,-5,-145,244
32702,22,117,251
32707,-13,-10,278
32712,-51,-182,207
32717,-51,-182,207
32722,-2,40,286
32727,-17,61,283
32732,-36,-151,208
32737,17,7,330
32742,-13,115,258
32747,-31,-110,205
32752,15,-40,324
32757,-16,115,244
32762,-21,-50,232
32767,-23,-138,249
32772,-14,71,270
32777,-10,37,275
32782,-89,-171,212
32787,0,7,317
32792,4,101,268
32797,-53,-109,204
32802,18,-52,329
32807,3,139,232
32812,-25,-56,230
32817,-28,-146,243
32822,-12,77,267
32827,-2,31,276
32832,-77,-176,210
32837,-12,17,313
32842,9,99,265
32847,-58,-127,202
32852,4,-49,322
32857,22,132,250
32862,-20,-58,230
32867,-21,-132,250
32872,-6,89,252
32877,11,14,279
32882,-82,-185,194
32887,-31,23,318
32892,27,86,288
32897,-66,-137,194
32902,-54,-16,328
32907,9,117,244
32912,-31,-90,204
32917,-56,-80,288
32922,0,102,224
32927,-30,-41,232
32932,-78,-157,236
32937,7,59,260
32942,-18,36,273
32947,-74,-182,205
32952,-13,20,317
32957,23,99,282
32962,-59,-123,198
32967,-59,-31,327
32972,10,127,251
32977,-22,-79,211
32982,-68,-90,281
32987,-9,113,233
32992,-42,-39,233
32997,-52,-153,244
33002,-52,-153,244
33007,-2,66,265
33012,-8,31,277
33017,-72,-182,198
33022,-21,30,319
33027,25,84,290
33032,-60,-141,192
33037,-38,-3,329
33042,5,119,246
33047,-31,-96,200
33052,-57,-73,291
33057,-16,106,231
33062,-34,-42,243
33067,-65,-160,240
33072,1,69,259
33077,-14,35,264
33082,-75,-166,216
33087,15,17,313
33092,5,100,269
33097,-64,-120,210
33102,-7,-52,334
33107,25,133,254
33112,-39,-70,223
33117,-39,-135,244
33122,19,118,252
33127,-32,-11,264
33132,-40,-179,200
33137,14,38,281
33142,-33,62,280
33147,-36,-151,216
33152,-2,-3,326
[FEATURES] f0=-20130 f1=27565 f2=34133 f3=-89000 f4=32000 f5=121000 f6=22712 f7=-21175 f8=100510 f9=102716 f10=-190000 f11=140000 f12=330000 f13=87638 f14=255790 f15=39312 f16=258793 f17=192000 f18=334000 f19=142000 f20=32461
[SCALED_FEATURES] f0=3500 f1=-734 f2=-922 f3=744 f4=-712 f5=-735 f6=-735 f7=-3607 f8=-458 f9=-451 f10=378 f11=-468 f12=-425 f13=-472 f14=-184 f15=-262 f16=-361 f17=323 f18=-296 f19=-313 f20=-277
[FEATURES_X] mean=-20130 std=27565 rms=34133 min=-89000 max=32000 p2p=121000 mad=22712
[FEATURES_Y] mean=-21175 std=100510 rms=102716 min=-190000 max=140000 p2p=330000 mad=87638
[FEATURES_Z] mean=255790 std=39312 rms=258793 min=192000 max=334000 p2p=142000 mad=32461
[CLASS] CLASS=normal ID=0 scores_x1000=[7237,2207,-9444]
[CLASS_STATS] condition=normal total_windows=33
predicted_count=[33,0,0]
correct_windows=33
accuracy_x1000=1000
current_prediction=0
[CLASS_TIMING] sample_interval_ms=5 window_acquisition_ms=900 feature_extract_ms=6 inference_ms=1 total_cycle_ms=972
33252,-2,31,288
33255,-2,31,288
33257,18,69,296
33259,18,69,296
33262,18,69,296
33264,-54,-141,204
33267,-54,-141,204
33270,-35,-2,326
33272,-35,-2,326
33275,6,120,259
33277,6,120,259
33279,-43,-98,199
33282,-43,-98,199
33284,-70,-88,280
33287,-70,-88,280
33290,-1,118,228
33292,-1,118,228
33295,-32,-32,252
33297,-32,-32,252
33300,-55,-168,234
33302,-55,-168,234
33305,19,57,278
33307,19,57,278
33310,-32,43,285
33312,-32,43,285
33315,-51,-154,214
33317,-51,-154,214
33320,25,-2,327
33323,25,-2,327
33325,-10,114,256
33328,-10,114,256
33330,-35,-110,209
33333,-35,-110,209
33335,-1,-39,317
33338,-1,-39,317
33340,-15,115,238
33343,-15,115,238
33346,-31,-36,237
33348,-31,-36,237
33352,-52,-159,253
33357,23,63,269
33362,-27,39,287
33367,-55,-154,217
33372,20,-2,323
33377,-12,114,255
33382,-45,-97,206
33387,-44,-65,291
33392,-5,109,241
33397,-31,-35,249
33402,-64,-168,232
33407,12,45,281
33412,-11,60,280
33417,-43,-149,213
33422,-26,-9,317
33427,-11,111,251
33432,-32,-86,204
33437,-68,-98,281
33442,13,121,235
33447,-25,-10,258
33452,-43,-184,208
33457,-23,26,291
33462,7,75,293
33467,-62,-140,200
33472,-68,-27,326
33477,18,120,254
33482,-26,-74,219
33487,-14,-139,245
33492,7,110,250
33497,-9,-4,278
33502,-45,-181,207
33507,-23,30,297
33512,21,81,291
33517,-61,-130,193
33522,-55,-26,333
33527,19,130,249
33532,-32,-84,208
33537,-71,-125,251
33542,15,121,251
33547,-15,-15,270
33552,-38,-169,203
33557,-2,35,287
33562,-2,35,287
33567,-3,76,295
33572,-51,-137,213
33577,-16,-4,319
33582,-11,111,259
33587,-29,-99,205
33592,-56,-70,293
33597,-4,111,223
33602,-18,-33,247
33607,-60,-169,228
33612,24,55,272
33617,-24,50,284
33622,-43,-150,216
33627,27,2,329
33632,-24,111,261
33637,-32,-105,217
33642,-21,-51,304
33647,-14,103,238
33652,-32,-40,238
33657,-48,-161,218
33662,30,57,270
33667,-23,38,280
33672,-44,-146,210
33677,-8,-5,328
33682,-8,111,265
33687,-33,-101,209
33692,-49,-64,299
33697,3,111,231
33702,-29,-29,256
33707,-40,-174,219
33712,-8,46,277
33717,-12,70,292
33722,-63,-133,216
33727,-46,-17,328
33732,5,122,245
33737,-26,-77,213
33742,-53,-131,251
33747,12,115,248
33752,1,0,282
33757,-74,-187,197
33762,-19,22,319
33767,10,93,271
33772,-59,-118,204
33777,17,-52,328
33782,-14,126,226
33787,-28,-49,234
33792,-57,-156,238
33797,33,56,268
33802,-17,51,280
33807,-52,-139,212
33812,-61,-17,324
33817,20,127,249
33822,-34,-78,219
33827,-11,-138,250
33832,-7,79,251
33837,-12,37,274
33842,-12,37,274
33847,-71,-165,219
33852,30,6,331
33857,-18,117,254
33862,-40,-103,213
33867,-51,-75,290
33872,5,117,236
33877,-20,-14,275
33882,-46,-182,201
33887,-22,29,300
33892,24,96,288
33897,-57,-120,199
33902,-8,-53,321
33907,9,137,238
33912,-15,-51,233
33917,-65,-151,247
33922,-7,68,261
33927,-23,47,285
33932,-45,-149,211
33937,-13,-3,312
33942,-1,109,250
33947,-26,-73,210
33952,-19,-140,243
33957,4,92,248
33962,-16,32,275
33967,-67,-166,222
33972,27,-1,329
33977,-8,113,266
33982,-35,-87,201
33987,-52,-137,243
33992,1,94,243
33997,-11,29,276
34002,-60,-154,219
34007,16,1,326
34012,7,120,264
34017,-21,-75,219
34022,-1,-135,246
34027,-8,79,257
34032,-27,31,273
34037,-41,-150,210
34042,-15,-2,315
34047,10,116,245
34052,-25,-67,217
34057,-31,-138,247
34062,-13,64,258
34067,-23,41,284
34072,-54,-149,217
34077,-37,-16,322
34082,27,126,252
34087,-27,-56,223
34092,-51,-146,246
34097,13,62,261
34102,-7,58,290
34107,-64,-135,200
34112,-50,-35,326
34117,17,130,248
34122,17,130,248
34127,-26,-46,231
34132,-55,-151,246
34137,14,49,276
34142,23,67,294
34147,-70,-127,196
34152,-38,-52,311
[FEATURES] f0=-21020 f1=27168 f2=34350 f3=-74000 f4=33000 f5=107000 f6=22820 f7=-16495 f8=97808 f9=99189 f10=-187000 f11=137000 f12=324000 f13=85439 f14=257334 f15=37856 f16=260104 f17=193000 f18=333000 f19=140000 f20=31718
[SCALED_FEATURES] f0=3185 f1=-741 f2=-917 f3=914 f4=-701 f5=-813 f6=-733 f7=-2176 f8=-472 f9=-470 f10=389 f11=-479 f12=-436 f13=-485 f14=-28 f15=-285 f16=-318 f17=334 f18=-306 f19=-324 f20=-290
[FEATURES_X] mean=-21020 std=27168 rms=34350 min=-74000 max=33000 p2p=107000 mad=22820
[FEATURES_Y] mean=-16495 std=97808 rms=99189 min=-187000 max=137000 p2p=324000 mad=85439
[FEATURES_Z] mean=257334 std=37856 rms=260104 min=193000 max=333000 p2p=140000 mad=31718
[CLASS] CLASS=normal ID=0 scores_x1000=[7432,1993,-9426]
[CLASS_STATS] condition=normal total_windows=34
predicted_count=[34,0,0]
correct_windows=34
accuracy_x1000=1000
current_prediction=0
[CLASS_TIMING] sample_interval_ms=5 window_acquisition_ms=900 feature_extract_ms=7 inference_ms=0 total_cycle_ms=971
34252,-37,-92,213
34255,-37,-92,213
34257,-58,-125,264
34260,8,93,247
34262,8,93,247
34264,8,93,247
34267,-9,37,281
34269,-9,37,281
34272,-51,-152,217
34274,-51,-152,217
34277,2,-11,323
34279,2,-11,323
34282,7,122,249
34284,7,122,249
34286,-15,-61,231
34289,-15,-61,231
34292,-43,-135,248
34294,-43,-135,248
34297,-4,61,259
34299,-4,61,259
34302,-5,57,284
34304,-5,57,284
34307,-66,-141,204
34309,-66,-141,204
34312,-44,-47,317
34314,-44,-47,317
34317,-11,125,230
34320,-11,125,230
34322,-36,-37,239
34325,-36,-37,239
34327,-43,-169,208
34330,-43,-169,208
34333,-9,23,281
34335,-9,23,281
34337,6,91,275
34340,6,91,275
34342,-43,-106,199
34345,-43,-106,199
34347,-12,-47,298
34352,24,112,238
34357,5,19,270
34362,-85,-176,205
34367,30,2,332
34372,-8,105,263
34377,-16,-67,220
34382,-14,-140,251
34387,-8,70,265
34392,-18,41,288
34397,-71,-132,218
34402,-71,-132,218
34407,-61,-34,326
34412,11,130,241
34417,-27,-41,240
34422,-42,-173,215
34427,-2,24,286
34432,14,87,281
34437,-52,-107,211
34442,-5,-40,314
34447,13,110,230
34452,-4,5,269
34457,-91,-183,199
34462,-8,12,310
34467,-16,107,253
34472,-28,-95,208
34477,-63,-114,260
34482,6,94,248
34487,-5,33,275
34492,-77,-166,222
34497,10,-6,334
34502,-1,116,266
34507,-27,-64,219
34512,-15,-135,251
34517,-7,74,264
34522,-23,39,282
34527,-41,-141,220
34532,-26,-10,321
34537,26,124,256
34542,-25,-56,227
34547,-49,-153,248
34552,23,51,274
34557,13,73,293
34562,-58,-131,195
34567,18,-49,329
34572,-17,111,245
34577,-36,-33,256
34582,-40,-173,203
34587,-24,18,310
34592,-3,102,270
34597,-37,-92,211
34602,-54,-111,263
34607,-1,89,245
34612,-21,32,266
34617,-49,-151,210
34622,-10,-8,321
34627,24,121,251
34632,-19,-56,217
34637,-49,-155,232
34642,18,43,279
34647,13,78,302
34652,-61,-117,208
34657,25,-34,324
34662,-27,100,232
34667,-17,-16,266
34672,-71,-181,202
34677,-20,15,309
34682,-14,101,251
34687,-14,101,251
34692,-30,-84,201
34697,-30,-140,237
34702,-7,75,264
34707,-26,31,287
34712,-51,-146,225
34717,-58,-21,324
34722,24,136,256
34727,-13,-43,235
34732,-48,-165,232
34737,-7,27,284
34742,16,89,276
34747,-47,-109,201
34752,-4,-40,313
34757,8,116,234
34762,1,-2,281
34767,-96,-179,204
34772,3,0,323
34777,-13,109,260
34782,-32,-85,206
34787,-4,-133,243
34792,-21,68,264
34797,-29,38,282
34802,-50,-139,220
34807,-67,-26,327
34812,21,126,256
34817,-11,-44,238
34822,-59,-170,234
34827,10,41,276
34832,15,87,289
34837,-51,-118,208
34842,-1,-36,317
34847,-8,115,227
34852,-14,-7,267
34857,-103,-187,198
34862,14,7,321
34867,-14,106,253
34872,-34,-86,204
34877,-17,-137,248
34882,-7,73,257
34887,-38,37,281
34892,-46,-137,216
34897,-55,-30,321
34902,21,127,247
34907,-31,-43,228
34912,-50,-172,225
34917,-8,26,286
34922,10,90,278
34927,-46,-106,200
34932,-18,-49,298
34937,28,113,239
34942,7,9,279
34947,-83,-174,215
34952,26,-2,328
34957,-6,112,261
34962,-28,-74,223
34967,-28,-74,223
34972,-19,-133,246
34977,-4,63,256
34982,-15,58,284
34987,-81,-141,199
34992,-22,-55,320
34997,-12,114,238
35002,-33,-28,248
35007,-34,-176,206
35012,-20,27,315
35017,7,96,273
35022,-25,-86,221
35027,-60,-112,271
35032,-1,90,252
35037,-25,35,271
35042,-49,-142,213
35047,-66,-22,325
35052,29,124,250
35057,-20,-46,236
35062,-56,-166,227
35067,-8,28,289
35072,14,92,282
35077,-39,-99,203
35082,-56,-68,281
35087,27,113,249
35092,9,27,281
35097,-49,-160,223
35102,-15,-8,319
35107,22,119,247
35112,-14,-51,229
35117,-59,-163,223
35122,-10,22,287
35127,14,87,276
35132,-41,-101,198
35137,-69,-91,271
35142,22,109,252
35147,-9,29,278
35152,-48,-150,221
[FEATURES] f0=-21015 f1=28435 f2=35358 f3=-103000 f4=30000 f5=133000 f6=23486 f7=-19305 f8=97258 f9=99156 f10=-187000 f11=136000 f12=323000 f13=85098 f14=255290 f15=36873 f16=257939 f17=195000 f18=334000 f19=139000 f20=30637
[SCALED_FEATURES] f0=3187 f1=-718 f2=-896 f3=584 f4=-733 f5=-669 f6=-718 f7=-3036 f8=-475 f9=-470 f10=389 f11=-483 f12=-438 f13=-487 f14=-234 f15=-300 f16=-389 f17=357 f18=-296 f19=-330 f20=-308
[FEATURES_X] mean=-21015 std=28435 rms=35358 min=-103000 max=30000 p2p=133000 mad=23486
[FEATURES_Y] mean=-19305 std=97258 rms=99156 min=-187000 max=136000 p2p=323000 mad=85098
[FEATURES_Z] mean=255290 std=36873 rms=257939 min=195000 max=334000 p2p=139000 mad=30637
[CLASS] CLASS=normal ID=0 scores_x1000=[6833,1891,-8725]
[CLASS_STATS] condition=normal total_windows=35
predicted_count=[35,0,0]
correct_windows=35
accuracy_x1000=1000
current_prediction=0
[CLASS_TIMING] sample_interval_ms=5 window_acquisition_ms=900 feature_extract_ms=7 inference_ms=1 total_cycle_ms=972
35252,-36,-132,247
35255,-3,73,258
35257,-3,73,258
35260,-21,46,291
35262,-21,46,291
35265,-78,-129,206
35267,-78,-129,206
35270,-1,-47,315
35273,-1,-47,315
35275,-25,111,236
35278,-25,111,236
35280,-13,-18,270
35283,-13,-18,270
35285,-74,-168,209
35288,-74,-168,209
35291,12,-1,321
35293,12,-1,321
35295,-14,113,269
35298,-14,113,269
35301,-24,-71,219
35303,-24,-71,219
35306,-80,-146,228
35308,-80,-146,228
35311,14,51,270
35314,14,51,270
35316,7,77,296
35318,7,77,296
35321,-52,-111,209
35323,-52,-111,209
35326,-41,-47,300
35328,-41,-47,300
35331,20,109,242
35333,20,109,242
35336,7,17,278
35338,7,17,278
35341,-77,-164,223
35343,-77,-164,223
35346,9,1,335
35348,9,1,335
35352,4,115,249
35357,-23,-51,218
35362,-62,-147,229
35367,13,49,279
35372,18,88,304
35377,-54,-108,214
35382,-10,-41,312
35387,0,115,235
35392,-8,4,266
35397,-85,-182,207
35402,30,-6,333
35407,-9,109,266
35412,-20,-55,223
35417,-42,-134,243
35422,2,62,257
35427,-10,59,284
35432,-64,-127,202
35437,19,-45,332
35442,-26,109,242
35447,-13,-18,273
35452,-76,-183,204
35457,19,-3,331
35462,-19,109,257
35467,-20,-76,207
35472,4,-130,244
35477,-12,54,261
35482,-10,51,285
35487,-73,-132,199
35492,27,-34,325
35497,-27,112,245
35502,-16,-16,266
35507,-69,-173,205
35512,-3,2,317
35517,-32,111,245
35522,-26,-79,204
35527,-26,-79,204
35532,-14,-121,239
35537,18,48,272
35542,-16,52,292
35547,-88,-129,208
35552,22,-39,325
35557,-19,108,241
35562,-18,-9,267
35567,-91,-176,207
35572,-4,6,322
35577,-25,105,250
35582,-17,-73,211
35587,7,-136,241
35592,-2,61,267
35597,-26,48,295
35602,-76,-128,213
35607,24,-32,338
35612,-21,116,229
35617,-16,-16,247
35622,-48,-165,208
35627,1,6,321
35632,-24,107,257
35637,-28,-62,213
35642,-4,-131,248
35647,37,45,265
35652,-13,67,288
35657,-69,-122,205
35662,-11,-35,318
35667,-1,103,235
35672,5,14,268
35677,-75,-164,221
35682,-42,-16,329
35687,21,109,243
35692,-17,-35,236
35697,-13,-170,204
35702,-8,12,316
35707,-7,88,275
35712,-21,-69,222
35717,-3,-136,233
35722,22,47,264
35727,-13,66,293
35732,-73,-127,201
35737,-34,-40,306
35742,-10,112,227
35747,-12,6,269
35752,-72,-162,214
35757,-30,-10,330
35762,-2,111,247
35767,-29,-47,226
35772,-47,-163,202
35777,5,33,277
35782,14,81,283
35787,-48,-106,212
35792,-54,-57,288
35797,28,116,238
35802,11,21,282
35807,11,21,282
35812,-49,-145,225
35817,-39,-17,338
35822,-2,104,252
35827,-33,-60,225
35832,-68,-154,223
35837,12,37,282
35842,11,77,294
35847,-48,-112,217
35852,-15,-26,316
35857,11,106,222
35862,0,-1,273
35867,-97,-184,205
35872,38,7,337
35877,-24,105,259
35882,-17,-63,220
35887,-22,-125,233
35892,9,58,257
35897,-11,47,289
35902,-57,-139,216
35907,-49,-41,331
35912,2,127,236
35917,-34,-49,239
35922,-41,-171,220
35927,-11,28,295
35932,8,86,283
35937,-53,-102,201
35942,-1,-35,318
35947,4,113,230
35952,-6,-5,274
35957,-89,-177,199
35962,7,-2,325
35967,-17,108,246
35972,-25,-89,203
35977,-20,-140,236
35982,-5,78,246
35987,-24,37,274
35992,-48,-156,212
35997,-26,-5,318
36002,4,112,244
36007,-32,-67,215
36012,-47,-145,239
36017,31,52,266
36022,15,71,290
36027,-69,-125,191
36032,16,-49,328
36037,-23,113,236
36042,-29,-28,262
36047,-51,-184,207
36052,-22,12,331
36057,5,99,268
36062,-38,-91,212
36067,-53,-127,248
36072,-3,88,240
36077,-26,31,271
36082,-35,-135,206
36087,-35,-135,206
36092,-30,-5,316
36097,19,125,247
36102,-20,-53,228
36107,-58,-159,235
36112,15,40,281
36117,18,86,295
36122,-56,-108,204
36127,-5,-39,316
36132,11,117,231
36137,11,6,274
36142,-77,-176,212
36147,26,-6,333
36152,-5,129,261
[FEATURES] f0=-19950 f1=30342 f2=36313 f3=-97000 f4=38000 f5=135000 f6=24375 f7=-19040 f8=94582 f9=96479 f10=-184000 f11=129000 f12=313000 f13=81363 f14=257180 f15=40466 f16=260344 f17=191000 f18=338000 f19=147000 f20=34522
[SCALED_FEATURES] f0=3564 f1=-682 f2=-876 f3=653 f4=-649 f5=-658 f6=-698 f7=-2954 f8=-490 f9=-484 f10=401 f11=-509 f12=-457 f13=-509 f14=-43 f15=-244 f16=-310 f17=311 f18=-257 f19=-287 f20=-242
[FEATURES_X] mean=-19950 std=30342 rms=36313 min=-97000 max=38000 p2p=135000 mad=24375
[FEATURES_Y] mean=-19040 std=94582 rms=96479 min=-184000 max=129000 p2p=313000 mad=81363
[FEATURES_Z] mean=257180 std=40466 rms=260344 min=191000 max=338000 p2p=147000 mad=34522
[CLASS] CLASS=normal ID=0 scores_x1000=[7843,2329,-10173]
[CLASS_STATS] condition=normal total_windows=36
predicted_count=[36,0,0]
correct_windows=36
accuracy_x1000=1000
current_prediction=0
[CLASS_TIMING] sample_interval_ms=5 window_acquisition_ms=900 feature_extract_ms=7 inference_ms=0 total_cycle_ms=971
36252,-42,-176,207
36255,-42,-176,207
36257,-15,21,298
36260,-15,21,298
36262,-1,91,272
36265,-1,91,272
36267,-29,-94,207
36270,-29,-94,207
36272,-45,-71,292
36275,-45,-71,292
36277,21,106,250
36280,21,106,250
36282,10,27,288
36285,10,27,288
36287,-56,-163,221
36290,-56,-163,221
36292,24,0,328
36295,24,0,328
36297,8,131,252
36299,8,131,252
36302,-23,-68,209
36304,-23,-68,209
36307,-47,-147,242
36310,-47,-147,242
36312,11,57,263
36315,11,57,263
36317,21,72,291
36320,21,72,291
36322,-68,-134,183
36325,-68,-134,183
36327,3,-59,329
36330,3,-59,329
36332,-21,114,239
36335,-21,114,239
36337,-26,-32,266
36340,-26,-32,266
36342,-40,-178,207
36345,-40,-178,207
36348,-28,19,311
36352,4,100,267
36357,-35,-98,213
36362,-55,-82,285
36367,-55,-82,285
36372,16,108,248
36377,-6,24,287
36382,-71,-167,217
36387,23,-3,331
36392,1,115,268
36397,-24,-71,220
36402,-31,-140,259
36407,7,61,259
36412,13,65,289
36417,-74,-131,192
36422,3,-48,328
36427,-8,118,240
36432,-33,-33,254
36437,-32,-175,200
36442,-21,24,309
36447,15,104,265
36452,-33,-89,210
36457,-40,-124,253
36462,0,80,245
36467,-22,40,277
36472,-47,-144,209
36477,-51,-16,325
36482,19,122,242
36487,-33,-49,240
36492,-46,-161,233
36497,0,29,281
36502,2,93,280
36507,-42,-106,193
36512,-45,-61,298
36517,12,112,237
36522,10,23,287
36527,-68,-167,225
36532,6,-7,326
36537,22,123,245
36542,-33,-61,218
36547,-66,-151,230
36552,14,43,269
36557,15,77,298
36562,-62,-116,220
36567,13,-44,327
36572,4,114,228
36577,-3,3,266
36582,-93,-186,195
36587,10,-2,328
36592,-4,122,260
36597,-20,-67,222
36602,-20,-134,242
36607,-4,61,256
36612,-11,50,296
36617,-81,-136,197
36622,-31,-50,328
36627,-11,116,227
36632,-28,-27,244
36637,-34,-172,201
36642,-20,25,306
36647,-20,25,306
36652,-3,93,268
36657,-40,-97,204
36662,-55,-73,283
36667,25,110,243
36672,-11,21,292
36677,-74,-166,217
36682,23,1,329
36687,-5,121,256
36692,-20,-65,222
36697,-21,-137,252
36702,-2,55,261
36707,-3,50,303
36712,-76,-132,211
36717,-56,-37,325
36722,17,124,234
36727,-30,-44,247
36732,-32,-161,212
36737,-46,10,298
36742,8,86,278
36747,-50,-100,203
36752,-20,-36,302
36757,10,101,229
36762,-5,-6,272
36767,-84,-199,197
36772,12,3,332
36777,-12,112,254
36782,-25,-78,213
36787,-3,-140,232
36792,-11,76,241
36797,-21,22,268
36802,-44,-141,214
36807,-63,-16,327
36812,22,122,242
36817,-23,-39,228
36822,-56,-161,236
36827,17,50,279
36832,1,77,296
36837,-71,-119,206
36842,22,-34,333
36847,-26,117,227
36852,-12,-20,257
36857,-32,-179,207
36862,-33,16,324
36867,7,91,269
36872,-43,-103,201
36877,-53,-66,289
36882,12,113,237
36887,-8,13,278
36892,-85,-192,205
36897,29,-2,337
36902,-7,113,264
36907,-33,-83,201
36912,-64,-114,260
36917,9,92,243
36922,-1,23,283
36927,-1,23,283
36932,-74,-177,208
36937,20,7,327
36942,-3,115,260
36947,-47,-102,207
36952,-50,-65,300
36957,14,123,230
36962,4,-6,269
36967,-40,-181,199
36972,-19,25,302
36977,11,98,280
36982,-64,-126,200
36987,-13,-51,336
36992,-9,122,231
36997,-23,-53,228
37002,-47,-144,239
37007,-10,63,261
37012,-19,42,274
37017,-74,-176,214
37022,21,14,327
37027,0,104,271
37032,-53,-117,190
37037,13,-48,332
37042,-6,129,235
37047,-28,-71,230
37052,-31,-146,250
37057,-8,75,259
37062,6,32,277
37067,-71,-188,198
37072,-16,19,316
37077,11,106,270
37082,-60,-123,195
37087,-40,-51,322
37092,11,136,245
37097,-36,-69,211
37102,-44,-141,248
37107,9,98,246
37112,2,-2,277
37117,-36,-182,197
37122,0,27,287
37127,13,82,304
37132,-60,-156,207
37137,9,2,330
37142,-8,121,262
37147,-46,-109,204
37152,10,-42,330
[FEATURES] f0=-19445 f1=28782 f2=34735 f3=-93000 f4=29000 f5=122000 f6=24434 f7=-20005 f8=98711 f9=100718 f10=-199000 f11=136000 f12=335000 f13=86095 f14=257370 f15=41462 f16=260688 f17=183000 f18=337000 f19=154000 f20=34961
[SCALED_FEATURES] f0=3743 f1=-711 f2=-909 f3=698 f4=-744 f5=-730 f6=-697 f7=-3250 f8=-467 f9=-461 f10=343 f11=-483 f12=-415 f13=-481 f14=-24 f15=-229 f16=-299 f17=221 f18=-266 f19=-249 f20=-234
[FEATURES_X] mean=-19445 std=28782 rms=34735 min=-93000 max=29000 p2p=122000 mad=24434
[FEATURES_Y] mean=-20005 std=98711 rms=100718 min=-199000 max=136000 p2p=335000 mad=86095
[FEATURES_Z] mean=257370 std=41462 rms=260688 min=183000 max=337000 p2p=154000 mad=34961
[CLASS] CLASS=normal ID=0 scores_x1000=[8106,2608,-10715]
[CLASS_STATS] condition=normal total_windows=37
predicted_count=[37,0,0]
correct_windows=37
accuracy_x1000=1000
current_prediction=0
[CLASS_TIMING] sample_interval_ms=5 window_acquisition_ms=900 feature_extract_ms=7 inference_ms=0 total_cycle_ms=971
37252,-44,-164,206
37255,18,6,328
37257,18,6,328
37259,-9,110,263
37262,-9,110,263
37264,-45,-111,206
37267,-45,-111,206
37270,8,-34,326
37272,8,-34,326
37275,-13,119,239
37277,-13,119,239
37280,-36,-45,236
37282,-36,-45,236
37285,-43,-152,249
37287,-43,-152,249
37290,15,67,257
37293,15,67,257
37295,-19,40,285
37297,-19,40,285
37300,-43,-164,210
37303,-43,-164,210
37305,18,2,335
37308,18,2,335
37310,-9,109,255
37312,-9,109,255
37315,-33,-110,208
37317,-33,-110,208
37320,15,-36,321
37323,15,-36,321
37325,-26,100,233
37328,-26,100,233
37330,-31,-43,246
37333,-31,-43,246
37335,-55,-153,248
37338,-55,-153,248
37341,12,63,261
37343,12,63,261
37346,-11,46,297
37348,-11,46,297
37352,-45,-155,211
37357,8,-5,337
37362,-2,120,268
37367,-41,-92,203
37372,-51,-71,296
37377,4,119,233
37382,-11,-23,267
37387,-43,-178,203
37392,-5,26,295
37397,18,94,292
37402,-58,-128,201
37407,-43,-49,328
37412,13,132,244
37417,-28,-66,229
37422,-37,-145,243
37427,3,61,255
37432,-28,34,287
37437,-39,-156,208
37442,20,2,318
37447,-6,118,260
37452,-28,-86,208
37457,-77,-103,272
37462,12,102,246
37467,2,2,278
37472,-85,-194,193
37477,-16,11,318
37482,6,97,273
37487,6,97,273
37492,-38,-109,209
37497,-46,-55,296
37502,9,116,235
37507,-15,-8,272
37512,-51,-187,203
37517,-29,23,318
37522,3,93,276
37527,-48,-110,191
37532,20,-37,319
37537,-27,109,227
37542,-17,-29,255
37547,-39,-176,200
37552,1,36,284
37557,18,84,297
37562,-66,-136,197
37567,-18,-48,325
37572,6,131,234
37577,-17,-42,247
37582,-57,-155,248
37587,15,56,272
37592,-15,59,282
37597,-67,-138,205
37602,-65,-21,336
37607,21,136,251
37612,-22,-68,210
37617,-1,-143,247
37622,-3,76,262
37627,-21,38,279
37632,-66,-169,209
37637,40,2,328
37642,-4,119,255
37647,-30,-97,210
37652,-40,-59,307
37657,8,118,236
37662,-28,-25,271
37667,-52,-180,210
37672,11,38,279
37677,17,82,299
37682,-70,-134,191
37687,-60,-24,330
37692,14,123,253
37697,-24,-70,214
37702,-16,-137,254
37707,-4,88,248
37712,-6,31,274
37717,-80,-179,207
37722,20,8,329
37727,-6,106,260
37732,-40,-112,205
37737,-7,-38,313
37742,-19,105,233
37747,-29,-28,252
37752,-52,-177,225
37757,16,49,273
37762,16,49,273
37767,-2,69,294
37772,-57,-139,201
37777,-41,-5,328
37782,20,137,247
37787,-25,-83,216
37792,-41,-125,260
37797,6,103,245
37802,9,10,291
37807,-68,-186,196
37812,-31,20,329
37817,4,96,277
37822,-57,-125,196
37827,-12,-49,340
37832,17,135,248
37837,-26,-71,218
37842,-23,-145,247
37847,-2,96,249
37852,8,6,286
37857,-54,-191,198
37862,-19,28,301
37867,28,87,288
37872,-67,-143,192
37877,-35,-12,337
37882,12,135,247
37887,-27,-91,201
37892,-57,-83,294
37897,16,125,234
37902,-34,-33,255
37907,-57,-178,222
37912,22,66,276
37917,-21,44,291
37922,-42,-160,208
37927,30,3,333
37932,-12,110,255
37937,-46,-112,203
37942,25,-42,326
37947,-21,119,239
37952,-27,-56,234
37957,-52,-148,237
37962,0,60,261
37967,-31,32,274
37972,-66,-163,215
37977,28,9,341
37982,-10,108,264
37987,-45,-103,199
37992,11,-36,319
37997,-17,109,244
38002,-35,-45,238
38007,-63,-159,242
38012,13,57,267
38017,-23,48,285
38022,-37,-161,209
38027,31,5,329
38032,-19,112,254
38037,-42,-105,209
38042,-42,-105,209
38047,-33,-50,297
38052,-18,107,239
38057,-28,-42,244
38062,-60,-158,246
38067,12,71,268
38072,-23,46,283
38077,-46,-162,213
38082,33,4,328
38087,-12,116,263
38092,-37,-92,206
38097,-30,-59,303
38102,4,113,234
38107,-20,-23,268
38112,-32,-178,211
38117,1,39,287
38122,19,74,301
38127,-65,-137,195
38132,-49,-24,331
38137,15,135,250
38142,-27,-73,218
38147,-18,-135,249
38152,-4,90,247
[FEATURES] f0=-18765 f1=27483 f2=33278 f3=-85000 f4=40000 f5=125000 f6=23232 f7=-17255 f8=99300 f9=100788 f10=-194000 f11=137000 f12=331000 f13=86334 f14=258225 f15=41425 f16=261526 f17=191000 f18=341000 f19=150000 f20=34277
[SCALED_FEATURES] f0=3984 f1=-736 f2=-940 f3=789 f4=-628 f5=-713 f6=-724 f7=-2409 f8=-464 f9=-461 f10=362 f11=-479 f12=-423 f13=-479 f14=61 f15=-229 f16=-272 f17=311 f18=-227 f19=-271 f20=-246
[FEATURES_X] mean=-18765 std=27483 rms=33278 min=-85000 max=40000 p2p=125000 mad=23232
[FEATURES_Y] mean=-17255 std=99300 rms=100788 min=-194000 max=137000 p2p=331000 mad=86334
[FEATURES_Z] mean=258225 std=41425 rms=261526 min=191000 max=341000 p2p=150000 mad=34277
[CLASS] CLASS=normal ID=0 scores_x1000=[8777,3061,-11839]
[CLASS_STATS] condition=normal total_windows=38
predicted_count=[38,0,0]
correct_windows=38
accuracy_x1000=1000
current_prediction=0
[CLASS_TIMING] sample_interval_ms=5 window_acquisition_ms=900 feature_extract_ms=6 inference_ms=0 total_cycle_ms=971
38252,21,2,328
38254,21,2,328
38257,-13,113,266
38259,-13,113,266
38262,-41,-87,205
38264,-41,-87,205
38267,-66,-107,267
38270,-66,-107,267
38272,22,114,248
38275,22,114,248
38277,16,8,281
38280,16,8,281
38282,-83,-190,201
38284,-83,-190,201
38287,-1,5,319
38289,-1,5,319
38292,-1,5,319
38294,-10,103,260
38297,-10,103,260
38299,-40,-102,206
38302,-40,-102,206
38305,-70,-84,286
38307,13,117,248
38310,13,117,248
38312,13,117,248
38315,-10,-7,278
38317,-10,-7,278
38320,-69,-187,202
38322,-69,-187,202
38325,-13,11,319
38327,-13,11,319
38330,-9,105,262
38332,-9,105,262
38335,-35,-103,211
38337,-35,-103,211
38340,-48,-73,288
38343,-48,-73,288
38345,12,115,244
38348,12,115,244
38352,1,0,277
38357,-85,-183,196
38362,7,11,329
38367,-9,98,268
38372,-35,-103,219
38377,-38,-70,291
38382,19,111,243
38387,6,18,281
38392,-86,-188,213
38397,12,10,332
38402,-14,106,255
38407,-27,-83,206
38412,-37,-125,248
38417,5,99,250
38422,-7,34,283
38427,-60,-157,215
38432,28,-1,323
38437,7,120,256
38442,-26,-69,222
38447,-13,-132,252
38452,-8,74,260
38457,-32,32,268
38462,-50,-147,216
38467,-17,-8,320
38472,14,126,248
38477,-24,-71,212
38482,-31,-132,244
38487,-10,61,262
38492,-26,32,282
38497,-50,-153,219
38502,-35,-9,325
38507,16,129,255
38512,-18,-63,218
38517,-27,-143,241
38522,-2,65,263
38527,-24,34,289
38532,-49,-152,219
38537,-32,-7,316
38542,28,128,254
38547,-20,-65,221
38552,-24,-136,249
38557,-2,55,256
38562,-27,33,285
38567,-47,-137,212
38572,-48,-16,330
38577,26,130,252
38582,-18,-58,221
38587,-50,-147,243
38592,16,58,270
38597,-3,64,292
38602,-3,64,292
38607,-77,-133,202
38612,-39,-43,327
38617,9,127,241
38622,-30,-39,237
38627,-58,-160,236
38632,15,41,276
38637,15,77,295
38642,-67,-127,209
38647,6,-54,330
38652,-17,114,237
38657,-39,-34,243
38662,-19,-162,203
38667,-24,29,294
38672,7,85,274
38677,-43,-103,210
38682,-13,-48,309
38687,7,121,238
38692,-7,-6,271
38697,-82,-180,199
38702,-3,5,328
38707,-15,109,255
38712,-35,-95,208
38717,-51,-124,251
38722,1,84,245
38727,-16,33,278
38732,-50,-151,214
38737,-27,-11,322
38742,12,116,247
38747,-18,-54,217
38752,-58,-152,237
38757,6,33,289
38762,7,78,296
38767,-57,-108,222
38772,20,-40,320
38777,23,114,227
38782,-2,11,271
38787,-92,-178,210
38792,-18,-8,331
38797,5,108,252
38802,-25,-57,229
38807,-55,-155,209
38812,26,46,280
38817,18,77,289
38822,-39,-97,208
38827,-52,-65,280
38832,26,104,241
38837,15,26,277
38842,-54,-141,223
38847,-56,-21,323
38852,24,119,252
38857,-13,-22,240
38862,-30,-180,197
38867,-36,19,298
38872,-11,91,268
38877,-11,91,268
38882,-14,-71,217
38887,4,-122,233
38892,24,47,269
38897,-24,54,287
38902,-68,-118,212
38907,20,-36,326
38912,10,102,229
38917,-2,12,271
38922,-73,-156,218
38927,-49,-18,334
38932,13,115,254
38937,-7,-30,242
38942,-33,-175,194
38947,-34,7,299
38952,-20,90,268
38957,-17,-65,222
38962,-8,-126,248
38967,35,42,270
38972,3,70,295
38977,-53,-104,211
38982,-65,-76,276
38987,22,107,244
38992,-8,24,276
38997,-48,-125,230
39002,-27,-32,332
39007,-11,125,225
39012,-18,-22,264
39017,-94,-175,200
39022,14,-2,331
39027,5,113,250
39032,-16,-44,225
39037,-38,-165,204
39042,-30,11,293
39047,4,75,273
39052,-10,-76,210
39057,11,-134,240
39062,26,43,268
39067,-9,58,287
39072,-67,-114,215
39077,-52,-64,281
39082,17,104,245
39087,4,20,280
39092,-58,-130,222
39097,-79,-41,319
39102,5,124,237
39107,-6,-12,255
39112,-78,-163,207
39117,36,-3,332
39122,-7,110,256
39127,-19,-48,223
39132,-45,-165,212
39137,-35,13,301
39142,6,92,274
39147,-31,-78,220
39152,-45,-131,249
[FEATURES] f0=-19155 f1=29903 f2=35512 f3=-94000 f4=36000 f5=130000 f6=24795 f7=-16520 f8=96272 f9=97679 f10=-190000 f11=130000 f12=320000 f13=83031 f14=257500 f15=38310 f16=260334 f17=194000 f18=334000 f19=140000 f20=31890
[SCALED_FEATURES] f0=3846 f1=-691 f2=-893 f3=687 f4=-670 f5=-685 f6=-689 f7=-2184 f8=-480 f9=-478 f10=378 f11=-506 f12=-444 f13=-499 f14=-11 f15=-278 f16=-311 f17=345 f18=-296 f19=-324 f20=-287
[FEATURES_X] mean=-19155 std=29903 rms=35512 min=-94000 max=36000 p2p=130000 mad=24795
[FEATURES_Y] mean=-16520 std=96272 rms=97679 min=-190000 max=130000 p2p=320000 mad=83031
[FEATURES_Z] mean=257500 std=38310 rms=260334 min=194000 max=334000 p2p=140000 mad=31890
[CLASS] CLASS=normal ID=0 scores_x1000=[8467,2828,-11295]
[CLASS_STATS] condition=normal total_windows=39
predicted_count=[39,0,0]
correct_windows=39
accuracy_x1000=1000
current_prediction=0
[CLASS_TIMING] sample_interval_ms=5 window_acquisition_ms=900 feature_extract_ms=7 inference_ms=0 total_cycle_ms=971
39252,-44,-54,292
39255,22,107,240
39257,22,107,240
39260,3,28,284
39262,3,28,284
39264,-54,-124,223
39267,-54,-124,223
39270,-48,-40,332
39272,-48,-40,332
39275,1,132,241
39277,1,132,241
39280,1,132,241
39282,-19,-17,250
39285,-19,-17,250
39287,-81,-169,212
39290,7,3,327
39292,7,3,327
39294,7,3,327
39296,10,104,255
39299,10,104,255
39301,-21,-47,228
39304,-21,-47,228
39307,-26,-160,204
39309,-26,-160,204
39312,-40,17,304
39314,-40,17,304
39317,2,73,271
39319,2,73,271
39322,-15,-75,212
39324,-15,-75,212
39327,10,-125,250
39329,10,-125,250
39332,36,41,269
39334,36,41,269
39337,6,75,291
39339,6,75,291
39341,-42,-91,216
39344,-42,-91,216
39347,-68,-89,259
39352,-2,89,251
39357,-13,25,270
39362,-71,-128,227
39367,14,-35,330
39372,-22,109,233
39377,-9,6,276
39382,-86,-171,218
39387,-59,-15,337
39392,25,116,248
39397,-18,-28,248
39402,-42,-170,188
39407,16,3,328
39412,-27,106,251
39417,-18,-52,230
39422,-61,-158,213
39427,-36,18,302
39432,-36,18,302
39437,-5,77,269
39442,-28,-81,223
39447,-1,-129,229
39452,10,46,265
39457,-4,69,286
39462,-64,-105,211
39467,-56,-63,275
39472,16,99,247
39477,-18,30,278
39482,-80,-123,233
39487,13,-36,327
39492,-16,104,227
39497,-9,20,267
39502,-52,-146,231
39507,-59,-26,336
39512,29,131,250
39517,-11,-22,249
39522,-68,-173,208
39527,40,0,326
39532,-11,102,256
39537,-20,-47,235
39542,-50,-185,213
39547,-9,12,316
39552,0,112,267
39557,-20,-67,230
39562,-51,-151,221
39567,-6,29,289
39572,-4,73,272
39577,-21,-74,219
39582,8,-131,238
39587,25,52,269
39592,1,74,289
39597,-47,-99,204
39602,-41,-107,253
39607,4,85,248
39612,-12,27,284
39617,-72,-132,207
39622,8,-29,326
39627,-13,102,225
39632,-4,25,277
39637,-53,-143,223
39642,-66,-25,320
39647,9,127,236
39652,-21,-22,248
39657,-82,-174,208
39662,26,-2,323
39667,-12,110,259
39672,-26,-46,227
39677,-7,-171,208
39682,-31,13,303
39687,3,97,262
39692,-23,-61,224
39697,-64,-141,228
39702,20,44,275
39707,9,90,280
39712,9,90,280
39717,-25,-86,214
39722,-2,-138,232
39727,7,49,261
39732,3,70,292
39737,-37,-100,205
39742,-46,-106,258
39747,5,63,255
39752,-15,54,285
39757,-60,-110,210
39762,-50,-62,290
39767,14,81,246
39772,-25,49,285
39777,-82,-118,209
39782,-65,-69,270
39787,7,87,253
39792,-2,30,284
39797,-72,-115,217
39802,-54,-80,265
39807,15,89,252
39812,-16,32,282
39817,-70,-125,219
39822,-43,-65,283
39827,19,93,248
39832,-11,31,291
39837,-74,-122,210
39842,-61,-68,272
39847,7,84,250
39852,-9,32,283
39857,-62,-112,212
39862,-40,-96,257
39867,3,73,251
39872,-17,40,285
39877,-62,-114,211
39882,-71,-83,263
39887,-2,83,252
39892,-16,33,282
39897,-77,-128,208
39902,1,-37,318
39907,30,87,241
39912,2,42,284
39917,-51,-125,219
39922,10,-36,325
39927,-11,104,231
39932,-5,14,277
39937,-64,-160,223
39942,-67,-36,326
39947,19,132,243
39952,-15,-21,253
39957,-88,-177,205
39962,32,4,332
39967,1,102,250
39972,-24,-38,224
39977,-36,-177,198
39982,-33,14,305
39987,-33,14,305
39992,-8,102,261
39997,-8,-56,219
40002,-26,-135,245
40007,29,46,272
40012,11,82,296
40017,-39,-96,208
40022,-52,-77,267
40027,26,103,244
40032,-5,30,284
40037,-50,-148,218
40042,-65,-27,337
40047,27,130,247
40052,-12,-27,244
40057,-43,-176,200
40062,3,6,331
40067,-11,109,258
40072,-13,-67,224
40077,-35,-134,239
40082,19,50,259
40087,3,78,298
40092,-56,-110,206
40097,-19,-47,299
40102,24,111,239
40107,-13,19,282
40112,-62,-156,220
40117,-12,-3,340
40122,6,105,251
40127,-24,-65,228
40132,-62,-155,235
40137,23,46,280
40142,-2,96,285
40147,-52,-104,198
40152,-40,-43,297
[FEATURES] f0=-19645 f1=30446 f2=36234 f3=-88000 f4=40000 f5=128000 f6=25588 f7=-15720 f8=90676 f9=92029 f10=-185000 f11=132000 f12=317000 f13=78917 f14=257840 f15=37149 f16=260502 f17=188000 f18=340000 f19=152000 f20=30845
[SCALED_FEATURES] f0=3672 f1=-681 f2=-878 f3=755 f4=-628 f5=-696 f6=-672 f7=-1939 f8=-511 f9=-508 f10=397 f11=-498 f12=-450 f13=-523 f14=22 f15=-296 f16=-305 f17=277 f18=-237 f19=-260 f20=-305
[FEATURES_X] mean=-19645 std=30446 rms=36234 min=-88000 max=40000 p2p=128000 mad=25588
[FEATURES_Y] mean=-15720 std=90676 rms=92029 min=-185000 max=132000 p2p=317000 mad=78917
[FEATURES_Z] mean=257840 std=37149 rms=260502 min=188000 max=340000 p2p=152000 mad=30845
[CLASS] CLASS=normal ID=0 scores_x1000=[8490,2627,-11118]
[CLASS_STATS] condition=normal total_windows=40
predicted_count=[40,0,0]
correct_windows=40
accuracy_x1000=1000
current_prediction=0
[CLASS_TIMING] sample_interval_ms=5 window_acquisition_ms=900 feature_extract_ms=7 inference_ms=0 total_cycle_ms=971
40252,-32,13,320
40254,4,97,262
40257,4,97,262
40259,-31,-84,208
40262,-31,-84,208
40264,-20,-132,239
40267,-20,-132,239
40270,-8,64,263
40272,-8,64,263
40274,2,36,294
40277,2,36,294
40279,-84,-132,206
40282,-84,-132,206
40284,-15,-52,320
40287,-15,-52,320
40289,-23,109,226
40292,-23,109,226
40295,-11,-17,265
40297,-11,-17,265
40300,-72,-176,194
40302,-72,-176,194
40305,-10,-2,312
40308,-10,-2,312
40310,-6,118,264
40313,-6,118,264
40315,-20,-74,215
40318,-20,-74,215
40320,-21,-141,253
40323,-21,-141,253
40325,26,41,279
40328,26,41,279
40330,8,82,296
40333,8,82,296
40335,-49,-109,207
40338,-49,-109,207
40340,-48,-62,287
40343,-48,-62,287
40345,30,100,246
40348,30,100,246
40352,-6,40,281
40357,-41,-132,220
40362,-56,-15,328
40367,3,125,229
40372,-30,-24,242
40377,-40,-174,190
40382,-19,8,321
40387,4,111,263
40392,-22,-64,221
40397,-23,-135,245
40402,6,54,259
40407,5,79,296
40412,-60,-111,205
40417,-45,-50,290
40422,19,108,233
40427,-3,25,282
40432,-52,-152,211
40437,-40,-7,330
40442,23,106,249
40447,-18,-33,236
40452,-65,-181,211
40457,-18,21,296
40462,-2,84,276
40467,-33,-82,218
40472,-55,-125,258
40477,-6,83,236
40482,-15,35,277
40487,-84,-133,224
40492,-46,-44,340
40497,-15,122,228
40502,-19,-18,255
40507,-71,-173,200
40512,28,-1,327
40517,-11,107,260
40522,-22,-63,231
40527,-35,-138,246
40532,5,56,262
40537,10,74,292
40542,10,74,292
40547,-68,-116,211
40552,26,-41,339
40557,-7,113,231
40562,1,0,272
40567,-80,-182,203
40572,37,1,338
40577,-16,119,259
40582,-22,-69,214
40587,-36,-138,241
40592,21,48,260
40597,14,82,299
40602,-53,-117,209
40607,20,-37,328
40612,6,99,226
40617,-11,12,272
40622,-78,-168,225
40627,33,0,340
40632,-14,113,250
40637,-23,-56,228
40642,-65,-159,239
40647,7,27,290
40652,-9,79,282
40657,-35,-99,206
40662,-53,-67,289
40667,25,96,246
40672,-9,34,283
40677,-45,-142,210
40682,-43,-6,324
40687,18,115,245
40692,-18,-40,246
40697,-47,-171,211
40702,-14,22,290
40707,-5,87,268
40712,-39,-96,210
40717,-67,-110,266
40722,1,84,244
40727,-22,34,276
40732,-47,-137,215
40737,-76,-27,334
40742,9,123,233
40747,-25,-41,247
40752,-36,-173,199
40757,-33,19,316
40762,8,93,274
40767,-35,-91,206
40772,-53,-121,251
40777,-2,78,242
40782,-17,38,288
40787,-59,-134,211
40792,-48,-51,327
40797,-9,111,231
40802,-10,-30,274
40807,-52,-180,208
40812,-5,3,322
40817,-4,107,258
40822,-4,107,258
40827,-29,-65,225
40832,-29,-139,241
40837,31,43,261
40842,15,81,304
40847,-48,-99,204
40852,-55,-63,280
40857,26,100,249
40862,-12,36,281
40867,-50,-134,222
40872,-68,-45,335
40877,-7,130,226
40882,-3,-18,270
40887,-94,-177,200
40892,16,-2,336
40897,-19,100,250
40902,-26,-42,230
40907,-41,-169,209
40912,-36,12,304
40917,7,90,270
40922,-16,-70,223
40927,-19,-133,242
40932,17,51,264
40937,-7,82,292
40942,-36,-99,205
40947,-51,-97,252
40952,2,87,247
40957,-16,25,274
40962,-83,-126,214
40967,18,-38,320
40972,-19,99,227
40977,-12,7,269
40982,-77,-159,221
40987,-28,-12,325
40992,13,124,246
40997,-21,-19,242
41002,-82,-177,201
41007,18,-1,332
41012,-21,110,262
41017,-20,-58,224
41022,-58,-158,211
41027,-19,30,291
41032,3,78,286
41037,-38,-95,210
41042,-30,-124,254
41047,-3,79,248
41052,-17,29,278
41057,-83,-134,217
41062,4,-33,326
41067,-19,110,233
41072,6,-7,274
41077,-97,-183,205
41082,27,-3,332
41087,-24,106,251
41092,-18,-54,223
41097,-18,-54,223
41102,-52,-153,227
41107,0,34,285
41112,-7,80,292
41117,-41,-97,209
41122,-56,-70,274
41127,23,97,247
41132,0,32,287
41137,-49,-147,218
41142,-55,-11,329
41147,21,112,250
41152,-25,-38,245
[FEATURES] f0=-21110 f1=29411 f2=36203 f3=-97000 f4=37000 f5=134000 f6=23526 f7=-17460 f8=93894 f9=95504 f10=-183000 f11=130000 f12=313000 f13=81398 f14=257100 f15=39182 f16=260068 f17=190000 f18=340000 f19=150000 f20=32685
[SCALED_FEATURES] f0=3153 f1=-700 f2=-878 f3=653 f4=-659 f5=-663 f6=-717 f7=-2471 f8=-493 f9=-489 f10=405 f11=-506 f12=-457 f13=-508 f14=-52 f15=-264 f16=-319 f17=300 f18=-237 f19=-271 f20=-273
[FEATURES_X] mean=-21110 std=29411 rms=36203 min=-97000 max=37000 p2p=134000 mad=23526
[FEATURES_Y] mean=-17460 std=93894 rms=95504 min=-183000 max=130000 p2p=313000 mad=81398
[FEATURES_Z] mean=257100 std=39182 rms=260068 min=190000 max=340000 p2p=150000 mad=32685
[CLASS] CLASS=normal ID=0 scores_x1000=[7359,1917,-9277]
[CLASS_STATS] condition=normal total_windows=41
predicted_count=[41,0,0]
correct_windows=41
accuracy_x1000=1000
current_prediction=0
[CLASS_TIMING] sample_interval_ms=5 window_acquisition_ms=900 feature_extract_ms=7 inference_ms=0 total_cycle_ms=971
41252,-12,32,284
41254,-12,32,284
41257,-19,83,265
41259,-19,83,265
41262,-38,-98,205
41265,-38,-98,205
41267,-28,-47,298
41270,-28,-47,298
41272,20,107,237
41275,20,107,237
41277,3,13,283
41280,3,13,283
41282,-93,-181,208
41284,-93,-181,208
41287,16,-4,333
41290,16,-4,333
41292,-17,125,256
41295,-17,125,256
41297,-29,-82,214
41300,-29,-82,214
41302,4,-134,234
41305,4,-134,234
41307,-5,69,257
41310,-5,69,257
41312,-11,34,280
41314,-11,34,280
41317,-40,-144,216
41320,-40,-144,216
41322,-40,-14,326
41325,-40,-14,326
41327,11,111,235
41330,11,111,235
41332,-43,-56,232
41335,-43,-56,232
41338,-43,-159,234
41340,-43,-159,234
41343,11,45,282
41345,11,45,282
41348,-7,81,297
41352,-55,-113,207
41357,17,-32,318
41362,-9,113,226
41367,5,2,269
41372,-89,-192,189
41377,-89,-192,189
41382,12,3,329
41387,1,116,267
41392,-21,-77,219
41397,-16,-136,255
41402,-9,67,259
41407,2,50,301
41412,-66,-139,202
41417,-60,-40,327
41422,0,122,229
41427,-29,-31,246
41432,-28,-169,198
41437,-28,24,313
41442,4,88,274
41447,-33,-97,206
41452,-63,-109,263
41457,5,84,244
41462,-18,35,277
41467,-60,-144,216
41472,-56,-24,336
41477,11,115,241
41482,-38,-40,244
41487,-33,-174,203
41492,-29,14,314
41497,9,107,272
41502,-31,-74,213
41507,6,-134,253
41512,-17,62,254
41517,5,67,287
41522,-67,-126,196
41527,22,-47,336
41532,-13,112,231
41537,4,0,275
41542,-88,-167,214
41547,10,-7,329
41552,8,122,248
41557,-27,-50,235
41562,-30,-167,198
41567,-40,3,310
41572,7,110,262
41577,-32,-71,212
41582,-36,-142,241
41587,13,51,274
41592,8,93,292
41597,-35,-107,205
41602,-68,-90,278
41607,-6,75,246
41612,-19,30,292
41617,-76,-132,203
41622,12,-44,329
41627,-14,112,230
41632,2,17,278
41637,-73,-156,210
41642,-21,-6,321
41647,21,124,244
41652,21,124,244
41657,-39,-41,237
41662,-37,-170,191
41667,-30,7,318
41672,11,111,258
41677,-27,-71,222
41682,-19,-130,249
41687,16,57,263
41692,10,83,297
41697,-51,-114,197
41702,-24,-46,309
41707,5,108,236
41712,-7,29,291
41717,-56,-157,215
41722,-29,-14,327
41727,16,119,253
41732,-18,-47,238
41737,-42,-160,223
41742,-7,23,294
41747,-4,85,273
41752,-31,-105,210
41757,-63,-85,272
41762,11,92,240
41767,-20,32,280
41772,-43,-147,214
41777,-32,-8,322
41782,15,119,254
41787,-28,-53,228
41792,-59,-165,241
41797,13,33,283
41802,7,93,289
41807,-46,-107,200
41812,9,-43,316
41817,-3,117,229
41822,6,-1,268
41827,-91,-183,194
41832,22,1,327
41837,4,119,261
41842,-16,-68,215
41847,-29,-139,242
41852,5,62,256
41857,-4,66,287
41862,-78,-128,200
41867,20,-43,340
41872,-19,111,232
41877,-10,-15,264
41882,-85,-182,198
41887,4,6,321
41892,-11,121,260
41897,-34,-77,217
41902,-20,-143,252
41907,-7,60,256
41912,5,50,287
41917,-76,-134,198
41922,-3,-46,332
41927,-21,112,234
41932,-21,112,234
41937,-14,-13,267
41942,-97,-175,192
41947,23,3,326
41952,-15,109,263
41957,-21,-66,225
41962,-41,-127,237
41967,6,57,260
41972,8,69,281
41977,-67,-127,212
41982,18,-26,330
41987,-11,114,230
41992,10,4,265
41997,-90,-171,201
42002,1,0,329
42007,-5,115,257
42012,-18,-50,222
42017,-59,-157,225
42022,-9,22,292
42027,-4,77,268
42032,-24,-82,217
42037,-41,-132,238
42042,8,57,260
42047,-1,49,288
42052,-73,-122,208
42057,-24,-33,310
42062,14,111,237
42067,3,27,279
42072,-38,-130,225
42077,-66,-29,328
42082,14,134,246
42087,-33,-22,246
42092,-44,-164,209
42097,7,-4,324
42102,-14,110,261
42107,-20,-60,226
42112,-55,-142,230
42117,14,41,275
42122,1,86,288
42127,-40,-99,207
42132,-51,-72,278
42137,17,93,245
42142,-19,23,268
42147,-64,-132,215
42152,-48,-38,331
[FEATURES] f0=-20265 f1=29102 f2=35463 f3=-97000 f4=23000 f5=120000 f6=23736 f7=-17360 f8=96146 f9=97701 f10=-192000 f11=134000 f12=326000 f13=83261 f14=256465 f15=40187 f16=259594 f17=189000 f18=340000 f19=151000 f20=33542
[SCALED_FEATURES] f0=3453 f1=-706 f2=-894 f3=653 f4=-807 f5=-741 f6=-713 f7=-2441 f8=-481 f9=-478 f10=370 f11=-490 f12=-432 f13=-497 f14=-116 f15=-249 f16=-335 f17=289 f18=-237 f19=-265 f20=-259
[FEATURES_X] mean=-20265 std=29102 rms=35463 min=-97000 max=23000 p2p=120000 mad=23736
[FEATURES_Y] mean=-17360 std=96146 rms=97701 min=-192000 max=134000 p2p=326000 mad=83261
[FEATURES_Z] mean=256465 std=40187 rms=259594 min=189000 max=340000 p2p=151000 mad=33542
[CLASS] CLASS=normal ID=0 scores_x1000=[7896,2333,-10230]
[CLASS_STATS] condition=normal total_windows=42
predicted_count=[42,0,0]
correct_windows=42
accuracy_x1000=1000
current_prediction=0
[CLASS_TIMING] sample_interval_ms=5 window_acquisition_ms=900 feature_extract_ms=7 inference_ms=0 total_cycle_ms=971
42252,-7,3,318
42254,-17,101,259
42257,-17,101,259
42260,-17,-60,223
42262,-17,-60,223
42265,-35,-119,240
42267,-35,-119,240
42270,9,53,260
42272,9,53,260
42275,-2,72,284
42277,-2,72,284
42280,-67,-120,210
42282,-67,-120,210
42285,-39,-49,289
42287,-39,-49,289
42290,17,107,245
42292,17,107,245
42295,-5,22,283
42297,-5,22,283
42300,-50,-140,225
42302,-50,-140,225
42305,-64,-15,329
42308,-64,-15,329
42310,30,119,251
42313,30,119,251
42315,-23,-37,241
42318,-23,-37,241
42320,-39,-169,207
42323,-39,-169,207
42326,-31,13,310
42328,-31,13,310
42331,9,98,279
42333,9,98,279
42335,-36,-68,216
42338,-36,-68,216
42340,-6,-140,250
42343,-6,-140,250
42346,-13,61,259
42348,-13,61,259
42352,-5,60,288
42357,-76,-120,208
42362,24,-34,328
42367,16,107,229
42372,0,11,276
42377,-63,-159,219
42382,-66,-22,338
42387,12,117,247
42392,-25,-38,236
42397,-21,-178,197
42402,-39,15,303
42407,-4,89,269
42412,-23,-69,221
42417,-6,-128,238
42422,6,45,259
42427,-7,64,282
42432,-56,-117,212
42437,-54,-56,283
42442,20,109,245
42447,-4,22,282
42452,-49,-131,224
42457,-41,-24,335
42462,16,128,243
42467,-13,-17,246
42472,-64,-172,206
42477,24,2,325
42482,-10,112,259
42487,-10,112,259
42492,-16,-58,226
42497,-55,-145,216
42502,-26,27,293
42507,1,79,278
42512,-29,-81,214
42517,-7,-128,233
42522,3,61,260
42527,-29,41,287
42532,-68,-120,212
42537,-3,-38,313
42542,25,102,240
42547,11,25,285
42552,-52,-140,222
42557,-76,-30,323
42562,32,133,249
42567,-14,-22,246
42572,-44,-164,209
42577,20,7,325
42582,-12,108,259
42587,-20,-61,224
42592,-50,-132,209
42597,15,41,285
42602,-9,69,298
42607,-49,-98,210
42612,-68,-75,274
42617,30,102,249
42622,-13,31,273
42627,-42,-135,212
42632,-68,-25,322
42637,25,125,248
42642,-8,-23,251
42647,-34,-171,199
42652,-22,5,316
42657,-27,105,262
42662,-16,-70,220
42667,-7,-125,241
42672,10,43,254
42677,4,74,283
42682,-65,-117,206
42687,20,-37,323
42692,3,106,235
42697,1,17,274
42702,-58,-156,221
42707,-15,-12,320
42712,15,114,252
42717,-33,-50,234
42722,-49,-171,216
42727,-16,23,286
42732,1,87,272
42737,-31,-96,207
42742,-61,-111,247
42747,-9,72,246
42752,-21,29,279
42757,-62,-129,210
42762,-62,-129,210
42767,-46,-43,319
42772,-18,115,235
42777,-21,-27,261
42782,-87,-175,190
42787,-4,-2,322
42792,-5,112,259
42797,-20,-61,228
42802,-51,-142,238
42807,24,40,273
42812,5,90,289
42817,-43,-102,203
42822,-73,-76,280
42827,21,97,249
42832,-16,36,281
42837,-50,-135,225
42842,-60,-29,324
42847,3,116,235
42852,-27,-18,253
42857,-50,-181,202
42862,-10,2,320
42867,-15,123,263
42872,-16,-63,216
42877,-47,-134,234
42882,12,46,263
42887,13,84,291
42892,-41,-108,202
42897,-88,-81,281
42902,25,99,248
42907,-19,38,272
42912,-55,-141,219
42917,-45,-36,327
42922,-14,117,231
42927,-8,-13,268
42932,-67,-185,196
42937,5,0,327
42942,-16,119,257
42947,-12,-64,219
42952,-49,-145,242
42957,31,38,283
42962,8,85,293
42967,-40,-102,206
42972,-71,-82,280
42977,17,88,251
42982,-37,34,268
42987,-51,-137,219
42992,-54,-34,321
42997,-4,118,233
43002,-37,-30,258
43007,-52,-186,203
43012,-19,2,324
43017,-6,106,260
43022,-17,-64,219
43027,-26,-131,234
43032,22,53,273
43037,0,74,297
43042,0,74,297
43047,-43,-100,215
43052,-42,-50,295
43057,20,98,240
43062,11,30,277
43067,-54,-120,222
43072,-68,-38,322
43077,-12,127,231
43082,-12,-13,259
43087,-74,-173,212
43092,17,4,330
43097,-2,105,258
43102,-30,-41,225
43107,-31,-180,212
43112,-41,20,290
43117,-7,82,272
43122,-22,-63,222
43127,-5,-121,249
43132,27,48,268
43137,10,77,291
43142,-44,-87,218
43147,-42,-124,253
43152,-4,82,250
[FEATURES] f0=-20810 f1=28491 f2=35281 f3=-88000 f4=32000 f5=120000 f6=23912 f7=-16460 f8=93134 f9=94578 f10=-186000 f11=133000 f12=319000 f13=80690 f14=256625 f15=36808 f16=259251 f17=190000 f18=338000 f19=148000 f20=30550
[SCALED_FEATURES] f0=3260 f1=-717 f2=-898 f3=755 f4=-712 f5=-741 f6=-709 f7=-2166 f8=-497 f9=-494 f10=393 f11=-494 f12=-446 f13=-513 f14=-100 f15=-301 f16=-346 f17=300 f18=-257 f19=-281 f20=-310
[FEATURES_X] mean=-20810 std=28491 rms=35281 min=-88000 max=32000 p2p=120000 mad=23912
[FEATURES_Y] mean=-16460 std=93134 rms=94578 min=-186000 max=133000 p2p=319000 mad=80690
[FEATURES_Z] mean=256625 std=36808 rms=259251 min=190000 max=338000 p2p=148000 mad=30550
[CLASS] CLASS=normal ID=0 scores_x1000=[7598,2077,-9675]
[CLASS_STATS] condition=normal total_windows=43
predicted_count=[43,0,0]
correct_windows=43
accuracy_x1000=1000
current_prediction=0
[CLASS_TIMING] sample_interval_ms=5 window_acquisition_ms=900 feature_extract_ms=6 inference_ms=0 total_cycle_ms=971
43252,-8,103,258
43254,-8,103,258
43257,-17,-55,226
43259,-17,-55,226
43262,-58,-161,224
43265,-58,-161,224
43267,-37,17,312
43270,-37,17,312
43272,-6,88,271
43275,-6,88,271
43277,-24,-67,213
43280,-24,-67,213
43282,-44,-130,222
43285,-44,-130,222
43288,3,32,284
43290,3,32,284
43292,10,75,280
43295,10,75,280
43297,-26,-88,217
43300,-26,-88,217
43302,-14,-121,237
43305,-14,-121,237
43307,14,52,267
43310,14,52,267
43312,-9,67,286
43315,-9,67,286
43317,-9,67,286
43319,-45,-102,217
43322,-45,-102,217
43325,-54,-88,265
43327,-54,-88,265
43330,13,81,252
43332,13,81,252
43335,-12,33,279
43337,-12,33,279
43340,-74,-124,217
43342,-74,-124,217
43345,4,-29,315
43347,4,-29,315
43352,23,103,237
43357,-3,25,280
43362,-56,-124,222
43367,-33,-39,323
43372,-9,111,239
43377,-8,1,269
43382,-60,-137,225
43387,-57,-15,322
43392,13,126,248
43397,-11,-16,253
43402,-97,-176,206
43407,-4,-2,329
43412,14,112,246
43417,-23,-35,240
43422,-36,-164,196
43427,-3,1,321
43432,-15,114,264
43437,-28,-59,225
43442,-53,-167,213
43447,-41,17,296
43452,-2,76,274
43457,-19,-79,217
43462,-38,-124,236
43467,18,49,266
43472,7,79,297
43477,-44,-98,208
43482,-64,-115,255
43487,-11,76,252
43492,-18,27,286
43497,-85,-127,211
43502,-9,-33,307
43507,13,103,230
43512,2,18,278
43517,-54,-129,227
43522,-47,-37,332
43527,-13,122,234
43532,-7,-9,263
43537,-96,-160,220
43542,-38,-15,334
43547,24,118,248
43552,-9,-26,246
43557,-68,-166,210
43562,19,-2,331
43567,-10,108,260
43572,-14,-30,225
43577,-40,-170,205
43582,-34,6,304
43587,-25,96,261
43592,-9,-63,216
43597,-9,-63,216
43602,-42,-138,224
43607,-26,28,291
43612,-5,73,282
43617,-25,-84,215
43622,6,-124,237
43627,10,56,265
43632,-11,63,282
43637,-51,-107,212
43642,-43,-56,288
43647,16,97,248
43652,-13,32,276
43657,-79,-123,213
43662,-7,-32,308
43667,8,101,231
43672,3,29,280
43677,-59,-126,221
43682,-39,-44,328
43687,-14,103,234
43692,1,17,272
43697,-44,-138,232
43702,-42,-23,330
43707,-10,123,233
43712,-12,-4,269
43717,-82,-162,214
43722,-52,-16,331
43727,27,121,253
43732,-19,-16,249
43737,-83,-179,205
43742,27,-8,333
43747,5,108,255
43752,-18,-29,229
43757,-43,-166,193
43762,28,4,325
43767,-14,105,268
43772,-28,-55,223
43777,-34,-167,214
43782,-25,11,306
43787,-17,97,263
43792,-15,-56,224
43797,-48,-142,216
43802,-5,24,290
43807,-4,83,271
43812,-29,-68,220
43817,-36,-128,232
43822,2,34,280
43827,-7,73,283
43832,-31,-81,221
43837,-2,-127,238
43842,31,40,265
43847,0,78,293
43852,-29,-86,211
43857,-23,-125,246
43862,-3,64,251
43867,-2,52,288
43872,-2,52,288
43877,-57,-112,213
43882,-63,-71,276
43887,14,99,252
43892,-14,33,281
43897,-79,-123,223
43902,-19,-34,312
43907,12,97,236
43912,6,27,276
43917,-52,-124,221
43922,-23,-38,335
43927,-16,120,231
43932,-7,-3,270
43937,-71,-162,223
43942,-44,-14,335
43947,24,113,245
43952,-12,-35,237
43957,-47,-172,194
43962,21,11,331
43967,-20,107,260
43972,-18,-56,228
43977,-48,-150,213
43982,-1,24,292
43987,4,80,274
43992,-32,-78,220
43997,-18,-124,232
44002,-5,53,257
44007,-8,75,290
44012,-54,-104,216
44017,-64,-74,275
44022,16,89,244
44027,-23,33,279
44032,-83,-128,209
44037,14,-29,322
44042,16,104,238
44047,5,28,279
44052,-50,-135,217
44057,-19,-35,331
44062,-22,114,232
44067,-8,3,268
44072,-78,-168,212
44077,-17,-7,333
44082,33,114,247
44087,-22,-38,244
44092,-47,-170,196
44097,-15,4,321
44102,-29,111,265
44107,-23,-52,218
44112,-50,-162,219
44117,-4,24,288
44122,9,94,268
44127,-31,-85,215
44132,-29,-134,237
44137,-6,48,264
44142,8,66,289
44147,8,66,289
44152,-62,-117,210
[FEATURES] f0=-20765 f1=27495 f2=34455 f3=-97000 f4=33000 f5=130000 f6=22312 f7=-17990 f8=90131 f9=91909 f10=-179000 f11=126000 f12=305000 f13=78179 f14=256519 f15=37214 f16=259205 f17=193000 f18=335000 f19=142000 f20=31626
[SCALED_FEATURES] f0=3276 f1=-735 f2=-915 f3=653 f4=-701 f5=-685 f6=-744 f7=-2633 f8=-513 f9=-509 f10=421 f11=-521 f12=-473 f13=-527 f14=-110 f15=-295 f16=-348 f17=334 f18=-286 f19=-313 f20=-291
[FEATURES_X] mean=-20765 std=27495 rms=34455 min=-97000 max=33000 p2p=130000 mad=22312
[FEATURES_Y] mean=-17990 std=90131 rms=91909 min=-179000 max=126000 p2p=305000 mad=78179
[FEATURES_Z] mean=256519 std=37214 rms=259205 min=193000 max=335000 p2p=142000 mad=31626
[CLASS] CLASS=normal ID=0 scores_x1000=[7357,1923,-9280]
[CLASS_STATS] condition=normal total_windows=44
predicted_count=[44,0,0]
correct_windows=44
accuracy_x1000=1000
current_prediction=0
[CLASS_TIMING] sample_interval_ms=5 window_acquisition_ms=900 feature_extract_ms=7 inference_ms=1 total_cycle_ms=972
44252,-55,-61,287
44255,20,97,251
44257,20,97,251
44260,-17,37,274
44262,-17,37,274
44265,-67,-122,216
44267,-67,-122,216
44270,-17,-47,334
44272,-17,-47,334
44275,-22,106,229
44278,-22,106,229
44280,-4,4,277
44282,-4,4,277
44285,-4,4,277
44287,-75,-164,213
44290,-75,-164,213
44292,-20,-6,337
44295,-20,-6,337
44297,18,116,252
44300,18,116,252
44302,-26,-49,238
44305,-26,-49,238
44307,-52,-170,204
44310,-52,-170,204
44313,-31,11,304
44315,-31,11,304
44318,-18,93,272
44320,-18,93,272
44323,-22,-71,213
44325,-22,-71,213
44328,-7,-131,238
44330,-7,-131,238
44333,-1,48,267
44335,-1,48,267
44338,6,54,282
44340,6,54,282
44342,-59,-118,197
44345,-59,-118,197
44348,20,-44,332
44352,4,106,233
44357,-9,4,275
44362,-73,-171,208
44367,9,-4,342
44372,12,114,247
44377,-29,-56,214
44382,-63,-164,222
44387,7,29,287
44392,-6,76,285
44397,-37,-94,202
44402,-75,-95,270
44407,15,95,252
44412,-16,30,274
44417,-48,-124,216
44422,-68,-31,328
44427,-68,-31,328
44432,6,125,237
44437,-13,-24,251
44442,-47,-173,212
44447,-19,15,319
44452,-21,115,253
44457,-28,-73,210
44462,-25,-130,244
44467,26,51,273
44472,13,74,296
44477,-57,-115,209
44482,-34,-42,307
44487,26,100,230
44492,9,30,291
44497,-50,-146,212
44502,-31,-7,322
44507,20,120,244
44512,-32,-37,242
44517,-16,-167,207
44522,-31,8,324
44527,11,107,265
44532,-23,-76,210
44537,1,-136,249
44542,-1,57,257
44547,7,70,293
44552,-65,-117,205
44557,7,-43,322
44562,9,108,233
44567,-1,17,283
44572,-65,-161,220
44577,2,-6,330
44582,5,114,245
44587,-22,-55,227
44592,-51,-172,216
44597,-3,27,293
44602,-1,88,271
44607,-44,-104,203
44612,-57,-75,288
44617,22,93,240
44622,-19,39,275
44627,-44,-146,209
44632,-41,-7,323
44637,20,117,247
44642,-30,-47,235
44647,-60,-168,220
44652,-1,25,285
44657,-5,91,274
44662,-43,-101,201
44667,-50,-61,290
44672,19,113,245
44677,-4,27,287
44682,-59,-166,211
44687,23,5,333
44692,-7,119,254
44697,-27,-64,223
44702,-27,-64,223
44707,-43,-147,245
44712,16,50,266
44717,22,82,299
44722,-66,-120,193
44727,15,-52,329
44732,-20,107,239
44737,-15,-22,276
44742,-52,-183,198
44747,-27,7,321
44752,-16,103,260
44757,-29,-81,205
44762,-48,-128,242
44767,-7,75,246
44772,-17,42,283
44777,-39,-148,211
44782,-32,-3,332
44787,26,124,255
44792,-18,-49,241
44797,-58,-162,237
44802,12,33,285
44807,7,96,289
44812,-57,-108,207
44817,9,-37,317
44822,-11,110,229
44827,6,1,276
44832,-87,-186,199
44837,10,1,323
44842,-9,123,257
44847,-31,-81,212
44852,-18,-139,255
44857,-12,67,251
44862,-22,31,284
44867,-44,-147,219
44872,-42,-9,331
44877,28,120,251
44882,-19,-59,233
44887,-53,-162,246
44892,18,41,273
44897,19,88,299
44902,-68,-122,201
44907,10,-56,337
44912,-17,111,240
44917,-19,-26,266
44922,-37,-184,201
44927,-30,23,314
44932,1,97,271
44937,-31,-99,203
44942,-64,-101,269
44947,10,96,247
44952,-6,30,278
44957,-54,-155,210
44962,15,1,329
44967,-9,126,253
44972,-24,-63,215
44977,-24,-63,215
44982,-26,-145,241
44987,2,55,264
44992,-1,59,288
44997,-64,-133,196
45002,-16,-54,333
45007,-15,112,233
45012,-42,-30,249
45017,-40,-175,210
45022,-7,36,292
45027,7,94,271
45032,-34,-107,211
45037,-34,-54,298
45042,8,118,237
45047,7,1,278
45052,-74,-180,197
45057,-5,4,322
45062,-4,116,254
45067,-36,-91,205
45072,-62,-111,253
45077,5,88,243
45082,-14,35,277
45087,-50,-156,213
45092,27,-2,331
45097,-3,125,256
45102,-23,-71,227
45107,-8,-138,256
45112,-8,74,248
45117,-24,40,272
45122,-54,-159,209
45127,16,-4,330
45132,-5,120,260
45137,-28,-74,213
45142,-47,-129,247
45147,11,97,241
45152,2,24,284
[FEATURES] f0=-19450 f1=27106 f2=33362 f3=-87000 f4=28000 f5=115000 f6=22391 f7=-17955 f8=94939 f9=96622 f10=-186000 f11=126000 f12=312000 f13=82592 f14=257225 f15=40137 f16=260337 f17=193000 f18=342000 f19=149000 f20=33514
[SCALED_FEATURES] f0=3741 f1=-743 f2=-938 f3=766 f4=-754 f5=-768 f6=-742 f7=-2623 f8=-488 f9=-483 f10=393 f11=-521 f12=-459 f13=-501 f14=-39 f15=-249 f16=-311 f17=334 f18=-217 f19=-276 f20=-259
[FEATURES_X] mean=-19450 std=27106 rms=33362 min=-87000 max=28000 p2p=115000 mad=22391
[FEATURES_Y] mean=-17955 std=94939 rms=96622 min=-186000 max=126000 p2p=312000 mad=82592
[FEATURES_Z] mean=257225 std=40137 rms=260337 min=193000 max=342000 p2p=149000 mad=33514
[CLASS] CLASS=normal ID=0 scores_x1000=[8338,2572,-10910]
[CLASS_STATS] condition=normal total_windows=45
predicted_count=[45,0,0]
correct_windows=45
accuracy_x1000=1000
current_prediction=0
[CLASS_TIMING] sample_interval_ms=5 window_acquisition_ms=900 feature_extract_ms=6 inference_ms=0 total_cycle_ms=971
45252,-25,-57,330
45254,13,127,242
45257,13,127,242
45259,-26,-50,223
45262,-26,-50,223
45265,-47,-140,249
45267,-47,-140,249
45270,-2,69,250
45272,-2,69,250
45275,-22,41,289
45277,-22,41,289
45280,-47,-160,214
45282,-47,-160,214
45285,30,2,327
45287,30,2,327
45290,-14,113,262
45292,-14,113,262
45295,-30,-99,208
45297,-30,-99,208
45300,-35,-63,305
45302,-35,-63,305
45305,3,112,233
45307,3,112,233
45310,-26,-32,263
45312,-26,-32,263
45315,-42,-166,211
45318,-42,-166,211
45320,14,41,287
45323,14,41,287
45325,14,75,297
45327,14,75,297
45330,-49,-134,203
45332,-49,-134,203
45335,-37,-8,331
45338,-37,-8,331
45340,3,130,254
45343,3,130,254
45345,-28,-79,214
45347,-28,-79,214
45352,-62,-109,252
45357,19,114,244
45362,-13,-12,266
45367,-31,-180,212
45372,7,35,291
45377,14,82,299
45382,-66,-147,200
45387,-41,-4,330
45392,2,123,257
45397,-22,-81,212
45402,-71,-103,268
45407,24,121,241
45412,-25,-24,264
45417,-48,-173,205
45422,18,49,284
45427,-10,64,280
45432,-51,-155,210
45437,21,4,327
45442,-18,120,256
45447,-35,-108,206
45452,-30,-48,313
45457,-17,111,226
45462,-39,-41,249
45467,-72,-161,246
45472,16,58,265
45477,-22,42,283
45482,-66,-161,209
45487,35,7,329
45492,-14,103,268
45497,-47,-118,194
45502,24,-49,333
45507,12,130,250
45512,-26,-64,233
45517,2,-145,259
45522,-4,110,244
45527,-8,-8,277
45532,-8,-8,277
45537,-29,-179,206
45542,7,43,286
45547,-10,54,277
45552,-37,-158,208
45557,43,5,331
45562,-6,102,260
45567,-46,-121,193
45572,-14,-47,342
45577,24,132,253
45582,-38,-78,216
45587,-59,-120,251
45592,19,117,245
45597,-32,-31,263
45602,-65,-163,222
45607,10,59,271
45612,-20,43,282
45617,-61,-168,210
45622,1,10,327
45627,23,99,263
45632,-57,-134,197
45637,-52,-16,330
45642,-7,119,247
45647,-29,-97,204
45652,-21,-48,318
45657,-28,113,233
45662,-23,-56,230
45667,-25,-137,245
45672,7,99,247
45677,-5,-4,283
45682,-43,-173,215
45687,4,38,281
45692,-24,48,284
45697,-52,-156,203
45702,2,6,327
45707,10,103,270
45712,-66,-135,199
45717,-45,-5,328
45722,-1,124,253
45727,-38,-112,207
45732,22,-40,328
45737,-15,137,237
45742,-30,-71,227
45747,-62,-134,265
45752,8,117,244
45757,-25,-29,264
45762,-69,-165,236
45767,-1,66,255
45772,-9,30,275
45777,-70,-194,196
45782,-16,35,303
45787,8,76,298
45792,-46,-145,209
45797,27,4,330
45802,-10,111,261
45807,-51,-121,196
45812,-51,-121,196
45817,-16,-52,339
45822,30,138,246
45827,-23,-76,223
45832,-70,-106,268
45837,3,113,235
45842,-27,-34,245
45847,-61,-153,249
45852,-11,70,256
45857,3,29,280
45862,-59,-190,196
45867,-18,28,293
45872,-3,73,294
45877,-42,-148,213
45882,32,3,335
45887,-13,104,263
45892,-55,-118,190
45897,-36,-45,331
45902,19,130,245
45907,-25,-88,210
45912,-49,-65,301
45917,-18,113,221
45922,-34,-54,229
45927,-29,-137,251
45932,-8,93,247
45937,-7,7,278
45942,-43,-182,197
45947,12,41,288
45952,-17,59,283
45957,-62,-170,201
45962,18,13,333
45967,15,102,269
45972,-59,-134,199
45977,-57,-24,331
45982,12,126,255
45987,-19,-100,201
45992,-47,-57,302
45997,-33,114,233
46002,-19,-53,233
46007,-27,-136,236
46012,5,102,244
46017,-5,-6,278
46022,-50,-181,204
46027,12,45,282
46032,-23,44,281
46037,-56,-158,207
46042,4,7,328
46047,15,93,269
46052,-69,-139,199
46057,-67,-18,330
46062,-4,120,249
46067,-35,-110,208
46072,19,-37,330
46077,-18,127,240
46082,-33,-64,227
46087,-33,-64,227
46092,-36,-139,251
46097,6,105,249
46102,-5,-2,283
46107,-48,-178,205
46112,15,45,283
46117,-18,54,284
46122,-43,-146,211
46127,36,3,329
46132,-2,111,257
46137,-45,-116,196
46142,24,-50,339
46147,8,137,239
46152,-31,-72,219
[FEATURES] f0=-19130 f1=27429 f2=33441 f3=-72000 f4=43000 f5=115000 f6=23067 f7=-18230 f8=99887 f9=101537 f10=-194000 f11=138000 f12=332000 f13=87106 f14=256935 f15=41710 f16=260298 f17=190000 f18=342000 f19=152000 f20=34489
[SCALED_FEATURES] f0=3855 f1=-737 f2=-936 f3=937 f4=-596 f5=-768 f6=-727 f7=-2707 f8=-461 f9=-457 f10=362 f11=-475 f12=-421 f13=-475 f14=-68 f15=-225 f16=-312 f17=300 f18=-217 f19=-260 f20=-242
[FEATURES_X] mean=-19130 std=27429 rms=33441 min=-72000 max=43000 p2p=115000 mad=23067
[FEATURES_Y] mean=-18230 std=99887 rms=101537 min=-194000 max=138000 p2p=332000 mad=87106
[FEATURES_Z] mean=256935 std=41710 rms=260298 min=190000 max=342000 p2p=152000 mad=34489
[CLASS] CLASS=normal ID=0 scores_x1000=[8440,2848,-11289]
[CLASS_STATS] condition=normal total_windows=46
predicted_count=[46,0,0]
correct_windows=46
accuracy_x1000=1000
current_prediction=0
[CLASS_TIMING] sample_interval_ms=5 window_acquisition_ms=900 feature_extract_ms=7 inference_ms=1 total_cycle_ms=972
46252,-57,-125,196
46255,-57,-125,196
46258,-46,-34,331
46260,-46,-34,331
46263,27,127,243
46265,27,127,243
46268,-26,-64,214
46270,-26,-64,214
46273,-22,-136,253
46276,-22,-136,253
46278,26,115,254
46281,26,115,254
46283,2,13,275
46285,2,13,275
46288,-49,-190,201
46290,-49,-190,201
46293,-5,29,288
46295,-5,29,288
46298,11,77,300
46300,11,77,300
46303,-63,-146,193
46305,-63,-146,193
46308,-32,-3,323
46310,-32,-3,323
46313,8,126,249
46315,8,126,249
46318,-28,-98,205
46320,-28,-98,205
46323,-69,-78,287
46325,-69,-78,287
46328,-2,115,226
46331,-2,115,226
46333,-25,-37,250
46336,-25,-37,250
46338,-71,-161,234
46341,-71,-161,234
46344,11,64,268
46346,11,64,268
46348,-18,42,281
46352,-56,-162,207
46357,6,12,331
46362,8,95,270
46367,8,95,270
46372,-60,-124,185
46377,-28,-46,338
46382,30,138,243
46387,-30,-77,209
46392,-59,-127,251
46397,18,117,243
46402,-22,-27,259
46407,-63,-173,229
46412,10,63,272
46417,-25,41,283
46422,-63,-168,209
46427,1,13,329
46432,15,97,269
46437,-53,-117,195
46442,-53,-40,334
46447,34,128,246
46452,-23,-80,213
46457,-82,-109,265
46462,2,108,237
46467,-29,-37,253
46472,-65,-159,241
46477,-6,66,256
46482,6,28,272
46487,-69,-181,201
46492,-28,27,318
46497,20,89,286
46502,-54,-139,192
46507,-50,-7,330
46512,-9,118,255
46517,-30,-97,207
46522,-44,-60,305
46527,-17,113,227
46532,-20,-40,245
46537,-59,-152,244
46542,-7,65,255
46547,-19,27,274
46552,-68,-179,209
46557,-8,15,318
46562,16,92,266
46567,-58,-121,192
46572,-43,-43,327
46577,28,141,249
46582,-31,-68,216
46587,-5,-139,253
46592,11,105,249
46597,-4,8,282
46602,-51,-186,187
46607,-21,26,308
46612,17,88,282
46617,-58,-127,198
46622,-56,-40,322
46627,37,140,246
46632,-29,-66,216
46637,-21,-142,254
46642,-21,-142,254
46647,3,95,251
46652,-3,11,280
46657,-57,-183,200
46662,-25,23,316
46667,18,97,269
46672,-55,-116,196
46677,13,-54,339
46682,1,139,237
46687,-29,-61,229
46692,-30,-141,255
46697,-9,67,260
46702,-25,37,277
46707,-59,-157,210
46712,30,6,334
46717,-16,106,260
46722,-44,-112,208
46727,2,-32,313
46732,-30,104,230
46737,-32,-43,242
46742,-67,-160,229
46747,19,59,265
46752,-18,46,285
46757,-59,-150,213
46762,30,0,325
46767,-23,113,249
46772,-42,-114,208
46777,13,-31,320
46782,-26,116,243
46787,-16,-48,232
46792,-48,-150,247
46797,4,70,255
46802,-21,40,284
46807,-45,-149,207
46812,29,-5,328
46817,-17,120,251
46822,-43,-114,204
46827,-39,-54,298
46832,-1,111,226
46837,-19,-19,261
46842,-60,-174,211
46847,6,33,293
46852,10,73,298
46857,-69,-142,196
46862,-62,-17,333
46867,26,126,245
46872,-30,-73,215
46877,-14,-139,252
46882,2,87,250
46887,1,26,277
46892,-79,-169,212
46897,4,-4,329
46902,-17,112,256
46907,-49,-114,205
46912,-11,-46,313
46917,-11,-46,313
46922,-8,105,226
46927,-31,-22,258
46932,-51,-176,214
46937,14,40,286
46942,9,77,294
46947,-62,-142,195
46952,-51,-11,335
46957,13,128,252
46962,-25,-70,220
46967,-42,-140,253
46972,12,106,252
46977,1,4,282
46982,-56,-180,186
46987,-12,30,312
46992,24,91,292
46997,-65,-128,197
47002,-59,-30,322
47007,39,134,249
47012,-25,-76,212
47017,-41,-140,250
47022,17,106,248
47027,-5,-1,284
47032,-40,-186,201
47037,-10,29,296
47042,23,91,293
47047,-58,-139,193
47052,-66,-17,341
47057,21,127,252
47062,-24,-76,216
47067,-73,-117,259
47072,32,121,241
47077,-18,-13,258
47082,-47,-182,209
47087,13,42,288
47092,1,67,298
47097,-53,-153,210
47102,-7,1,324
47107,-11,117,258
47112,-24,-102,200
47117,-72,-78,296
47122,3,114,234
47127,-25,-31,260
47132,-53,-173,210
47137,17,49,277
47142,-12,59,293
47147,-49,-148,213
47152,0,-6,327
[FEATURES] f0=-20965 f1=29991 f2=36592 f3=-82000 f4=39000 f5=121000 f6=25376 f7=-19945 f8=101022 f9=102972 f10=-190000 f11=141000 f12=331000 f13=88123 f14=256185 f15=41672 f16=259552 f17=185000 f18=341000 f19=156000 f20=34060
[SCALED_FEATURES] f0=3205 f1=-689 f2=-870 f3=823 f4=-638 f5=-735 f6=-676 f7=-3231 f8=-455 f9=-449 f10=378 f11=-464 f12=-423 f13=-469 f14=-144 f15=-225 f16=-336 f17=243 f18=-227 f19=-238 f20=-250
[FEATURES_X] mean=-20965 std=29991 rms=36592 min=-82000 max=39000 p2p=121000 mad=25376
[FEATURES_Y] mean=-19945 std=101022 rms=102972 min=-190000 max=141000 p2p=331000 mad=88123
[FEATURES_Z] mean=256185 std=41672 rms=259552 min=185000 max=341000 p2p=156000 mad=34060
[CLASS] CLASS=normal ID=0 scores_x1000=[7199,1978,-9177]
[CLASS_STATS] condition=normal total_windows=47
predicted_count=[47,0,0]
correct_windows=47
accuracy_x1000=1000
current_prediction=0
[CLASS_TIMING] sample_interval_ms=5 window_acquisition_ms=900 feature_extract_ms=6 inference_ms=1 total_cycle_ms=972
47252,-55,-120,193
47255,27,-41,332
47257,27,-41,332
47260,-4,127,240
47262,-4,127,240
47265,-25,-51,235
47267,-25,-51,235
47270,-57,-149,245
47273,-57,-149,245
47275,8,64,266
47278,8,64,266
47280,-22,43,286
47282,-22,43,286
47285,-43,-148,224
47287,-43,-148,224
47290,18,4,327
47292,18,4,327
47295,-12,114,257
47297,-12,114,257
47300,-27,-88,206
47302,-27,-88,206
47305,-81,-108,258
47308,-81,-108,258
47310,29,116,250
47313,29,116,250
47315,-5,-7,276
47318,-5,-7,276
47320,-44,-185,188
47323,-44,-185,188
47325,-26,26,310
47328,-26,26,310
47330,17,89,276
47333,17,89,276
47335,-66,-122,207
47338,-66,-122,207
47341,33,-47,338
47343,33,-47,338
47346,-8,137,235
47348,-8,137,235
47352,-16,-51,230
47357,-39,-151,252
47362,6,63,260
47367,-22,39,289
47372,-45,-152,221
47377,-2,-5,330
47382,-12,114,254
47387,-25,-84,213
47392,-47,-128,248
47397,19,117,249
47402,-1,6,278
47407,-84,-180,191
47412,-20,11,322
47417,12,96,271
47422,-52,-108,199
47427,32,-32,324
47432,-31,116,238
47437,-19,-32,237
47442,-73,-169,227
47447,36,50,276
47452,-9,55,285
47457,-46,-137,204
47462,-70,-25,329
47467,24,110,259
47472,24,110,259
47477,-35,-67,222
47482,5,-129,245
47487,-13,72,262
47492,-7,31,277
47497,-63,-161,212
47502,41,0,329
47507,-16,111,264
47512,-15,-77,215
47517,-75,-120,249
47522,7,111,256
47527,-3,18,277
47532,-90,-171,210
47537,17,4,328
47542,-13,104,255
47547,-27,-93,213
47552,-74,-101,273
47557,23,124,241
47562,-7,5,268
47567,-75,-170,202
47572,-22,3,322
47577,-7,102,269
47582,-38,-106,211
47587,-57,-71,288
47592,20,104,237
47597,-15,1,266
47602,-83,-180,187
47607,-29,15,319
47612,3,93,268
47617,-44,-119,208
47622,-36,-48,295
47627,9,110,232
47632,-19,-18,259
47637,-48,-182,202
47642,-30,19,312
47647,4,88,271
47652,-54,-112,195
47657,11,-38,317
47662,-27,104,232
47667,-20,-22,257
47672,-38,-178,204
47677,-14,22,285
47682,15,84,286
47687,-64,-114,205
47692,27,-44,336
47697,-22,123,236
47702,-34,-40,237
47707,-70,-171,225
47712,16,45,277
47717,7,70,289
47722,-63,-135,189
47727,-40,-43,327
47732,28,129,254
47737,-24,-53,241
47742,-53,-150,244
47747,-53,-150,244
47752,16,56,261
47757,-16,60,282
47762,-66,-134,203
47767,-66,-29,331
47772,32,132,256
47777,-33,-61,233
47782,-52,-143,235
47787,8,58,263
47792,-13,62,282
47797,-64,-140,208
47802,-55,-35,331
47807,39,137,264
47812,-29,-54,238
47817,-66,-155,242
47822,27,51,276
47827,-4,60,284
47832,-69,-134,203
47837,-59,-44,314
47842,13,132,240
47847,-21,-43,236
47852,-69,-164,230
47857,19,39,287
47862,1,72,299
47867,-57,-124,206
47872,16,-50,332
47877,-7,123,236
47882,-23,-35,248
47887,-31,-174,198
47892,-3,30,286
47897,21,89,281
47902,-49,-112,199
47907,20,-34,314
47912,-21,110,235
47917,-24,-26,261
47922,-37,-175,213
47927,-25,25,298
47932,9,87,270
47937,-53,-112,203
47942,9,-35,309
47947,-20,111,229
47952,-19,-20,259
47957,-50,-181,207
47962,-15,28,310
47967,8,92,265
47972,-53,-110,200
47977,-35,-54,304
47982,-2,113,236
47987,-7,-13,267
47992,-64,-187,195
47997,-26,11,315
48002,4,105,266
48007,-38,-104,211
48012,-59,-78,285
48017,25,119,247
48022,5,7,280
48027,5,7,280
48032,-72,-182,204
48037,-2,9,312
48042,-35,111,248
48047,-33,-96,205
48052,-71,-110,263
48057,20,109,248
48062,1,23,279
48067,-74,-174,217
48072,31,-4,340
48077,-14,116,257
48082,-25,-79,214
48087,-56,-135,256
48092,-6,93,251
48097,2,29,270
48102,-66,-159,209
48107,2,-2,330
48112,-12,114,254
48117,-22,-66,209
48122,1,-129,245
48127,-21,62,261
48132,-17,32,289
48137,-53,-139,218
48142,-61,-23,323
48147,36,130,254
48152,-22,-46,234
[FEATURES] f0=-20335 f1=31712 f2=37672 f3=-90000 f4=41000 f5=131000 f6=26308 f7=-18350 f8=98681 f9=100372 f10=-187000 f11=137000 f12=324000 f13=85420 f14=257035 f15=39905 f16=260114 f17=187000 f18=340000 f19=153000 f20=32457
[SCALED_FEATURES] f0=3428 f1=-657 f2=-847 f3=732 f4=-617 f5=-680 f6=-656 f7=-2744 f8=-468 f9=-463 f10=389 f11=-479 f12=-436 f13=-485 f14=-58 f15=-253 f16=-318 f17=266 f18=-237 f19=-254 f20=-277
[FEATURES_X] mean=-20335 std=31712 rms=37672 min=-90000 max=41000 p2p=131000 mad=26308
[FEATURES_Y] mean=-18350 std=98681 rms=100372 min=-187000 max=137000 p2p=324000 mad=85420
[FEATURES_Z] mean=257035 std=39905 rms=260114 min=187000 max=340000 p2p=153000 mad=32457
[CLASS] CLASS=normal ID=0 scores_x1000=[7730,2300,-10030]
[CLASS_STATS] condition=normal total_windows=48
predicted_count=[48,0,0]
correct_windows=48
accuracy_x1000=1000
current_prediction=0
[CLASS_TIMING] sample_interval_ms=5 window_acquisition_ms=900 feature_extract_ms=7 inference_ms=1 total_cycle_ms=972
48252,-3,58,257
48255,-3,58,257
48257,-12,58,279
48260,-12,58,279
48262,-73,-130,196
48265,-73,-130,196
48267,-13,-52,325
48270,-13,-52,325
48272,-13,124,237
48275,-13,124,237
48278,-33,-31,256
48280,-33,-31,256
48283,-29,-173,216
48285,-29,-173,216
48288,-23,20,312
48291,-23,20,312
48293,14,96,277
48295,14,96,277
48298,-25,-95,213
48300,-25,-95,213
48303,-73,-98,265
48306,-73,-98,265
48308,23,100,246
48311,23,100,246
48313,2,32,274
48315,2,32,274
48318,-60,-153,213
48320,-60,-153,213
48323,10,-6,315
48325,10,-6,315
48328,20,117,246
48330,20,117,246
48333,20,117,246
48335,-29,-49,231
48338,-29,-49,231
48340,-52,-145,237
48343,28,43,283
48346,28,43,283
48348,28,43,283
48352,8,79,299
48357,-61,-113,211
48362,28,-42,327
48367,-7,105,230
48372,-2,-5,268
48377,-69,-181,196
48382,-2,11,315
48387,-10,109,253
48392,-24,-79,215
48397,-17,-140,244
48402,-12,72,257
48407,-18,29,284
48412,-43,-138,219
48417,-70,-29,335
48422,17,140,250
48427,-26,-41,235
48432,-59,-169,209
48437,6,31,283
48442,6,86,284
48447,-59,-111,201
48452,6,-39,314
48457,-15,108,229
48462,-6,-12,267
48467,-78,-181,198
48472,9,5,327
48477,-14,115,252
48482,-28,-84,216
48487,-28,-134,247
48492,-11,75,251
48497,-18,31,284
48502,-49,-148,220
48507,-41,-10,324
48512,31,122,250
48517,-25,-55,235
48522,-38,-144,240
48527,4,58,256
48532,-15,43,278
48537,-48,-143,209
48542,-72,-24,329
48547,37,129,252
48552,-30,-67,233
48557,-50,-143,245
48562,3,59,263
48567,-13,52,278
48572,-49,-146,209
48577,-44,-8,329
48582,-44,-8,329
48587,34,132,245
48592,-28,-73,223
48597,-49,-136,238
48602,-2,56,260
48607,-12,57,278
48612,-64,-148,201
48617,-56,-28,325
48622,30,129,258
48627,-26,-55,236
48632,-53,-157,238
48637,27,49,284
48642,6,76,300
48647,-71,-126,207
48652,4,-56,331
48657,-8,120,235
48662,-30,-41,256
48667,-35,-169,201
48672,-22,25,287
48677,9,83,274
48682,-44,-106,203
48687,-5,-42,311
48692,-3,112,230
48697,-2,1,275
48702,-68,-188,193
48707,-2,8,316
48712,0,109,256
48717,-36,-98,209
48722,-64,-103,252
48727,19,106,256
48732,3,29,274
48737,-73,-172,215
48742,34,2,325
48747,-16,119,263
48752,-21,-79,215
48757,-17,-140,251
48762,-4,75,257
48767,-23,31,284
48772,-44,-148,225
48777,-47,-11,331
48782,33,120,250
48787,-23,-51,232
48792,-55,-149,247
48797,17,51,271
48802,8,69,295
48807,-62,-127,200
48812,-4,-60,338
48817,-20,119,234
48822,-38,-38,249
48827,-40,-171,217
48832,-16,22,301
48837,6,91,272
48842,-39,-109,209
48847,-22,-52,305
48852,10,107,239
48857,10,107,239
48862,6,6,278
48867,-80,-181,202
48872,12,-1,323
48877,-9,115,260
48882,-26,-84,215
48887,-17,-133,257
48892,-15,66,267
48897,-28,40,288
48902,-57,-145,217
48907,-55,-18,329
48912,28,132,257
48917,-14,-35,241
48922,-67,-162,233
48927,4,39,286
48932,18,81,292
48937,-55,-112,204
48942,11,-39,319
48947,-16,107,233
48952,-10,-14,273
48957,-73,-177,201
48962,-16,1,313
48967,-10,102,255
48972,-29,-73,223
48977,-24,-142,242
48982,-12,76,249
48987,-16,32,274
48992,-46,-156,218
48997,-44,-12,326
49002,33,125,246
49007,-19,-52,229
49012,-58,-166,228
49017,18,49,282
49022,4,72,297
49027,-61,-117,207
49032,24,-44,329
49037,-19,111,237
49042,-19,-13,262
49047,-71,-177,192
49052,17,11,326
49057,-25,101,261
49062,-26,-81,213
49067,-39,-132,242
49072,-8,83,245
49077,-11,29,264
49082,-54,-140,216
49087,-62,-28,324
49092,32,121,247
49097,-22,-48,229
49102,-61,-162,236
49107,14,44,286
49112,10,78,289
49117,-54,-113,202
49122,-12,-45,307
49127,29,113,236
49132,29,113,236
49137,0,10,279
49142,-72,-163,218
49147,-5,-7,327
49152,1,114,251
[FEATURES] f0=-18715 f1=29667 f2=35077 f3=-80000 f4=37000 f5=117000 f6=24355 f7=-15135 f8=96945 f9=98119 f10=-188000 f11=140000 f12=328000 f13=83974 f14=257805 f15=38383 f16=260646 f17=192000 f18=338000 f19=146000 f20=31655
[SCALED_FEATURES] f0=4001 f1=-695 f2=-902 f3=846 f4=-659 f5=-757 f6=-699 f7=-1760 f8=-477 f9=-475 f10=386 f11=-468 f12=-429 f13=-493 f14=19 f15=-277 f16=-300 f17=323 f18=-257 f19=-292 f20=-291
[FEATURES_X] mean=-18715 std=29667 rms=35077 min=-80000 max=37000 p2p=117000 mad=24355
[FEATURES_Y] mean=-15135 std=96945 rms=98119 min=-188000 max=140000 p2p=328000 mad=83974
[FEATURES_Z] mean=257805 std=38383 rms=260646 min=192000 max=338000 p2p=146000 mad=31655
[CLASS] CLASS=normal ID=0 scores_x1000=[9016,3127,-12144]
[CLASS_STATS] condition=normal total_windows=49
predicted_count=[49,0,0]
correct_windows=49
accuracy_x1000=1000
current_prediction=0
[CLASS_TIMING] sample_interval_ms=5 window_acquisition_ms=900 feature_extract_ms=6 inference_ms=0 total_cycle_ms=971
49252,-65,-131,215
49254,-65,-131,215
49257,-30,-40,324
49260,-19,119,229
49262,-19,119,229
49265,-16,-18,248
49267,-16,-18,248
49270,-60,-166,206
49273,-60,-166,206
49275,10,10,325
49278,10,10,325
49280,-19,110,256
49283,-19,110,256
49285,-19,-62,220
49288,-19,-62,220
49290,-50,-133,234
49293,-50,-133,234
49296,22,53,272
49298,22,53,272
49301,5,78,295
49303,5,78,295
49305,5,78,295
49307,-53,-97,212
49310,-53,-97,212
49313,-50,-93,265
49315,-50,-93,265
49318,3,102,258
49320,3,102,258
49323,-7,26,271
49325,-7,26,271
49327,-44,-131,219
49330,-44,-131,219
49333,-69,-33,322
49335,-69,-33,322
49338,2,129,246
49340,2,129,246
49343,-16,-15,247
49345,-16,-15,247
49348,-42,-163,213
49352,26,2,328
49357,-25,102,256
49362,-16,-62,218
49367,-4,-125,241
49372,29,52,266
49377,-8,65,287
49382,-61,-109,214
49387,-25,-40,310
49392,22,104,236
49397,-4,14,275
49402,-64,-158,228
49407,-64,-158,228
49412,-65,-23,339
49417,10,122,250
49422,-16,-31,229
49427,-39,-167,211
49432,-24,20,283
49437,13,79,272
49442,-34,-92,215
49447,-77,-105,258
49452,-3,86,243
49457,-18,18,272
49462,-43,-127,225
49467,-19,-31,334
49472,-13,117,225
49477,-16,-16,257
49482,-67,-170,202
49487,34,5,326
49492,-10,101,266
49497,-22,-52,229
49502,-63,-149,226
49507,2,36,295
49512,-2,76,274
49517,-30,-87,214
49522,-9,-127,240
49527,-2,60,259
49532,-21,46,283
49537,-77,-122,208
49542,-27,-42,305
49547,28,112,237
49552,4,24,279
