,-277,803,272
3202,3,352,270
3204,3,352,270
3206,-30,-929,200
3209,-30,-929,200
3211,120,-176,304
3214,120,-176,304
3217,-296,990,251
3219,-296,990,251
3222,26,-74,161
3225,26,-74,161
3230,78,-1024,186
3235,-95,320,260
3240,-205,830,238
3245,-3,-566,305
3250,212,-661,260
3255,-214,761,267
3260,-84,577,253
3265,-22,-887,229
3270,181,-342,350
3275,-337,901,247
3280,-29,39,181
3285,26,-1024,159
3290,-23,100,264
3295,-222,957,243
3300,102,-415,245
3305,139,-888,219
3310,-198,568,237
3315,-158,762,255
3320,-23,-659,282
3325,222,-538,323
3330,-214,852,275
3335,-21,398,282
3340,-36,-969,192
3345,164,-320,373
3350,-274,921,253
3355,-18,7,177
3360,6,-1024,168
3365,-25,129,260
3370,-222,912,226
3375,110,-457,265
3380,139,-864,232
3385,-178,614,253
3390,-125,714,241
3395,-53,-699,270
3400,194,-512,342
3405,-241,906,275
3410,1,324,268
3415,-32,-1016,173
3420,148,-234,338
3425,-278,927,260
3430,-28,-39,177
3435,45,-1016,178
3440,-42,142,265
3445,-42,142,265
3450,-225,926,228
3455,97,-449,280
3460,138,-835,227
3465,-156,577,247
3470,-147,751,250
3475,-39,-687,278
3480,214,-555,341
3485,-221,873,286
3490,-26,428,283
3495,5,-990,194
3500,191,-351,371
3505,-273,910,269
3510,-28,66,188
3515,-19,-1024,155
3520,10,95,270
3525,-230,958,241
3530,130,-376,230
3535,149,-881,228
3540,-174,543,242
3545,-127,750,254
3550,-39,-669,280
3555,214,-571,310
3560,-215,853,289
3565,-47,464,264
3570,-37,-962,207
3575,240,-295,359
3580,-306,944,248
3585,-27,37,201
3590,38,-1024,145
3595,23,23,274
3600,-225,970,243
3605,116,-299,201
3610,78,-968,204
3615,-45,375,238
3620,-197,828,241
3625,-10,-567,298
3630,248,-718,293
3635,-216,703,251
3640,-102,677,258
3645,-71,-768,269
3650,241,-504,329
3655,-280,864,284
3660,24,299,265
3665,-43,-971,183
3670,111,-202,299
3675,-247,928,244
3680,27,-43,203
3685,7,-1024,160
3690,-40,63,267
3695,-259,946,226
3700,105,-291,195
3705,115,-982,211
3710,115,-982,211
3715,-65,319,250
3720,-205,877,214
3725,27,-534,332
3730,177,-758,259
3735,-211,517,242
3740,-125,745,274
3745,6,-586,306
3750,221,-587,321
3755,-203,799,283
3760,-62,528,247
3765,-27,-891,227
3770,180,-360,359
3775,-290,905,260
3780,-32,98,236
3785,8,-1024,157
3790,43,-58,273
3795,-257,987,248
3800,99,-215,187
3805,46,-1017,185
3810,-65,297,244
3815,-199,831,227
3820,25,-515,327
3825,153,-754,252
3830,-200,562,225
3835,-153,750,263
3840,-24,-662,277
3845,242,-667,324
3850,-265,794,263
3855,-6,498,249
3860,-68,-879,228
3865,205,-458,381
3870,-249,946,281
3875,-9,230,248
3880,-46,-1018,162
3885,126,-193,317
3890,-319,954,227
3895,28,-83,192
3900,-20,-1024,175
3905,-7,78,254
3910,-224,962,247
3915,89,-238,184
3920,139,-1007,187
3925,-115,268,243
3930,-180,856,219
3935,60,-495,303
3940,161,-788,266
3945,-153,523,237
3950,-154,758,258
3955,-28,-581,308
3960,202,-632,270
3965,-254,841,269
3970,-58,549,255
3975,-47,-839,235
3980,-47,-839,235
3985,202,-499,365
3990,-253,945,275
3995,16,279,259
4000,-36,-1010,175
4005,156,-274,365
4010,-234,901,244
4015,-5,29,201
[FEATURES] f0=-35600 f1=152320 f2=156425 f3=-337000 f4=253000 f5=590000 f6=122375 f7=-14785 f8=694256 f9=694413 f10=-1024000 f11=990000 f12=2014000 f13=620532 f14=251215 f15=49620 f16=256068 f17=145000 f18=381000 f19=236000 f20=37417
[SCALED_FEATURES] f0=-1239 f1=1732 f2=1806 f3=-2301 f4=1750 f5=2049 f6=1592 f7=-1007 f8=3021 f9=3026 f10=-3195 f11=2982 f12=3095 f13=2969 f14=-679 f15=-31 f16=-416 f17=-305 f18=307 f19=311 f20=-137
[FEATURES_X] mean=-35600 std=152320 rms=156425 min=-337000 max=253000 p2p=590000 mad=122375
[FEATURES_Y] mean=-14785 std=694256 rms=694413 min=-1024000 max=990000 p2p=2014000 mad=620532
[FEATURES_Z] mean=251215 std=49620 rms=256068 min=145000 max=381000 p2p=236000 mad=37417
[CLASS] CLASS=rotor_unbalance ID=1 scores_x1000=[-6828,13525,-3888,-2809]
[CLASS_STATS] condition=rotor_unbalance total_windows=4
predicted_count=[0,4,0,0]
correct_windows=4
accuracy_x1000=1000
current_prediction=1
[CLASS_TIMING] sample_interval_ms=5 window_acquisition_ms=894 feature_extract_ms=8 inference_ms=1 total_cycle_ms=969
4121,177,-279,335
4123,-266,929,242
4126,-266,929,242
4128,-13,41,225
4131,-13,41,225
4133,-13,41,225
4135,-12,-1024,169
4138,-12,-1024,169
4141,51,-97,267
4143,51,-97,267
4146,-261,974,235
4148,-261,974,235
4151,49,-91,177
4153,49,-91,177
4155,104,-1024,167
4158,104,-1024,167
4161,-48,92,245
4163,-48,92,245
4166,-178,894,230
4168,-178,894,230
4171,99,-300,207
4173,99,-300,207
4176,86,-894,220
4178,86,-894,220
4181,-79,330,240
4183,-79,330,240
4186,-202,863,214
4188,-202,863,214
4191,61,-503,348
4193,61,-503,348
4196,136,-796,252
4198,136,-796,252
4201,-186,616,238
4203,-186,616,238
4206,-114,702,262
4209,-114,702,262
4211,-19,-638,274
4214,-19,-638,274
4216,244,-572,299
4219,244,-572,299
4221,-208,780,267
4225,-66,601,265
4230,-55,-772,264
4235,232,-474,321
4240,-302,840,269
4245,-302,840,269
4250,-44,442,256
4255,-84,-888,206
4260,176,-355,330
4265,-260,945,283
4270,4,253,262
4275,-50,-999,171
4280,176,-309,344
4285,-294,956,237
4290,24,37,241
4295,-45,-1024,168
4300,72,-118,285
4305,-258,995,226
4310,-11,-49,185
4315,27,-1024,165
4320,3,14,249
4325,-201,895,249
4330,71,-216,186
4335,37,-979,187
4340,-51,184,254
4345,-183,903,239
4350,98,-366,244
4355,83,-882,239
4360,-67,423,257
4365,-161,816,227
4370,-14,-550,322
4375,179,-681,283
4380,-184,562,231
4385,-159,780,253
4390,-38,-578,300
4395,248,-619,268
4400,-272,679,239
4405,-68,638,261
4410,-25,-730,256
4415,216,-585,338
4420,-228,869,288
4425,-40,430,245
4430,-50,-899,224
4435,192,-431,367
4440,-278,966,267
4445,60,111,282
4450,-51,-1024,153
4455,109,-205,287
4460,-258,949,247
4465,-11,56,192
4470,3,-1024,158
4475,29,-35,266
4480,-227,889,245
4485,66,-202,179
4490,37,-1007,198
4495,-54,189,266
4500,-194,902,235
4505,104,-376,217
4510,104,-376,217
4515,77,-887,227
4520,-126,473,246
4525,-190,823,246
4530,-14,-556,318
4535,188,-648,292
4540,-200,663,239
4545,-103,690,255
4550,-46,-701,303
4555,212,-504,310
4560,-245,795,282
4565,-43,452,250
4570,-27,-917,225
4575,145,-362,344
4580,-232,921,266
4585,-44,111,190
4590,8,-1024,151
4595,116,22,267
4600,-246,965,238
4605,131,-305,229
4610,144,-971,229
4615,-100,369,244
4620,-197,833,232
4625,8,-552,317
4630,183,-704,272
4635,-243,704,248
4640,-45,626,236
4645,-37,-769,247
4650,201,-477,341
4655,-231,914,281
4660,19,287,269
4665,-51,-988,180
4670,144,-221,341
4675,-299,935,242
4680,-31,-31,204
4685,-17,-1024,156
4690,-13,77,259
4695,-223,963,228
4700,104,-308,181
4705,121,-921,215
4710,-139,363,240
4715,-155,802,259
4720,7,-559,325
4725,186,-652,272
4730,-192,727,273
4735,-92,644,245
4740,-8,-802,261
4745,188,-471,340
4750,-283,989,250
4755,61,123,259
4760,-26,-1024,164
4765,37,-79,250
4770,-272,1003,242
4775,-272,1003,242
4780,80,-112,176
4785,86,-1024,179
4790,-80,210,249
4795,-192,879,221
4800,93,-499,324
4805,169,-760,235
4810,-173,658,250
4815,-106,674,257
4820,-16,-756,287
4825,164,-470,362
4830,-296,939,278
4835,68,111,260
4840,-27,-1024,156
4845,24,-68,279
4850,-251,1014,241
4855,106,-253,181
4860,103,-972,218
4865,-152,375,236
4870,-169,805,260
4875,2,-542,307
4880,184,-593,307
4885,-204,820,290
4890,-33,454,270
4895,-30,-957,208
4900,135,-278,368
4905,-338,994,236
4910,61,-118,187
4915,6,-1024,173
4920,-61,210,255
4925,-220,893,218
4930,101,-567,297
4935,195,-798,237
4940,-221,631,246
4945,-109,661,241
4950,-8,-828,239
4955,186,-450,361
4960,-253,973,269
4965,2,104,205
4970,29,-1024,146
4975,134,5,281
4980,-261,920,227
4985,89,-394,275
4990,200,-906,232
4995,-173,554,248
5000,-141,715,247
5005,-39,-713,274
5010,225,-515,333
5015,-283,849,273
[FEATURES] f0=-34655 f1=147957 f2=151961 f3=-338000 f4=248000 f5=586000 f6=122050 f7=-7220 f8=690905 f9=690943 f10=-1024000 f11=1014000 f12=2038000 f13=612995 f14=248660 f15=46891 f16=253042 f17=146000 f18=368000 f19=222000 f20=35149
[SCALED_FEATURES] f0=-1114 f1=1647 f2=1710 f3=-2313 f4=1694 f5=2026 f6=1584 f7=18 f8=3001 f9=3006 f10=-3195 f11=3080 f12=3146 f13=2920 f14=-969 f15=-78 f16=-527 f17=-293 f18=167 f19=230 f20=-180
[FEATURES_X] mean=-34655 std=147957 rms=151961 min=-338000 max=248000 p2p=586000 mad=122050
[FEATURES_Y] mean=-7220 std=690905 rms=690943 min=-1024000 max=1014000 p2p=2038000 mad=612995
[FEATURES_Z] mean=248660 std=46891 rms=253042 min=146000 max=368000 p2p=222000 mad=35149
[CLASS] CLASS=rotor_unbalance ID=1 scores_x1000=[-7308,13453,-3130,-3013]
[CLASS_STATS] condition=rotor_unbalance total_windows=5
predicted_count=[0,5,0,0]
correct_windows=5
accuracy_x1000=1000
current_prediction=1
[CLASS_TIMING] sample_interval_ms=5 window_acquisition_ms=894 feature_extract_ms=8 inference_ms=1 total_cycle_ms=969
5121,105,-371,175
5123,103,-908,219
5126,103,-908,219
5128,-143,475,232
5131,-143,475,232
5133,-174,799,258
5136,-174,799,258
5139,-14,-621,288
5141,-14,-621,288
5144,232,-559,316
5146,232,-559,316
5149,-163,822,274
5151,-163,822,274
5154,-47,466,278
5156,-47,466,278
5159,-34,-936,219
5162,-34,-936,219
5164,201,-234,370
5167,201,-234,370
5169,-280,916,259
5172,-280,916,259
5174,28,-25,176
5177,28,-25,176
5179,32,-1024,165
5182,32,-1024,165
5184,-38,119,261
5187,-38,119,261
5189,-217,927,233
5192,-217,927,233
5194,126,-479,249
5197,126,-479,249
5200,144,-870,223
5202,144,-870,223
5205,-142,595,238
5207,-142,595,238
5210,-122,669,250
5212,-122,669,250
5215,5,-695,273
5217,5,-695,273
5220,257,-518,381
5222,257,-518,381
5225,-222,936,272
5230,2,300,292
5235,-27,-1024,171
5240,154,-35,307
5245,-284,960,250
5250,80,-230,148
5255,87,-982,207
5260,-92,336,240
5265,-213,895,241
5270,66,-557,329
5275,201,-749,267
5280,-236,813,294
5285,-51,510,243
5290,-26,-915,221
5295,159,-283,340
5300,-232,949,274
5305,6,33,184
5310,6,33,184
5315,23,-1024,149
5320,-24,122,260
5325,-217,868,227
5330,98,-458,256
5335,171,-805,227
5340,-171,566,236
5345,-115,715,264
5350,-10,-686,285
5355,187,-525,329
5360,-285,974,258
5365,66,187,274
5370,-46,-1024,158
5375,45,-102,281
5380,-283,991,265
5385,86,-193,176
5390,98,-976,192
5395,-116,309,240
5400,-201,840,264
5405,15,-550,321
5410,212,-638,269
5415,-214,779,279
5420,-50,526,273
5425,-22,-915,216
5430,143,-284,355
5435,-307,961,242
5440,-19,-45,186
5445,13,-1024,157
5450,-48,126,247
5455,-228,919,221
5460,115,-499,280
5465,179,-783,244
5470,-200,522,238
5475,-101,685,261
5480,-8,-661,286
5485,200,-566,346
5490,-230,870,276
5495,-28,269,243
5500,-45,-979,168
5505,95,-100,294
5510,-285,971,234
5515,55,-188,190
5520,69,-1018,189
5525,-61,267,258
5530,-207,893,223
5535,50,-568,311
5540,196,-678,258
5545,-210,635,268
5550,-119,660,247
5555,-13,-790,258
5560,155,-434,378
5565,-249,943,262
5570,-37,117,205
5575,-37,117,205
5580,17,-1024,150
5585,72,17,279
5590,-229,912,249
5595,129,-367,231
5600,146,-873,234
5605,-111,474,254
5610,-177,803,264
5615,-10,-589,295
5620,207,-650,304
5625,-284,797,261
5630,-5,432,260
5635,-14,-958,194
5640,158,-247,322
5645,-251,996,262
5650,3,71,196
5655,4,-1024,147
5660,157,-101,283
5665,-284,961,231
5670,111,-257,196
5675,67,-946,209
5680,-66,343,252
5685,-192,869,218
5690,45,-556,317
5695,196,-720,268
5700,-238,555,238
5705,-95,675,252
5710,-26,-654,275
5715,191,-494,366
5720,-235,878,288
5725,-33,350,254
5730,-50,-957,174
5735,149,-265,336
5740,-292,961,248
5745,-7,-41,201
5750,-29,-1024,164
5755,-31,105,248
5760,-227,942,229
5765,124,-346,197
5770,108,-903,226
5775,-134,395,239
5780,-181,809,256
5785,-11,-551,309
5790,211,-599,284
5795,-192,769,289
5800,-51,555,281
5805,-21,-881,231
5810,195,-339,344
5815,-282,989,255
5820,62,-4,235
5825,-54,-1024,163
5830,19,3,260
5835,-231,976,236
5840,-231,976,236
5845,121,-298,193
5850,153,-980,205
5855,-120,351,249
5860,-179,816,259
5865,-1,-565,313
5870,214,-623,263
5875,-195,749,275
5880,-79,557,247
5885,-31,-810,259
5890,200,-458,354
5895,-295,1005,260
5900,27,108,267
5905,-53,-1004,164
5910,73,-102,268
5915,-289,1016,245
5920,45,-152,168
5925,37,-1024,181
5930,-53,231,252
5935,-179,843,217
5940,69,-517,326
5945,154,-793,242
5950,-164,567,244
5955,-115,739,277
5960,16,-645,283
5965,191,-579,322
5970,-251,903,285
5975,-3,370,268
5980,-34,-954,188
5985,160,-307,328
5990,-232,950,268
5995,-16,73,207
6000,-20,-1024,153
6005,39,-38,264
6010,-244,909,251
6015,74,-211,185
[FEATURES] f0=-29035 f1=147734 f2=150560 f3=-307000 f4=257000 f5=564000 f6=121047 f7=-14510 f8=689460 f9=689613 f10=-1024000 f11=1016000 f12=2040000 f13=613764 f14=250560 f15=49665 f16=255434 f17=147000 f18=381000 f19=234000 f20=37643
[SCALED_FEATURES] f0=-369 f1=1643 f2=1680 f3=-1949 f4=1794 f5=1899 f6=1561 f7=-969 f8=2992 f9=2998 f10=-3195 f11=3088 f12=3150 f13=2925 f14=-753 f15=-30 f16=-440 f17=-280 f18=307 f19=300 f20=-133
[FEATURES_X] mean=-29035 std=147734 rms=150560 min=-307000 max=257000 p2p=564000 mad=121047
[FEATURES_Y] mean=-14510 std=689460 rms=689613 min=-1024000 max=1016000 p2p=2040000 mad=613764
[FEATURES_Z] mean=250560 std=49665 rms=255434 min=147000 max=381000 p2p=234000 mad=37643
[CLASS] CLASS=rotor_unbalance ID=1 scores_x1000=[-6925,13686,-1054,-5707]
[CLASS_STATS] condition=rotor_unbalance total_windows=6
predicted_count=[0,6,0,0]
correct_windows=6
accuracy_x1000=1000
current_prediction=1
[CLASS_TIMING] sample_interval_ms=5 window_acquisition_ms=894 feature_extract_ms=8 inference_ms=1 total_cycle_ms=969
6121,114,-142,295
6123,114,-142,295
6126,-282,944,229
6128,-282,944,229
6131,85,-212,188
6133,85,-212,188
6136,-15,-973,193
6139,-15,-973,193
6141,-46,195,257
6144,-46,195,257
6146,-46,195,257
6149,-201,899,234
6151,-201,899,234
6154,102,-388,240
6156,102,-388,240
6159,108,-883,237
6161,108,-883,237
6164,-130,500,240
6167,-157,749,250
6169,-157,749,250
6172,-13,-560,314
6174,-13,-560,314
6177,183,-684,279
6179,183,-684,279
6182,-211,683,255
6185,-211,683,255
6187,-82,727,249
6190,-82,727,249
6192,-3,-704,273
6195,-3,-704,273
6197,-3,-704,273
6200,238,-632,318
6202,238,-632,318
6205,-267,883,269
6207,-267,883,269
6210,-68,455,250
6212,-68,455,250
6215,-88,-842,218
6217,-88,-842,218
6220,205,-439,347
6222,205,-439,347
6225,-250,938,270
6230,-6,231,267
6235,-51,-1018,171
6240,132,-155,334
6245,-222,870,259
6250,11,-60,199
6255,15,-1024,162
6260,-1,-6,262
6265,-230,955,244
6270,57,-250,161
6275,24,-1015,182
6280,-57,286,264
6285,-192,860,229
6290,86,-458,303
6295,141,-843,242
6300,-115,456,234
6305,-190,836,236
6310,-4,-520,350
6315,182,-732,266
6320,-217,711,254
6325,-86,674,257
6330,-18,-685,270
6335,231,-581,323
6340,-213,832,283
6345,-58,502,231
6350,-72,-805,234
6355,194,-456,349
6360,-302,871,265
6365,-17,240,257
6370,-17,240,257
6375,-58,-966,166
6380,116,-212,308
6385,-229,976,242
6390,17,40,238
6395,-34,-1024,163
6400,148,-156,271
6405,-275,924,223
6410,55,-117,203
6415,-16,-1024,159
6420,10,1,262
6425,-243,941,226
6430,50,-167,174
6435,-28,-1024,160
6440,1,152,276
6445,-216,919,241
6450,83,-270,175
6455,24,-947,202
6460,-52,243,251
6465,-183,907,243
6470,113,-311,234
6475,35,-912,212
6480,-67,351,256
6485,-162,828,229
6490,112,-457,299
6495,114,-774,266
6500,-86,397,243
6505,-164,862,227
6510,62,-447,350
6515,137,-823,241
6520,-130,509,246
6525,-146,760,241
6530,-20,-525,325
6535,174,-647,268
6540,-179,582,243
6545,-129,794,250
6550,-20,-595,318
6555,236,-690,285
6560,-240,705,252
6565,-81,675,260
6570,-18,-673,278
6575,240,-562,321
6580,-209,788,276
6585,-57,598,269
6590,-43,-740,261
6595,225,-559,338
6600,-277,828,251
6605,-89,509,250
6610,-68,-844,226
6615,159,-444,343
6620,-228,904,284
6625,6,327,254
6630,-88,-946,195
6635,336,-410,332
6640,336,-410,332
6645,-301,912,230
6650,24,141,279
6655,-16,-1024,173
6660,114,-222,305
6665,-234,975,241
6670,39,32,237
6675,-40,-1024,161
6680,144,-167,286
6685,-266,924,215
6690,65,-108,216
6695,-34,-1024,161
6700,36,-62,258
6705,-248,956,219
6710,48,-111,193
6715,-37,-1024,151
6720,66,36,281
6725,-260,918,238
6730,75,-228,154
6735,27,-994,176
6740,-35,137,250
6745,-208,954,246
6750,85,-212,190
6755,-9,-1007,190
6760,-49,234,265
6765,-210,884,240
6770,99,-340,221
6775,59,-928,219
6780,-61,294,247
6785,-179,886,247
6790,114,-335,251
6795,43,-913,230
6800,-95,391,254
6805,-157,807,226
6810,83,-455,324
6815,132,-820,258
6820,-87,386,249
6825,-167,868,228
6830,80,-459,327
6835,119,-807,232
6840,-121,490,263
6845,-151,776,221
6850,38,-524,334
6855,192,-745,279
6860,-126,444,233
6865,-158,833,227
6870,53,-495,345
6875,175,-832,264
6880,-138,487,244
6885,-127,775,238
6890,28,-498,338
6895,126,-673,274
6900,-109,443,251
6905,-109,443,251
6910,-136,825,228
6915,64,-451,319
6920,128,-833,250
6925,-107,446,253
6930,-148,786,228
6935,42,-488,345
6940,174,-763,270
6945,-103,400,250
6950,-146,880,223
6955,72,-433,326
6960,82,-772,228
6965,-115,430,247
6970,-128,764,236
6975,50,-495,329
6980,171,-749,280
6985,-109,412,245
6990,-154,841,224
6995,48,-449,351
7000,112,-808,238
7005,-140,423,251
7010,-158,792,234
7015,28,-490,338
[FEATURES] f0=-27035 f1=139173 f2=141774 f3=-302000 f4=336000 f5=638000 f6=114975 f7=-17280 f8=672269 f9=672491 f10=-1024000 f11=976000 f12=2000000 f13=608648 f14=252680 f15=45337 f16=256715 f17=151000 f18=351000 f19=200000 f20=33751
[SCALED_FEATURES] f0=-104 f1=1477 f2=1492 f3=-1891 f4=2666 f5=2327 f6=1422 f7=-1345 f8=2891 f9=2897 f10=-3195 f11=2925 f12=3066 f13=2892 f14=-512 f15=-105 f16=-393 f17=-231 f18=-14 f19=101 f20=-206
[FEATURES_X] mean=-27035 std=139173 rms=141774 min=-302000 max=336000 p2p=638000 mad=114975
[FEATURES_Y] mean=-17280 std=672269 rms=672491 min=-1024000 max=976000 p2p=2000000 mad=608648
[FEATURES_Z] mean=252680 std=45337 rms=256715 min=151000 max=351000 p2p=200000 mad=33751
[CLASS] CLASS=rotor_unbalance ID=1 scores_x1000=[-8886,13336,-261,-4189]
[CLASS_STATS] condition=rotor_unbalance total_windows=7
predicted_count=[0,7,0,0]
correct_windows=7
accuracy_x1000=1000
current_prediction=1
[CLASS_TIMING] sample_interval_ms=5 window_acquisition_ms=894 feature_extract_ms=8 inference_ms=1 total_cycle_ms=969
7121,218,-592,329
7123,218,-592,329
7126,-256,815,267
7128,-256,815,267
7131,-31,500,255
7133,-31,500,255
7136,-68,-773,251
7138,-68,-773,251
7141,194,-517,344
7144,194,-517,344
7146,-214,852,287
7149,-214,852,287
7151,-34,479,248
7154,-34,479,248
7156,-64,-777,251
7159,-64,-777,251
7161,199,-512,362
7164,199,-512,362
7167,-281,826,250
7169,-281,826,250
7172,-68,421,250
7174,-68,421,250
7177,-90,-847,204
7179,-90,-847,204
7182,170,-431,333
7184,170,-431,333
7187,-230,907,282
7189,-230,907,282
7192,-13,344,252
7195,-13,344,252
7197,-84,-914,200
7200,-84,-914,200
7202,258,-453,342
7205,258,-453,342
7207,-285,869,261
7210,-285,869,261
7212,-39,329,267
7215,-39,329,267
7217,-89,-908,199
7220,-89,-908,199
7223,150,-389,316
7225,150,-389,316
7230,-227,910,281
7235,-31,286,261
7240,-127,-916,199
7245,160,-365,319
7250,-305,884,256
7255,-36,325,265
7260,-75,-918,191
7265,161,-401,319
7270,-228,938,274
7275,-56,266,256
7280,-116,-911,189
7285,160,-335,306
7290,-271,894,266
7295,-33,317,270
7300,-78,-917,199
7305,166,-375,314
7310,-231,938,274
7315,-29,317,272
7320,-101,-929,193
7325,175,-322,308
7330,-266,906,265
7335,-30,318,271
7340,-69,-933,195
7345,178,-366,333
7350,-241,967,263
7355,1,255,272
7360,-75,-1002,172
7365,216,-314,347
7370,-249,881,265
7375,38,145,269
7380,15,-1024,162
7385,92,-186,282
7390,-242,952,235
7395,1,-20,206
7400,-29,-1024,156
7405,92,-96,285
7410,-252,907,249
7415,37,-119,198
7420,-4,-1017,154
7425,7,-22,256
7430,-232,920,227
7435,58,-156,183
7440,58,-156,183
7445,-7,-1024,152
7450,30,75,276
7455,-225,891,235
7460,44,-198,173
7465,33,-992,176
7470,-26,85,252
7475,-218,918,234
7480,71,-185,197
7485,-13,-1021,159
7490,-2,84,261
7495,-226,868,229
7500,45,-192,177
7505,1,-951,160
7510,-3,1,254
7515,-213,898,226
7520,27,-92,203
7525,-45,-1024,153
7530,116,-82,287
7535,-246,883,237
7540,34,-69,208
7545,-21,-1018,159
7550,68,-132,271
7555,-235,948,240
7560,39,38,253
7565,-52,-1024,158
7570,196,-197,317
7575,-255,887,256
7580,35,66,259
7585,-68,-995,167
7590,139,-312,282
7595,-229,911,245
7600,-9,124,282
7605,-88,-987,175
7610,187,-391,329
7615,-300,948,243
7620,13,205,289
7625,-21,-997,170
7630,165,-368,316
7635,-275,975,251
7640,28,179,297
7645,-105,-974,173
7650,222,-353,325
7655,-314,931,231
7660,40,87,292
7665,-53,-989,169
7670,148,-246,307
7675,-258,948,260
7680,40,95,267
7685,-75,-1022,167
7690,206,-202,319
7695,-254,901,249
7700,46,17,234
7705,-18,-1024,151
7710,-18,-1024,151
7715,27,-171,260
7720,-218,923,229
7725,13,-67,202
7730,-27,-1024,150
7735,55,-32,284
7740,-272,922,231
7745,43,-140,191
7750,49,-1024,165
7755,-27,45,257
7760,-221,941,244
7765,74,-191,187
7770,0,-1022,170
7775,9,173,267
7780,-202,879,244
7785,94,-296,192
7790,55,-931,211
7795,-71,248,254
7800,-170,903,247
7805,97,-286,222
7810,23,-930,200
7815,-65,310,264
7820,-155,844,233
7825,105,-379,258
7830,82,-872,239
7835,-71,289,238
7840,-165,888,259
7845,103,-324,230
7850,46,-910,227
7855,-66,312,258
7860,-162,829,234
7865,102,-362,258
7870,44,-858,227
7875,-67,273,247
7880,-167,892,253
7885,107,-274,195
7890,36,-921,210
7895,-12,239,257
7900,-177,855,238
7905,118,-281,203
7910,52,-893,220
7915,-47,168,253
7920,-174,898,253
7925,79,-171,186
7930,-10,-1002,174
7935,30,79,272
7940,-246,881,241
7945,83,-158,193
7950,-18,-951,160
7955,16,-2,252
7960,-235,927,232
7965,39,-78,206
7970,-63,-1024,153
7975,-63,-1024,153
7980,108,-53,296
7985,-272,880,229
7990,50,-72,202
7995,-38,-991,164
8000,46,-137,269
8005,-241,948,238
8010,28,20,242
8015,-68,-1024,156
[FEATURES] f0=-36040 f1=140159 f2=144718 f3=-314000 f4=258000 f5=572000 f6=112354 f7=-52355 f8=685367 f9=687363 f10=-1024000 f11=975000 f12=1999000 f13=583843 f14=241610 f15=50257 f16=246781 f17=150000 f18=362000 f19=212000 f20=40186
[SCALED_FEATURES] f0=-1297 f1=1496 f2=1555 f3=-2031 f4=1805 f5=1945 f6=1362 f7=-6102 f8=2968 f9=2985 f10=-3195 f11=2921 f12=3064 f13=2731 f14=-1772 f15=-20 f16=-756 f17=-244 f18=103 f19=171 f20=-85
[FEATURES_X] mean=-36040 std=140159 rms=144718 min=-314000 max=258000 p2p=572000 mad=112354
[FEATURES_Y] mean=-52355 std=685367 rms=687363 min=-1024000 max=975000 p2p=1999000 mad=583843
[FEATURES_Z] mean=241610 std=50257 rms=246781 min=150000 max=362000 p2p=212000 mad=40186
[CLASS] CLASS=rotor_unbalance ID=1 scores_x1000=[-8946,14200,-6553,1298]
[CLASS_STATS] condition=rotor_unbalance total_windows=8
predicted_count=[0,8,0,0]
correct_windows=8
accuracy_x1000=1000
current_prediction=1
[CLASS_TIMING] sample_interval_ms=5 window_acquisition_ms=894 feature_extract_ms=8 inference_ms=1 total_cycle_ms=969
8121,130,-254,303
8123,-235,951,257
8126,-235,951,257
8129,-14,92,262
8131,-14,92,262
8133,-14,92,262
8136,-67,-1014,167
8138,-67,-1014,167
8141,201,-241,327
8144,-232,888,264
8146,-232,888,264
8149,46,69,264
8151,46,69,264
8153,46,69,264
8156,-24,-1024,167
8158,-24,-1024,167
8161,84,-233,274
8163,84,-233,274
8166,-214,933,240
8169,-214,933,240
8171,16,57,244
8173,16,57,244
8176,-46,-1024,164
8178,-46,-1024,164
8181,187,-191,318
8184,187,-191,318
8186,-263,926,254
8189,-263,926,254
8191,33,52,244
8194,33,52,244
8196,-11,-1024,164
8199,-11,-1024,164
8201,60,-181,272
8204,60,-181,272
8206,-224,955,234
8209,-224,955,234
8211,29,4,230
8214,29,4,230
8216,-44,-1024,161
8218,-44,-1024,161
8221,130,-123,291
8225,-277,906,230
8230,45,-61,209
8235,-6,-1024,154
8240,-6,-1024,154
8245,9,-53,259
8250,-241,930,227
8255,39,-121,198
8260,-38,-1024,174
8265,34,83,265
8270,-229,894,249
8275,83,-257,175
8280,80,-961,195
8285,-57,185,255
8290,-174,916,251
8295,81,-256,203
8300,-1,-927,197
8305,-63,265,251
8310,-145,830,253
8315,92,-330,196
8320,73,-841,222
8325,-68,235,254
8330,-156,908,258
8335,78,-231,192
8340,14,-943,189
8345,-36,182,246
8350,-192,863,256
8355,83,-223,184
8360,13,-943,171
8365,-28,91,256
8370,-193,909,229
8375,47,-123,193
8380,-38,-990,164
8385,53,-11,278
8390,-251,905,225
8395,49,-90,195
8400,-10,-964,163
8405,37,-123,268
8410,-208,932,237
8415,24,53,253
8420,-91,-1017,154
8425,226,-251,328
8430,-281,897,258
8435,41,96,268
8440,-88,-960,164
8445,169,-340,309
8450,-239,933,262
8455,-30,291,274
8460,-160,-907,205
8465,192,-412,296
8470,-284,829,268
8475,-53,339,250
8480,-115,-834,214
8485,176,-492,317
8490,-216,829,275
8495,-37,468,254
8500,-105,-732,270
8505,-105,-732,270
8510,320,-605,333
8515,-290,691,229
8520,-97,551,265
8525,-79,-630,281
8530,227,-600,304
8535,-203,637,243
8540,-142,684,232
8545,-52,-535,334
8550,223,-691,278
8555,-177,491,239
8560,-145,753,236
8565,45,-461,339
8570,150,-720,263
8575,-97,345,248
8580,-141,852,247
8585,89,-267,194
8590,53,-895,204
8595,-12,192,267
8600,-203,863,241
8605,91,-176,194
8610,-4,-936,174
8615,8,-12,252
8620,-193,929,233
8625,43,9,246
8630,-46,-1024,157
8635,215,-232,331
8640,-285,886,251
8645,17,159,268
8650,-133,-923,173
8655,176,-409,314
8660,-203,851,275
8665,-44,429,265
8670,-143,-744,256
8675,290,-567,314
8680,-298,653,229
8685,-109,603,242
8690,-59,-536,309
8695,190,-654,285
8700,-147,422,241
8705,-136,748,249
8710,78,-345,246
8715,109,-840,214
8720,-38,164,234
8725,-184,844,243
8730,71,-129,206
8735,-21,-934,165
8740,91,-171,271
8745,-221,912,243
8750,-12,230,251
8755,-152,-914,166
8760,219,-398,275
8765,-311,743,241
8770,-42,456,265
8775,-42,456,265
8780,-98,-664,280
8785,221,-577,315
8790,-186,510,245
8795,-105,717,257
8800,63,-357,269
8805,98,-836,217
8810,-21,91,254
8815,-190,846,233
8820,43,31,271
8825,-69,-961,170
8830,194,-410,313
8835,-231,776,256
8840,-38,486,242
8845,-145,-606,279
8850,213,-644,291
8855,-180,391,239
8860,-99,779,261
8865,45,-150,228
8870,10,-871,182
8875,129,-233,295
8880,-220,832,245
8885,-24,386,230
8890,-149,-666,253
8895,206,-604,296
8900,-202,391,237
8905,-68,761,257
8910,16,-111,250
8915,-20,-890,165
8920,158,-294,304
8925,-208,785,249
8930,-43,427,244
8935,-147,-589,264
8940,189,-682,274
8945,-173,236,232
8950,-114,812,242
8955,25,-8,273
8960,-78,-926,160
8965,178,-384,299
8970,-219,768,260
8975,-35,502,244
8980,-134,-525,289
8985,168,-680,252
8990,-142,153,224
8995,-136,832,246
9000,23,43,268
9005,-94,-936,168
9010,198,-402,297
9015,-238,764,265
[FEATURES] f0=-36065 f1=138829 f2=143437 f3=-311000 f4=320000 f5=631000 f6=113015 f7=-34715 f8=653902 f9=654823 f10=-1024000 f11=955000 f12=1979000 f13=560965 f14=242875 f15=43498 f16=246739 f17=154000 f18=339000 f19=185000 f20=33500
[SCALED_FEATURES] f0=-1300 f1=1470 f2=1528 f3=-1996 f4=2489 f5=2286 f6=1377 f7=-3709 f8=2783 f9=2793 f10=-3195 f11=2839 f12=3022 f13=2583 f14=-1628 f15=-136 f16=-758 f17=-194 f18=-143 f19=14 f20=-211
[FEATURES_X] mean=-36065 std=138829 rms=143437 min=-311000 max=320000 p2p=631000 mad=113015
[FEATURES_Y] mean=-34715 std=653902 rms=654823 min=-1024000 max=955000 p2p=1979000 mad=560965
[FEATURES_Z] mean=242875 std=43498 rms=246739 min=154000 max=339000 p2p=185000 mad=33500
[CLASS] CLASS=rotor_unbalance ID=1 scores_x1000=[-9974,13276,-5435,2133]
[CLASS_STATS] condition=rotor_unbalance total_windows=9
predicted_count=[0,9,0,0]
correct_windows=9
accuracy_x1000=1000
current_prediction=1
[CLASS_TIMING] sample_interval_ms=5 window_acquisition_ms=894 feature_extract_ms=8 inference_ms=0 total_cycle_ms=969
9121,-40,-384,309
9123,80,-713,241
9126,80,-713,241
9128,23,-91,258
9131,23,-91,258
9133,-171,823,246
9136,-171,823,246
9138,-18,287,263
9141,-18,287,263
9143,-163,-791,201
9146,-163,-791,201
9149,243,-490,300
9151,243,-490,300
9154,-160,489,256
9156,-160,489,256
9159,-70,663,226
9161,-70,663,226
9164,17,-294,226
9166,17,-294,226
9169,35,-808,206
9171,35,-808,206
9174,150,-137,294
9176,150,-137,294
9179,-236,809,236
9182,-236,809,236
9184,-10,296,267
9187,-10,296,267
9189,-165,-745,219
9192,-165,-745,219
9194,227,-516,305
9197,227,-516,305
9200,-205,480,256
9202,-205,480,256
9205,-79,729,232
9207,-79,729,232
9210,32,-201,206
9212,32,-201,206
9215,3,-865,189
9217,3,-865,189
9219,125,-291,304
9222,125,-291,304
9225,-233,797,251
9230,2,385,248
9235,-164,-641,260
9240,212,-591,305
9245,-164,369,250
9250,-83,725,231
9255,22,-173,219
9260,-20,-895,167
9265,193,-280,330
9270,-265,784,250
9275,-1,405,247
9280,-149,-645,264
9285,199,-592,309
9290,-159,377,252
9295,-114,774,234
9300,29,-169,200
9305,43,-918,179
9310,43,-918,179
9315,140,-307,307
9320,-237,834,262
9325,-4,380,267
9330,-152,-728,238
9335,237,-524,321
9340,-218,531,251
9345,-91,703,253
9350,49,-358,262
9355,123,-878,209
9360,16,-59,240
9365,-209,866,241
9370,42,130,287
9375,-118,-924,172
9380,244,-405,287
9385,-259,820,275
9390,-53,512,249
9395,-137,-657,277
9400,239,-586,297
9405,-196,418,255
9410,-101,748,249
9415,78,-268,219
9420,47,-846,205
9425,10,28,253
9430,-205,865,225
9435,42,77,274
9440,-83,-902,174
9445,208,-404,293
9450,-266,794,266
9455,-27,457,259
9460,-124,-650,270
9465,222,-592,312
9470,-170,442,247
9475,-93,695,236
9480,43,-284,227
9485,76,-846,202
9490,65,-129,260
9495,-216,853,255
9500,13,234,277
9505,-143,-849,172
9510,226,-425,290
9515,-241,738,264
9520,-60,585,239
9525,-125,-512,312
9530,166,-688,245
9535,-91,223,241
9540,-175,828,230
9545,48,-67,232
9550,-60,-921,165
9555,173,-298,300
9560,-281,914,265
9565,-9,392,268
9570,-153,-755,239
9575,-153,-755,239
9580,274,-486,317
9585,-256,582,254
9590,-59,646,268
9595,14,-413,322
9600,102,-773,231
9605,-44,137,242
9610,-159,842,225
9615,46,-16,265
9620,-14,-946,165
9625,178,-386,302
9630,-261,832,278
9635,10,397,249
9640,-149,-724,234
9645,236,-533,320
9650,-230,624,251
9655,-87,630,250
9660,-52,-461,338
9665,162,-718,242
9670,-67,193,253
9675,-180,833,228
9680,48,-86,215
9685,-28,-963,157
9690,146,-213,287
9695,-207,910,272
9700,0,291,272
9705,-170,-878,191
9710,237,-442,293
9715,-279,720,253
9720,-52,547,256
9725,-99,-576,295
9730,195,-639,290
9735,-153,417,242
9740,-98,742,254
9745,80,-290,227
9750,85,-828,212
9755,-10,-1,243
9760,-195,859,238
9765,72,-9,261
9770,-65,-970,157
9775,181,-291,295
9780,-238,907,279
9785,-9,348,268
9790,-170,-800,201
9795,246,-459,305
9800,-288,700,249
9805,-57,566,258
9810,-69,-547,312
9815,189,-639,283
9820,-139,411,245
9825,-156,753,237
9830,73,-304,225
9835,75,-842,207
9840,75,-842,207
9845,14,42,252
9850,-228,864,228
9855,65,-42,238
9860,-63,-984,164
9865,163,-227,289
9870,-252,925,268
9875,-3,280,269
9880,-192,-841,177
9885,232,-423,304
9890,-265,778,265
9895,-32,474,267
9900,-98,-644,285
9905,220,-587,310
9910,-187,560,248
9915,-111,662,220
9920,11,-451,329
9925,158,-705,239
9930,-87,254,255
9935,-158,839,243
9940,73,-173,195
9945,-24,-894,175
9950,40,-16,257
9955,-200,915,246
9960,58,43,271
9965,-68,-983,171
9970,190,-373,300
9975,-268,860,268
9980,-1,336,260
9985,-142,-815,216
9990,214,-470,311
9995,-234,728,252
10000,-71,512,277
10005,-109,-627,277
10010,225,-582,297
10015,-179,475,244
[FEATURES] f0=-29505 f1=146530 f2=149471 f3=-288000 f4=274000 f5=562000 f6=122810 f7=-41750 f8=613106 f9=614526 f10=-984000 f11=925000 f12=1909000 f13=551097 f14=250935 f15=38446 f16=253863 f17=157000 f18=338000 f19=181000 f20=29717
[SCALED_FEATURES] f0=-431 f1=1619 f2=1657 f3=-1726 f4=1981 f5=1888 f6=1601 f7=-4663 f8=2544 f9=2555 f10=-3024 f11=2717 f12=2875 f13=2519 f14=-710 f15=-223 f16=-497 f17=-157 f18=-153 f19=-9 f20=-283
[FEATURES_X] mean=-29505 std=146530 rms=149471 min=-288000 max=274000 p2p=562000 mad=122810
[FEATURES_Y] mean=-41750 std=613106 rms=614526 min=-984000 max=925000 p2p=1909000 mad=551097
[FEATURES_Z] mean=250935 std=38446 rms=253863 min=157000 max=338000 p2p=181000 mad=29717
[CLASS] CLASS=rotor_unbalance ID=1 scores_x1000=[-8612,12486,-3052,-822]
[CLASS_STATS] condition=rotor_unbalance total_windows=10
predicted_count=[0,10,0,0]
correct_windows=10
accuracy_x1000=1000
current_prediction=1
[CLASS_TIMING] sample_interval_ms=5 window_acquisition_ms=894 feature_extract_ms=8 inference_ms=1 total_cycle_ms=969
10121,-171,525,251
10124,-171,525,251
10126,-141,679,212
10129,-141,679,212
10132,24,-448,327
10134,24,-448,327
10137,164,-713,240
10139,164,-713,240
10142,-92,266,251
10145,-92,266,251
10147,-162,846,246
10150,-162,846,246
10152,93,-195,194
10155,93,-195,194
10158,-3,-900,177
10160,-3,-900,177
10163,19,42,256
10165,19,42,256
10168,-198,904,238
10170,-198,904,238
10173,54,-25,250
10175,54,-25,250
10178,-39,-1002,163
10181,-39,-1002,163
10183,134,-277,287
10186,134,-277,287
10189,-267,866,250
10191,-267,866,250
10194,31,167,275
10196,31,167,275
10199,-174,-869,185
10202,-174,-869,185
10204,209,-378,325
10207,209,-378,325
10210,-210,861,275
10212,-210,861,275
10215,-39,394,263
10218,-141,-747,239
10220,-141,-747,239
10223,245,-433,316
10226,245,-433,316
10228,-263,713,255
10231,-263,713,255
10235,-77,549,265
10240,-66,-574,302
10245,195,-612,299
10250,-172,554,253
10255,-147,670,208
10260,-28,-500,332
10265,215,-666,261
10270,-159,336,238
10275,-148,774,223
10280,102,-356,273
10285,80,-796,214
10290,-57,265,242
10295,-161,856,245
10300,88,-228,189
10305,50,-912,191
10310,-30,163,238
10315,-198,875,265
10320,99,-227,194
10325,22,-926,203
10330,-33,169,256
10335,-195,922,256
10340,87,-200,187
10345,0,-964,185
10350,24,167,264
10355,-219,868,237
10360,92,-239,176
10365,26,-944,188
10370,26,-944,188
10375,-32,157,255
10380,-201,915,248
10385,80,-180,192
10390,6,-1011,176
10395,1,184,282
10400,-227,897,247
10405,96,-251,174
10410,15,-953,189
10415,-22,167,254
10420,-196,953,260
10425,83,-199,191
10430,-14,-997,183
10435,7,194,272
10440,-228,895,233
10445,99,-278,182
10450,33,-932,198
10455,-48,207,253
10460,-175,924,249
10465,102,-254,209
10470,-1,-965,198
10475,-37,280,261
10480,-185,848,231
10485,109,-357,223
10490,75,-869,220
10495,-62,312,257
10500,-149,922,245
10505,104,-307,245
10510,60,-916,216
10515,-82,355,248
10520,-164,783,213
10525,94,-453,301
10530,110,-789,252
10535,-96,372,245
10540,-143,863,228
10545,92,-419,307
10550,97,-850,241
10555,-100,431,235
10560,-152,736,220
10565,50,-498,336
10570,146,-739,268
10575,-128,450,248
10580,-144,798,237
10585,60,-472,341
10590,135,-795,247
10595,-135,498,240
10600,-119,743,231
10605,27,-532,336
10610,176,-701,263
10615,-143,523,243
10620,-140,815,235
10625,32,-513,346
10630,176,-738,258
10635,-172,563,247
10640,-172,563,247
10645,-116,701,235
10650,-14,-547,324
10655,203,-679,274
10660,-194,578,232
10665,-138,784,251
10670,10,-551,334
10675,205,-703,273
10680,-198,642,249
10685,-136,665,257
10690,-27,-583,297
10695,198,-640,292
10700,-209,651,252
10705,-110,675,249
10710,-15,-614,299
10715,228,-639,302
10720,-249,713,240
10725,-80,590,282
10730,-26,-609,275
10735,202,-597,311
10740,-217,684,251
10745,-86,602,261
10750,-43,-612,298
10755,240,-628,300
10760,-259,683,239
10765,-97,613,283
10770,-24,-591,288
10775,201,-617,297
10780,-209,602,236
10785,-105,672,234
10790,-19,-535,336
10795,208,-692,269
10800,-176,570,243
10805,-114,678,223
10810,7,-495,334
10815,171,-710,262
10820,-126,395,233
10825,-132,812,244
10830,102,-352,248
10835,91,-844,219
10840,-36,300,262
10845,-167,867,240
10850,112,-267,198
10855,24,-917,194
10860,-17,90,243
10865,-193,905,232
10870,52,-87,212
10875,-56,-1008,163
10880,133,-112,300
10885,-260,926,232
10890,36,-11,224
10895,-21,-1015,155
10900,109,-212,290
10905,109,-212,290
10910,-247,979,242
10915,27,123,272
10920,-94,-1024,164
10925,250,-325,308
10930,-311,917,256
10935,63,80,297
10940,-91,-985,178
10945,151,-303,307
10950,-234,924,260
10955,18,131,299
10960,-105,-961,177
10965,192,-338,332
10970,-293,911,243
10975,49,97,304
10980,-50,-983,178
10985,126,-224,306
10990,-238,959,250
10995,37,72,271
11000,-69,-1024,162
11005,169,-197,289
11010,-288,936,235
11015,67,-76,225
[FEATURES] f0=-29500 f1=138151 f2=141265 f3=-311000 f4=250000 f5=561000 f6=117115 f7=-11870 f8=650931 f9=651039 f10=-1024000 f11=979000 f12=2003000 f13=583272 f14=248655 f15=42679 f16=252291 f17=155000 f18=346000 f19=191000 f20=32521
[SCALED_FEATURES] f0=-431 f1=1457 f2=1481 f3=-1996 f4=1716 f5=1882 f6=1471 f7=-611 f8=2766 f9=2771 f10=-3195 f11=2937 f12=3072 f13=2728 f14=-970 f15=-150 f16=-555 f17=-182 f18=-68 f19=49 f20=-230
[FEATURES_X] mean=-29500 std=138151 rms=141265 min=-311000 max=250000 p2p=561000 mad=117115
[FEATURES_Y] mean=-11870 std=650931 rms=651039 min=-1024000 max=979000 p2p=2003000 mad=583272
[FEATURES_Z] mean=248655 std=42679 rms=252291 min=155000 max=346000 p2p=191000 mad=32521
[CLASS] CLASS=rotor_unbalance ID=1 scores_x1000=[-7970,12990,-1312,-3706]
[CLASS_STATS] condition=rotor_unbalance total_windows=11
predicted_count=[0,11,0,0]
correct_windows=11
accuracy_x1000=1000
current_prediction=1
[CLASS_TIMING] sample_interval_ms=5 window_acquisition_ms=894 feature_extract_ms=8 inference_ms=1 total_cycle_ms=969
11121,144,-804,240
11123,144,-804,240
11126,-100,510,248
11129,-100,510,248
11131,-160,723,212
11134,-160,723,212
11137,20,-522,338
11139,20,-522,338
11142,164,-718,256
11145,164,-718,256
11147,-149,524,239
11150,-149,524,239
11153,-146,783,228
11155,51,-517,344
11158,51,-517,344
11160,189,-735,252
11163,189,-735,252
11166,-174,588,241
11168,-174,588,241
11171,-137,668,228
11174,-137,668,228
11176,-18,-550,310
11179,-18,-550,310
11182,191,-669,263
11184,191,-669,263
11187,-171,552,239
11190,-171,552,239
11192,-119,748,231
11195,-119,748,231
11198,28,-524,346
11200,28,-524,346
11203,192,-720,265
11205,192,-720,265
11208,-182,576,246
11211,-182,576,246
11213,-126,669,227
11216,-126,669,227
11219,-8,-540,318
11221,-8,-540,318
11224,183,-686,263
11226,183,-686,263
11229,-166,547,242
11232,-138,776,225
11235,-138,776,225
11240,21,-512,346
11245,179,-734,260
11250,-163,563,239
11255,-128,712,219
11260,2,-532,327
11265,171,-703,266
11270,-155,524,243
11275,-138,778,229
11280,53,-497,349
11285,148,-753,259
11290,-140,530,237
11295,-135,702,213
11300,5,-522,335
11305,157,-704,268
11310,-138,482,244
11315,-144,800,228
11320,65,-474,343
11325,129,-769,255
11330,-140,488,240
11335,-149,727,219
11340,49,-491,334
11345,160,-745,270
11350,-127,445,246
11355,-149,830,234
11360,74,-440,327
11365,114,-807,248
11370,-116,445,244
11375,-135,771,231
11380,81,-460,319
11385,131,-787,257
11390,-104,369,242
11395,-144,854,250
11400,100,-360,259
11405,77,-880,224
11410,-44,334,261
11415,-152,828,244
11420,112,-372,255
11425,81,-850,230
11430,-79,247,244
11435,-79,247,244
11440,-159,914,255
11445,95,-234,191
11450,20,-964,182
11455,-7,201,272
11460,-202,861,244
11465,93,-198,187
11470,14,-933,173
11475,-4,62,256
11480,-195,929,233
11485,53,-100,200
11490,-56,-1003,160
11495,125,-50,291
11500,-236,921,235
11505,34,-45,216
11510,-34,-1007,156
11515,92,-165,280
11520,-233,936,247
11525,19,91,277
11530,-127,-963,175
11535,221,-333,302
11540,-284,881,262
11545,10,243,301
11550,-117,-907,193
11555,197,-446,326
11560,-222,854,275
11565,-36,429,255
11570,-124,-748,251
11575,228,-527,321
11580,-289,716,233
11585,-107,554,259
11590,-64,-638,285
11595,223,-601,298
11600,-201,583,245
11605,-91,664,219
11610,6,-477,344
11615,163,-744,257
11620,-123,365,232
11625,-122,792,251
11630,98,-312,214
11635,57,-851,212
11640,-42,130,244
11645,-180,903,232
11650,57,-97,219
11655,-39,-1014,158
11660,177,-153,322
11665,-275,908,245
11670,26,98,266
11675,-107,-950,176
11680,182,-372,314
11685,-223,878,274
11690,-32,396,274
11695,-135,-771,241
11700,-135,-771,241
11705,188,-530,317
11710,-299,681,234
11715,-112,579,241
11720,-74,-567,296
11725,222,-622,302
11730,-163,466,246
11735,-128,735,244
11740,77,-347,261
11745,110,-825,217
11750,-19,220,256
11755,-151,818,233
11760,78,-173,193
11765,-1,-934,162
11770,72,-120,266
11775,-230,928,238
11780,35,149,262
11785,-115,-963,171
11790,203,-406,284
11795,-286,819,269
11800,4,395,287
11805,-122,-755,218
11810,221,-515,302
11815,-239,705,256
11820,-84,648,229
11825,-90,-545,307
11830,224,-686,293
11835,-170,423,235
11840,-123,757,237
11845,78,-378,291
11850,108,-786,242
11855,-46,204,254
11860,-176,870,227
11865,56,-127,200
11870,-8,-956,161
11875,114,-62,313
11880,-273,920,235
11885,46,22,242
11890,-40,-988,164
11895,158,-281,299
11900,-244,932,267
11905,-20,249,282
11910,-171,-868,193
11915,321,-449,298
11920,-269,798,257
11925,-9,417,278
11930,-119,-752,241
11935,220,-526,299
11940,-232,741,248
11945,-92,590,250
11950,-94,-622,282
11955,243,-639,303
11960,-230,615,235
11965,-120,682,223
11970,-120,682,223
11975,-12,-548,307
11980,212,-654,285
11985,-168,519,248
11990,-125,729,220
11995,69,-480,333
12000,178,-761,245
12005,-113,487,250
12010,-159,732,235
12015,48,-494,345
[FEATURES] f0=-27870 f1=141602 f2=144319 f3=-299000 f4=321000 f5=620000 f6=122515 f7=-13000 f8=643178 f9=643310 f10=-1014000 f11=936000 f12=1950000 f13=597560 f14=255080 f15=42214 f16=258549 f17=156000 f18=349000 f19=193000 f20=32122
[SCALED_FEATURES] f0=-215 f1=1524 f2=1547 f3=-1855 f4=2500 f5=2223 f6=1595 f7=-765 f8=2720 f9=2725 f10=-3152 f11=2762 f12=2961 f13=2820 f14=-239 f15=-158 f16=-326 f17=-170 f18=-36 f19=60 f20=-237
[FEATURES_X] mean=-27870 std=141602 rms=144319 min=-299000 max=321000 p2p=620000 mad=122515
[FEATURES_Y] mean=-13000 std=643178 rms=643310 min=-1014000 max=936000 p2p=1950000 mad=597560
[FEATURES_Z] mean=255080 std=42214 rms=258549 min=156000 max=349000 p2p=193000 mad=32122
[CLASS] CLASS=rotor_unbalance ID=1 scores_x1000=[-8227,12609,-376,-4005]
[CLASS_STATS] condition=rotor_unbalance total_windows=12
predicted_count=[0,12,0,0]
correct_windows=12
accuracy_x1000=1000
current_prediction=1
[CLASS_TIMING] sample_interval_ms=5 window_acquisition_ms=894 feature_extract_ms=8 inference_ms=1 total_cycle_ms=969
12121,192,-521,353
12123,-277,857,249
12126,-277,857,249
12129,-45,324,254
12131,-45,324,254
12134,-76,-908,192
12137,-76,-908,192
12139,154,-309,321
12142,154,-309,321
12145,-214,938,260
12147,-214,938,260
12150,-9,123,274
12152,-9,123,274
12155,-28,-1007,167
12158,-28,-1007,167
12160,135,-186,292
12163,135,-186,292
12166,-281,934,233
12168,-281,934,233
12171,50,-53,221
12173,50,-53,221
12176,-3,-1024,168
12179,-3,-1024,168
12181,4,-8,271
12184,4,-8,271
12186,-226,938,240
12189,-226,938,240
12191,38,-190,163
12194,38,-190,163
12196,-22,-1024,165
12199,-22,-1024,165
12202,-6,180,282
12204,-6,180,282
12207,-210,907,249
12209,-210,907,249
12212,89,-300,198
12215,89,-300,198
12217,64,-906,223
12220,64,-906,223
12222,-77,298,258
12225,-77,298,258
12228,-164,867,244
12230,120,-370,258
12235,120,-370,258
12240,80,-896,234
12245,-95,438,252
12250,-172,767,203
12255,23,-515,334
12260,148,-723,272
12265,-137,508,243
12270,-149,787,226
12275,30,-531,361
12280,167,-741,253
12285,-167,577,243
12290,-107,688,239
12295,-14,-571,302
12300,194,-674,274
12305,-186,580,232
12310,-137,760,236
12315,10,-533,343
12320,189,-684,269
12325,-186,608,239
12330,-102,671,239
12335,-19,-549,308
12340,202,-665,276
12345,-153,543,244
12350,-139,781,221
12355,37,-469,350
12360,153,-754,254
12365,-121,503,253
12370,-165,747,210
12375,40,-501,342
12380,159,-752,259
12385,-115,446,245
12390,-145,817,222
12395,92,-442,317
12400,130,-809,235
12405,-126,441,236
12410,-128,737,239
12415,75,-481,331
12420,137,-754,255
12425,-102,374,248
12430,-147,838,248
12435,111,-403,285
12440,88,-852,233
12445,-91,339,237
12450,-126,783,260
12455,96,-388,274
12460,95,-838,244
12465,-75,296,259
12470,-151,876,252
12475,100,-274,211
12480,14,-953,199
12485,-42,198,241
12490,-181,826,231
12495,62,-201,178
12500,62,-201,178
12505,26,-931,177
12510,-36,19,253
12515,-186,890,233
12520,31,-58,219
12525,-54,-1024,154
12530,140,-139,326
12535,-272,911,248
12540,39,31,252
12545,-74,-1024,173
12550,141,-287,291
12555,-220,908,264
12560,-25,241,287
12565,-165,-868,199
12570,176,-334,294
12575,-264,802,257
12580,-3,403,281
12585,-101,-740,247
12590,207,-516,308
12595,-231,717,253
12600,-84,566,233
12605,-84,-591,290
12610,224,-645,300
12615,-209,465,242
12620,-100,699,236
12625,27,-405,321
12630,137,-714,245
12635,-75,252,255
12640,-140,836,233
12645,46,-125,201
12650,-7,-940,165
12655,105,-98,313
12660,-258,897,241
12665,43,94,267
12670,-98,-948,167
12675,173,-397,305
12680,-218,833,276
12685,-56,455,246
12690,-135,-716,258
12695,312,-610,320
12700,-276,542,232
12705,-95,667,242
12710,7,-416,324
12715,108,-740,244
12720,-81,178,244
12725,-132,861,224
12730,43,-53,256
12735,-57,-979,174
12740,170,-290,319
12745,-246,840,263
12750,-14,367,248
12755,-144,-747,231
12760,233,-530,316
12765,233,-530,316
12770,-217,593,245
12775,-57,664,259
12780,17,-413,315
12785,119,-805,235
12790,-87,64,221
12795,-144,825,237
12800,26,30,271
12805,-94,-936,164
12810,208,-380,298
12815,-247,831,265
12820,-44,469,249
12825,-129,-677,265
12830,238,-540,307
12835,-212,423,259
12840,-79,735,241
12845,52,-211,214
12850,22,-867,185
12855,89,-94,265
12860,-224,899,249
12865,24,214,272
12870,-130,-901,176
12875,238,-449,287
12880,-272,760,258
12885,-37,538,268
12890,-118,-572,300
12895,209,-636,294
12900,-173,385,234
12905,-156,781,246
12910,78,-266,207
12915,83,-838,204
12920,8,5,251
12925,-203,851,241
12930,61,-34,236
12935,-50,-1022,158
12940,164,-252,299
12945,-252,923,267
12950,-4,254,250
12955,-163,-864,185
12960,233,-433,313
12965,-243,804,269
12970,-9,446,256
12975,-106,-691,257
12980,208,-526,322
12985,-224,719,255
12990,-80,556,251
12995,-91,-629,275
13000,241,-550,311
13005,-232,590,253
13010,-120,677,263
13015,-14,-526,325
[FEATURES] f0=-30040 f1=139658 f2=142852 f3=-281000 f4=312000 f5=593000 f6=117220 f7=-22240 f8=642276 f9=642661 f10=-1024000 f11=938000 f12=1962000 f13=574230 f14=251160 f15=43322 f16=254868 f17=154000 f18=361000 f19=207000 f20=32273
[SCALED_FEATURES] f0=-502 f1=1486 f2=1515 f3=-1644 f4=2401 f5=2067 f6=1473 f7=-2018 f8=2715 f9=2721 f10=-3195 f11=2770 f12=2986 f13=2669 f14=-685 f15=-139 f16=-460 f17=-194 f18=92 f19=142 f20=-234
[FEATURES_X] mean=-30040 std=139658 rms=142852 min=-281000 max=312000 p2p=593000 mad=117220
[FEATURES_Y] mean=-22240 std=642276 rms=642661 min=-1024000 max=938000 p2p=1962000 mad=574230
[FEATURES_Z] mean=251160 std=43322 rms=254868 min=154000 max=361000 p2p=207000 mad=32273
[CLASS] CLASS=rotor_unbalance ID=1 scores_x1000=[-8045,12916,-1878,-2992]
[CLASS_STATS] condition=rotor_unbalance total_windows=13
predicted_count=[0,13,0,0]
correct_windows=13
accuracy_x1000=1000
current_prediction=1
[CLASS_TIMING] sample_interval_ms=5 window_acquisition_ms=894 feature_extract_ms=8 inference_ms=1 total_cycle_ms=969
13121,-13,-633,285
13124,213,-562,311
13126,213,-562,311
13129,-196,725,285
13132,-196,725,285
13134,-82,548,260
13137,-82,548,260
13140,-16,-715,269
13142,-16,-715,269
13145,158,-474,355
13147,158,-474,355
13150,-214,872,271
13153,-23,410,259
13155,-23,410,259
13158,-60,-873,222
13161,-60,-873,222
13163,180,-397,340
13166,180,-397,340
13169,-213,875,275
13171,-213,875,275
13174,-13,287,259
13176,-13,287,259
13179,-43,-893,200
13182,-43,-893,200
13184,109,-280,304
13187,109,-280,304
13190,-211,903,272
13192,-211,903,272
13195,-5,109,282
13197,-5,109,282
13200,-75,-954,173
13203,-75,-954,173
13205,176,-319,308
13208,176,-319,308
13211,-229,884,263
13213,-229,884,263
13216,23,175,284
13218,23,175,284
13221,-118,-891,196
13224,-118,-891,196
13226,163,-358,315
13229,163,-358,315
13232,-215,877,275
13235,-43,295,274
13240,-116,-862,199
13245,226,-450,325
13250,-232,811,273
13255,-37,464,247
13260,-84,-690,251
13265,212,-543,312
13270,-224,644,237
13275,-107,612,218
13280,-73,-555,297
13285,200,-622,267
13290,-164,402,248
13295,-117,767,277
13300,-117,767,277
13305,100,-294,244
13310,40,-844,209
13315,-26,114,246
13320,-162,889,230
13325,48,-32,269
13330,-49,-954,166
13335,174,-362,300
13340,-247,855,261
13345,11,335,257
13350,-158,-773,225
13355,220,-504,314
13360,-247,619,241
13365,-85,641,254
13370,-41,-449,337
13375,130,-719,234
13380,-77,148,234
13385,-146,813,249
13390,29,9,269
13395,-88,-917,158
13400,182,-390,310
13405,-218,759,271
13410,-29,464,229
13415,-137,-587,272
13420,177,-624,263
13425,-162,273,240
13430,-98,787,249
13435,-4,-21,254
13440,-65,-888,156
13445,163,-373,312
13450,-248,736,264
13455,-16,504,264
13460,-113,-499,290
13465,161,-643,262
13470,-105,74,231
13475,-102,783,266
13480,-43,197,267
13485,-99,-786,192
13490,214,-454,293
13495,-217,485,248
13500,-28,654,247
13505,-7,-114,281
13510,-26,-818,179
13515,146,-333,319
13520,-200,659,259
13525,-7,441,247
13530,-99,-394,282
13535,78,-649,244
13540,-37,-31,242
13545,-121,713,239
13550,-20,237,236
13555,-150,-636,225
13560,197,-542,282
13565,197,-542,282
13570,-197,260,240
13575,-35,658,230
13580,-43,67,250
13585,-90,-728,184
13590,159,-399,293
13595,-124,352,257
13600,33,572,248
13605,-76,-36,257
13610,-55,-706,189
13615,111,-322,306
13620,-184,452,255
13625,38,507,277
13630,-81,-36,271
13635,-33,-677,196
13640,61,-258,285
13645,-160,473,264
13650,13,491,282
13655,-86,-86,283
13660,0,-652,209
13665,37,-234,273
13670,-150,432,248
13675,13,420,258
13680,-73,-85,284
13685,18,-649,208
13690,26,-236,265
13695,-138,529,268
13700,-14,453,272
13705,-71,-156,326
13710,40,-640,221
13715,-11,-194,257
13720,-135,503,249
13725,-17,385,241
13730,-86,-209,316
13735,65,-643,224
13740,-49,-142,257
13745,-119,619,257
13750,-18,353,241
13755,-117,-341,272
13760,91,-602,237
13765,-57,-77,253
13770,-80,612,234
13775,-40,274,251
13780,-121,-499,262
13785,130,-526,266
13790,-121,61,239
13795,-47,654,235
13800,-83,193,217
13805,-118,-655,210
13810,190,-506,285
13815,-202,332,238
13820,7,666,257
13825,-68,22,264
13830,-68,22,264
13835,-60,-805,171
13840,181,-413,295
13845,-207,580,252
13850,17,585,261
13855,-54,-239,273
13860,40,-765,203
13865,80,-218,292
13870,-197,739,252
13875,6,400,270
13880,-146,-504,285
13885,158,-583,271
13890,-131,96,241
13895,-86,753,242
13900,-32,205,246
13905,-112,-727,200
13910,192,-469,283
13915,-230,411,242
13920,20,642,270
13925,-64,13,270
13930,-31,-766,180
13935,156,-366,303
13940,-238,596,249
13945,7,529,251
13950,-83,-242,285
13955,51,-713,211
13960,26,-155,270
13965,-162,632,247
13970,-8,360,249
13975,-124,-403,266
13980,102,-592,257
13985,-72,0,238
13990,-104,733,245
13995,-64,278,225
14000,-125,-630,228
14005,181,-539,281
14010,-208,319,237
14015,-3,697,264
[FEATURES] f0=-32555 f1=122198 f2=126460 f3=-248000 f4=226000 f5=474000 f6=97365 f7=-24600 f8=559135 f9=559676 f10=-954000 f11=903000 f12=1857000 f13=498517 f14=257605 f15=36384 f16=260161 f17=156000 f18=355000 f19=199000 f20=27304
[SCALED_FEATURES] f0=-835 f1=1148 f2=1164 f3=-1257 f4=1452 f5=1379 f6=1018 f7=-2338 f8=2226 f9=2232 f10=-2895 f11=2627 f12=2766 f13=2179 f14=48 f15=-258 f16=-267 f17=-170 f18=28 f19=96 f20=-328
[FEATURES_X] mean=-32555 std=122198 rms=126460 min=-248000 max=226000 p2p=474000 mad=97365
[FEATURES_Y] mean=-24600 std=559135 rms=559676 min=-954000 max=903000 p2p=1857000 mad=498517
[FEATURES_Z] mean=257605 std=36384 rms=260161 min=156000 max=355000 p2p=199000 mad=27304
[CLASS] CLASS=rotor_unbalance ID=1 scores_x1000=[-5572,11499,-3063,-2864]
[CLASS_STATS] condition=rotor_unbalance total_windows=14
predicted_count=[0,14,0,0]
correct_windows=14
accuracy_x1000=1000
current_prediction=1
[CLASS_TIMING] sample_interval_ms=5 window_acquisition_ms=894 feature_extract_ms=8 inference_ms=0 total_cycle_ms=968
14120,-27,-107,275
14123,-1,-806,185
14126,-1,-806,185
14128,131,-308,308
14131,131,-308,308
14133,-190,701,253
14136,-190,701,253
14139,-10,466,257
14141,-124,-455,285
14144,-124,-455,285
14147,101,-627,255
14149,101,-627,255
14152,-67,-21,233
14155,-67,-21,233
14157,-112,737,257
14160,-112,737,257
14163,-34,295,221
14165,-34,295,221
14168,-146,-627,242
14170,-146,-627,242
14173,176,-525,288
14176,176,-525,288
14178,-125,294,250
14181,-125,294,250
14184,-12,664,252
14186,-12,664,252
14189,-28,-26,278
14192,-28,-26,278
14194,-26,-816,171
14197,-26,-816,171
14199,151,-378,317
14202,151,-378,317
14205,-250,579,254
14207,-250,579,254
14210,36,484,247
14213,36,484,247
14215,-66,-289,281
14218,-66,-289,281
14220,45,-719,213
14223,-7,-137,254
14225,-7,-137,254
14228,-124,738,262
14231,-124,738,262
14235,-16,368,282
14240,-144,-486,264
14245,129,-562,266
14250,-133,78,224
14255,-53,682,251
14260,-64,249,226
14265,-128,-642,220
14270,180,-501,284
14275,-93,239,249
14280,19,622,245
14285,-62,-12,268
14290,-32,-773,180
14295,159,-401,306
14300,-235,553,254
14305,25,535,249
14310,-73,-200,294
14315,37,-726,205
14320,52,-196,283
14325,-173,716,262
14330,-26,417,268
14335,-137,-474,282
14340,105,-593,255
14345,-79,54,245
14350,-91,691,248
14355,-48,253,225
14360,-141,-646,214
14365,-141,-646,214
14370,188,-515,283
14375,-179,279,247
14380,18,649,247
14385,-64,24,259
14390,-47,-774,174
14395,220,-441,298
14400,-242,501,250
14405,22,540,239
14410,-49,-146,254
14415,18,-770,189
14420,67,-233,274
14425,-204,723,268
14430,-13,433,266
14435,-140,-431,286
14440,97,-597,260
14445,-100,79,249
14450,-96,701,249
14455,-34,260,227
14460,-139,-648,218
14465,186,-510,286
14470,-186,305,247
14475,10,652,251
14480,-45,8,268
14485,-33,-793,177
14490,148,-379,298
14495,-245,516,253
14500,25,528,242
14505,-63,-196,265
14510,34,-737,203
14515,50,-207,275
14520,-165,711,263
14525,-24,399,266
14530,-141,-445,278
14535,100,-577,255
14540,-70,49,248
14545,-77,679,254
14550,-42,250,242
14555,-133,-595,224
14560,196,-534,277
14565,-174,222,245
14570,-8,661,241
14575,-75,60,261
14580,-66,-744,182
14585,164,-430,294
14590,-243,474,244
14595,19,583,253
14600,-36,-80,271
14605,-3,-769,182
14610,82,-287,290
14615,-170,627,254
14620,4,472,255
14625,-106,-363,293
14630,-106,-363,293
14635,91,-653,232
14640,-28,-49,251
14645,-104,668,256
14650,-10,316,259
14655,-141,-504,268
14660,162,-552,267
14665,-148,124,245
14670,-50,706,236
14675,-64,188,235
14680,-101,-705,209
14685,185,-458,282
14690,-239,377,240
14695,27,620,260
14700,-55,-5,281
14705,-25,-769,179
14710,150,-368,310
14715,-243,609,250
14720,9,523,255
14725,-102,-307,283
14730,70,-684,224
14735,45,-117,270
14740,-136,662,249
14745,-9,347,267
14750,-137,-484,274
14755,153,-583,264
14760,-129,91,242
14765,-94,740,238
14770,-52,211,244
14775,-117,-711,198
14780,184,-476,286
14785,-241,399,235
14790,6,641,256
14795,-38,-33,279
14800,-36,-787,176
14805,129,-346,304
14810,-187,613,256
14815,17,497,245
14820,-89,-340,288
14825,68,-682,222
14830,6,-100,264
14835,-125,672,256
14840,-12,345,266
14845,-133,-426,277
14850,118,-551,263
14855,-102,48,240
14860,-54,660,244
14865,-62,206,232
14870,-104,-631,221
14875,187,-502,271
14880,-186,287,250
14885,12,640,263
14890,-73,87,260
14895,-73,87,260
14900,-87,-678,198
14905,136,-410,305
14910,-229,433,249
14915,33,579,259
14920,-56,-69,274
14925,-4,-706,197
14930,111,-301,302
14935,-189,480,249
14940,20,475,254
14945,-58,-163,300
14950,47,-684,208
14955,-2,-188,263
14960,-153,584,254
14965,-4,404,246
14970,-117,-288,281
14975,78,-624,232
14980,-61,-85,257
14985,-99,581,245
14990,-30,288,231
14995,-104,-381,270
15000,113,-566,242
15005,-59,-33,247
15010,-41,590,242
15015,-47,227,245
[FEATURES] f0=-35705 f1=108228 f2=113966 f3=-250000 f4=220000 f5=470000 f6=85719 f7=-24900 f8=501553 f9=502170 f10=-816000 f11=740000 f12=1556000 f13=446781 f14=252465 f15=29770 f16=254214 f17=171000 f18=317000 f19=146000 f20=21793
[SCALED_FEATURES] f0=-1253 f1=877 f2=897 f3=-1280 f4=1385 f5=1356 f6=751 f7=-2378 f8=1888 f9=1893 f10=-2304 f11=1962 f12=2135 f13=1844 f14=-536 f15=-371 f16=-484 f17=14 f18=-379 f19=-213 f20=-433
[FEATURES_X] mean=-35705 std=108228 rms=113966 min=-250000 max=220000 p2p=470000 mad=85719
[FEATURES_Y] mean=-24900 std=501553 rms=502170 min=-816000 max=740000 p2p=1556000 mad=446781
[FEATURES_Z] mean=252465 std=29770 rms=254214 min=171000 max=317000 p2p=146000 mad=21793
[CLASS] CLASS=rotor_unbalance ID=1 scores_x1000=[-6247,9219,-4688,1716]
[CLASS_STATS] condition=rotor_unbalance total_windows=15
predicted_count=[0,15,0,0]
correct_windows=15
accuracy_x1000=1000
current_prediction=1
[CLASS_TIMING] sample_interval_ms=5 window_acquisition_ms=895 feature_extract_ms=8 inference_ms=1 total_cycle_ms=970
15120,-10,-657,205
15123,-10,-657,205
15126,63,-280,285
15128,63,-280,285
15131,-179,476,251
15133,-179,476,251
15136,10,494,269
15139,10,494,269
15141,-62,-112,296
15144,-62,-112,296
15146,32,-664,206
15149,32,-664,206
15152,13,-223,269
15154,13,-223,269
15157,-140,502,252
15159,-140,502,252
15162,-2,429,252
15165,-2,429,252
15167,-82,-201,297
15170,-82,-201,297
15172,63,-646,223
15175,63,-646,223
15177,-41,-150,265
15180,-41,-150,265
15183,-115,528,254
15185,-115,528,254
15188,-8,352,250
15191,-8,352,250
15193,-98,-270,275
15196,-98,-270,275
15198,74,-613,226
15201,74,-613,226
15203,-19,-113,258
15206,-19,-113,258
15209,-96,547,249
15211,-31,288,240
15214,-31,288,240
15217,-107,-341,272
15219,-107,-341,272
15222,93,-570,240
15225,93,-570,240
15227,-85,-33,257
15230,-85,-33,257
15235,-34,535,244
15240,-49,235,233
15245,-99,-403,270
15250,115,-517,246
15255,-94,42,237
15260,-15,560,251
15265,-61,205,246
15270,-114,-465,251
15275,122,-465,262
15280,-128,107,239
15285,1,560,253
15290,-53,187,257
15295,-109,-509,231
15300,120,-425,270
15305,-142,173,243
15310,-2,571,255
15315,-57,164,260
15320,-90,-547,222
15325,134,-432,286
15330,-128,207,249
15335,9,553,255
15340,-83,131,253
15345,-79,-568,218
15350,133,-449,300
15355,-142,249,255
15360,4,540,255
15365,-98,98,232
15370,-71,-590,210
15375,100,-417,303
15380,-152,293,249
15385,8,549,254
15390,-80,65,236
15395,-58,-621,201
15400,65,-361,291
15405,-147,337,247
15410,17,533,265
15415,-73,2,268
15420,-47,-639,197
15425,47,-307,290
15430,47,-307,290
15435,-140,370,246
15440,27,496,267
15445,-67,-42,279
15450,-24,-652,198
15455,36,-269,278
15460,-140,405,245
15465,20,464,270
15470,-58,-91,284
15475,23,-643,209
15480,11,-229,272
15485,-143,429,251
15490,-4,428,255
15495,-66,-154,296
15500,50,-642,210
15505,31,-209,265
15510,-121,457,252
15515,-13,389,243
15520,-83,-212,288
15525,68,-635,221
15530,14,-160,259
15535,-95,491,253
15540,-17,343,246
15545,-99,-269,263
15550,78,-604,227
15555,-94,-59,254
15560,-75,532,253
15565,-31,300,248
15570,-96,-331,268
15575,86,-574,232
15580,-106,15,252
15585,-38,560,257
15590,-50,256,244
15595,-93,-400,262
15600,104,-524,252
15605,-88,67,245
15610,-26,587,258
15615,-49,228,258
15620,-108,-474,253
15625,113,-473,267
15630,-135,152,246
15635,-7,596,257
15640,-56,178,255
15645,-86,-550,228
15650,159,-485,275
15655,-140,218,249
15660,-7,567,252
15665,-94,130,233
15670,-72,-591,212
15675,119,-463,299
15680,-156,283,246
15685,14,578,258
15690,-69,78,246
15695,-69,78,246
15700,-48,-626,206
15705,89,-384,306
15710,-154,334,246
15715,31,532,266
15720,-83,-4,270
15725,-21,-640,202
15730,61,-315,289
15735,-149,394,249
15740,19,504,266
15745,-59,-74,270
15750,15,-663,206
15755,26,-255,270
15760,-145,440,254
15765,-2,447,251
15770,-51,-160,287
15775,48,-660,208
15780,-9,-194,258
15785,-135,492,256
15790,-11,395,248
15795,-88,-253,271
15800,63,-634,220
15805,-33,-121,256
15810,-87,535,257
15815,-26,320,246
15820,-95,-349,263
15825,89,-588,238
15830,-71,5,254
15835,-42,574,259
15840,-51,270,254
15845,-107,-429,248
15850,98,-523,256
15855,-109,89,249
15860,-21,607,259
15865,-47,217,262
15870,-104,-514,238
15875,140,-485,265
15880,-147,190,248
15885,-5,583,255
15890,-85,156,238
15895,-77,-575,219
15900,137,-492,292
15905,-181,261,239
15910,7,578,252
15915,-76,107,241
15920,-54,-606,207
15925,83,-414,301
15930,-154,313,238
15935,30,547,261
15940,-96,19,266
15945,-33,-629,201
15950,61,-338,295
15955,-147,361,244
15960,33,506,265
15965,33,506,265
15970,-66,-46,271
15975,5,-646,201
15980,26,-279,274
15985,-142,402,249
15990,5,470,261
15995,-51,-113,277
16000,36,-658,205
16005,50,-249,265
16010,-130,444,257
16015,-10,414,246
[FEATURES] f0=-32599 f1=77289 f2=83883 f3=-181000 f4=159000 f5=340000 f6=64620 f7=-25755 f8=422315 f9=423099 f10=-664000 f11=607000 f12=1271000 f13=378137 f14=252625 f15=23313 f16=253698 f17=197000 f18=306000 f19=109000 f20=17163
[SCALED_FEATURES] f0=-841 f1=277 f2=253 f3=-470 f4=712 f5=604 f6=268 f7=-2494 f8=1422 f9=1427 f10=-1652 f11=1419 f12=1538 f13=1399 f14=-518 f15=-482 f16=-503 f17=334 f18=-497 f19=-429 f20=-520
[FEATURES_X] mean=-32599 std=77289 rms=83883 min=-181000 max=159000 p2p=340000 mad=64620
[FEATURES_Y] mean=-25755 std=422315 rms=423099 min=-664000 max=607000 p2p=1271000 mad=378137
[FEATURES_Z] mean=252625 std=23313 rms=253698 min=197000 max=306000 p2p=109000 mad=17163
[CLASS] CLASS=rotor_unbalance ID=1 scores_x1000=[-4495,7077,-3535,954]
[CLASS_STATS] condition=rotor_unbalance total_windows=16
predicted_count=[0,16,0,0]
correct_windows=16
accuracy_x1000=1000
current_prediction=1
[CLASS_TIMING] sample_interval_ms=5 window_acquisition_ms=895 feature_extract_ms=8 inference_ms=1 total_cycle_ms=969
16120,-96,-491,243
16122,-96,-491,243
16125,122,-474,269
16128,122,-474,269
16130,-115,165,250
16133,-115,165,250
16136,-3,581,259
16138,-3,581,259
16141,-69,173,246
16143,-69,173,246
16146,-81,-542,229
16148,-81,-542,229
16151,145,-496,280
16154,145,-496,280
16156,-166,234,238
16159,-166,234,238
16162,2,569,254
16164,2,569,254
16166,-91,131,233
16169,-91,131,233
16172,-62,-587,214
16174,-62,-587,214
16177,94,-450,307
16179,-157,291,235
16182,-157,291,235
16185,20,572,260
16187,20,572,260
16190,-82,55,254
16192,-82,55,254
16195,-45,-622,206
16197,-45,-622,206
16200,71,-367,306
16203,71,-367,306
16205,-145,354,245
16208,-145,354,245
16210,37,523,268
16213,37,523,268
16215,-79,-28,278
16218,-79,-28,278
16221,-4,-650,200
16223,-4,-650,200
16226,44,-299,278
16230,44,-299,278
16235,-142,395,243
16240,10,485,261
16245,-55,-106,288
16250,36,-655,212
16255,20,-234,266
16260,-141,441,252
16265,0,418,249
16270,-84,-203,290
16275,67,-638,222
16280,-90,-136,259
16285,-111,498,254
16290,-13,359,246
16295,-106,-301,262
16300,72,-607,226
16305,-71,-27,254
16310,-67,552,255
16315,-37,292,244
16320,-96,-397,255
16325,101,-561,240
16330,-71,44,255
16335,-31,593,267
16340,-45,244,261
16345,-110,-469,252
16350,107,-493,260
16355,-113,143,250
16360,-11,604,263
16365,-65,188,248
16370,-92,-545,228
16375,160,-504,273
16380,-163,241,245
16385,-15,584,249
16390,-86,138,231
16395,-63,-599,210
16400,95,-462,305
16405,-150,315,243
16410,31,578,262
16415,-93,34,265
16420,-42,-639,203
16425,77,-366,304
16430,-151,383,240
16435,29,529,265
16440,-65,-55,276
16445,16,-669,205
16450,36,-279,273
16455,-143,440,245
16460,11,460,251
16465,-66,-167,294
16470,51,-666,211
16475,4,-205,256
16480,-145,500,254
16485,-6,382,238
16490,-116,-293,262
16495,-116,-293,262
16500,74,-627,224
16505,-24,-98,256
16510,-76,552,258
16515,-24,298,238
16520,-105,-403,261
16525,102,-563,246
16530,-91,61,246
16535,-40,615,263
16540,-33,243,260
16545,-112,-505,246
16550,140,-510,258
16555,-123,180,247
16560,-10,600,256
16565,-78,170,227
16570,-90,-577,225
16575,137,-515,285
16580,-160,303,252
16585,6,615,265
16590,-77,75,253
16595,-49,-653,205
16600,108,-408,315
16605,-180,416,243
16610,24,564,268
16615,-54,-55,278
16620,14,-696,202
16625,44,-281,277
16630,-151,495,247
16635,14,467,250
16640,-83,-211,281
16645,45,-679,212
16650,-29,-146,261
16655,-144,564,245
16660,-16,345,236
16665,-111,-383,265
16670,88,-610,243
16675,-58,-4,245
16680,-54,614,255
16685,-19,258,256
16690,-123,-514,243
16695,140,-521,256
16700,-119,170,245
16705,-20,617,248
16710,-76,170,231
16715,-88,-586,216
16720,150,-507,282
16725,-148,307,252
16730,9,613,260
16735,-76,60,257
16740,-48,-642,202
16745,108,-405,319
16750,-180,405,243
16755,37,546,266
16760,-64,-49,279
16765,-64,-49,279
16770,10,-678,198
16775,44,-293,281
16780,-142,460,245
16785,14,471,253
16790,-64,-172,293
16795,46,-679,205
16800,-39,-172,259
16805,-143,516,252
16810,-5,373,238
16815,-104,-299,269
16820,66,-632,227
16825,-64,-87,254
16830,-76,558,257
16835,-26,297,239
16840,-104,-397,256
16845,102,-569,247
16850,-83,61,239
16855,-44,617,261
16860,-34,238,262
16865,-111,-513,241
16870,135,-503,260
16875,-148,200,248
16880,-9,608,259
16885,-80,167,236
16890,-87,-581,218
16895,150,-505,278
16900,-171,295,248
16905,4,606,259
16910,-73,87,245
16915,-46,-625,205
16920,97,-416,316
16925,-166,370,237
16930,41,542,264
16935,-76,-23,286
16940,-3,-661,203
16945,62,-320,297
16950,-150,424,243
16955,17,492,258
16960,-62,-115,291
16965,35,-671,207
16970,-9,-215,261
16975,-138,475,249
16980,0,413,247
16985,-89,-231,282
16990,54,-656,215
16995,-10,-157,261
17000,-109,518,251
17005,-18,334,237
17010,-103,-336,270
17015,75,-613,229
[FEATURES] f0=-34265 f1=82344 f2=89188 f3=-180000 f4=160000 f5=340000 f6=68643 f7=-29330 f8=438821 f9=439799 f10=-696000 f11=617000 f12=1313000 f13=394919 f14=251725 f15=24170 f16=252882 f17=198000 f18=319000 f19=121000 f20=18048
[SCALED_FEATURES] f0=-1062 f1=375 f2=367 f3=-458 f4=723 f5=604 f6=360 f7=-2979 f8=1519 f9=1525 f10=-1789 f11=1460 f12=1626 f13=1508 f14=-620 f15=-467 f16=-533 f17=347 f18=-357 f19=-359 f20=-503
[FEATURES_X] mean=-34265 std=82344 rms=89188 min=-180000 max=160000 p2p=340000 mad=68643
[FEATURES_Y] mean=-29330 std=438821 rms=439799 min=-696000 max=617000 p2p=1313000 mad=394919
[FEATURES_Z] mean=251725 std=24170 rms=252882 min=198000 max=319000 p2p=121000 mad=18048
[CLASS] CLASS=rotor_unbalance ID=1 scores_x1000=[-4435,7610,-4469,1294]
[CLASS_STATS] condition=rotor_unbalance total_windows=17
predicted_count=[0,17,0,0]
correct_windows=17
accuracy_x1000=1000
current_prediction=1
[CLASS_TIMING] sample_interval_ms=5 window_acquisition_ms=895 feature_extract_ms=8 inference_ms=1 total_cycle_ms=969
17120,93,-420,315
17122,-145,346,244
17125,-145,346,244
17128,36,542,262
17130,36,542,262
17133,-86,0,280
17135,-86,0,280
17138,-17,-647,199
17140,-17,-647,199
17143,67,-338,301
17145,67,-338,301
17148,-156,405,243
17151,-156,405,243
17153,22,498,267
17156,22,498,267
17158,-56,-84,279
17161,-56,-84,279
17163,26,-661,209
17166,26,-661,209
17169,8,-246,262
17171,8,-246,262
17173,-141,451,248
17176,-141,451,248
17179,4,437,249
17181,4,437,249
17184,-72,-184,278
17186,-72,-184,278
17189,48,-669,210
17191,48,-669,210
17194,-7,-178,263
17197,-7,-178,263
17199,-119,503,251
17202,-119,503,251
17205,-11,367,239
17207,-11,367,239
17210,-98,-295,268
17212,-98,-295,268
17215,62,-628,221
17218,62,-628,221
17220,-23,-74,254
17223,-23,-74,254
17225,-65,549,256
17230,-34,295,237
17235,-100,-389,264
17240,94,-579,239
17245,-85,40,241
17250,-39,595,260
17255,-39,242,257
17260,-116,-469,253
17265,109,-501,259
17270,-115,140,247
17275,-13,614,265
17280,-50,187,254
17285,-83,-553,229
17290,168,-493,262
17295,168,-493,262
17300,-159,245,246
17305,-7,575,255
17310,-95,131,227
17315,-56,-586,216
17320,121,-475,309
17325,-152,315,244
17330,19,574,260
17335,-77,48,253
17340,-37,-624,205
17345,84,-372,311
17350,-155,375,242
17355,41,514,262
17360,-72,-42,279
17365,0,-659,206
17370,49,-300,284
17375,-147,420,242
17380,15,476,261
17385,-59,-116,281
17390,32,-664,209
17395,-2,-213,259
17400,-129,460,247
17405,1,409,246
17410,-76,-211,279
17415,46,-657,211
17420,30,-186,256
17425,-101,499,246
17430,-15,353,241
17435,-102,-296,263
17440,61,-617,224
17445,-98,-43,257
17450,-69,558,257
17455,-31,290,241
17460,-97,-385,265
17465,90,-574,240
17470,-124,59,249
17475,-31,588,266
17480,-49,238,250
17485,-115,-453,251
17490,103,-505,251
17495,-119,129,252
17500,-12,590,267
17505,-46,204,261
17510,-98,-508,235
17515,132,-469,261
17520,-119,188,248
17525,8,575,261
17530,-70,160,251
17535,-68,-542,228
17540,142,-479,284
17545,-171,247,239
17550,11,547,249
17555,-105,114,233
17560,-59,-568,221
17565,-59,-568,221
17570,109,-460,301
17575,-160,282,238
17580,17,555,255
17585,-81,78,232
17590,-41,-599,213
17595,73,-388,306
17600,-132,321,239
17605,32,524,261
17610,-79,7,266
17615,-32,-628,205
17620,44,-326,291
17625,-127,365,240
17630,30,491,268
17635,-65,-60,285
17640,5,-651,202
17645,40,-275,277
17650,-145,407,244
17655,10,461,260
17660,-63,-126,292
17665,36,-647,208
17670,26,-238,260
17675,-122,433,247
17680,-9,407,245
17685,-90,-197,290
17690,60,-641,215
17695,-50,-140,252
17700,-94,480,250
17705,-6,356,243
17710,-115,-276,256
17715,68,-616,223
17720,-55,-69,249
17725,-77,532,257
17730,-28,308,242
17735,-104,-343,258
17740,81,-585,238
17745,-81,17,252
17750,-41,573,264
17755,-44,254,243
17760,-97,-406,255
17765,98,-541,242
17770,-113,87,251
17775,-20,593,268
17780,-47,223,260
17785,-109,-467,251
17790,109,-482,262
17795,-144,171,250
17800,-7,610,267
17805,-54,185,254
17810,-89,-530,238
17815,153,-490,275
17820,-140,250,249
17825,-4,580,253
17830,-4,580,253
17835,-95,119,226
17840,-55,-586,218
17845,112,-469,308
17850,-159,320,244
17855,22,579,257
17860,-78,49,245
17865,-42,-628,207
17870,85,-369,311
17875,-157,389,247
17880,41,514,261
17885,-70,-55,292
17890,4,-649,214
17895,56,-284,286
17900,-154,427,244
17905,20,464,262
17910,-75,-136,301
17915,40,-655,212
17920,-7,-198,259
17925,-133,471,248
17930,-1,396,245
17935,-100,-225,282
17940,64,-639,214
17945,23,-156,260
17950,-88,517,247
17955,-14,331,242
17960,-105,-320,263
17965,64,-605,230
17970,-96,-28,252
17975,-56,561,257
17980,-42,272,240
17985,-100,-406,262
17990,91,-557,246
17995,-93,75,249
18000,-25,600,262
18005,-48,229,256
18010,-117,-475,250
18015,109,-486,258
[FEATURES] f0=-31380 f1=77758 f2=83851 f3=-171000 f4=168000 f5=339000 f6=65141 f7=-25200 f8=428986 f9=429726 f10=-669000 f11=614000 f12=1283000 f13=385787 f14=252040 f15=23209 f16=253106 f17=199000 f18=315000 f19=116000 f20=17091
[SCALED_FEATURES] f0=-680 f1=286 f2=253 f3=-353 f4=811 f5=599 f6=280 f7=-2419 f8=1461 f9=1466 f10=-1674 f11=1448 f12=1563 f13=1448 f14=-585 f15=-483 f16=-525 f17=359 f18=-400 f19=-388 f20=-521
[FEATURES_X] mean=-31380 std=77758 rms=83851 min=-171000 max=168000 p2p=339000 mad=65141
[FEATURES_Y] mean=-25200 std=428986 rms=429726 min=-669000 max=614000 p2p=1283000 mad=385787
[FEATURES_Z] mean=252040 std=23209 rms=253106 min=199000 max=315000 p2p=116000 mad=17091
[CLASS] CLASS=rotor_unbalance ID=1 scores_x1000=[-4462,7279,-2967,149]
[CLASS_STATS] condition=rotor_unbalance total_windows=18
predicted_count=[0,18,0,0]
correct_windows=18
accuracy_x1000=1000
current_prediction=1
[CLASS_TIMING] sample_interval_ms=5 window_acquisition_ms=895 feature_extract_ms=8 inference_ms=1 total_cycle_ms=969
18120,53,-309,294
18122,-143,386,243
18125,-143,386,243
18128,38,475,260
18130,38,475,260
18133,-63,-87,288
18135,-63,-87,288
18138,19,-644,207
18140,19,-644,207
18143,13,-249,272
18145,13,-249,272
18148,-138,419,250
18151,-138,419,250
18153,5,439,257
18156,5,439,257
18158,-65,-146,291
18161,-65,-146,291
18163,38,-655,206
18166,38,-655,206
18169,34,-217,256
18171,34,-217,256
18174,-111,453,248
18176,-111,453,248
18179,-12,387,247
18182,-12,387,247
18184,-85,-225,281
18187,-85,-225,281
18189,52,-642,215
18192,52,-642,215
18195,-46,-124,254
18197,-46,-124,254
18200,-89,508,254
18203,-18,337,244
18205,-18,337,244
18208,-100,-294,258
18210,-100,-294,258
18213,62,-611,228
18216,62,-611,228
18218,-81,-46,248
18221,-81,-46,248
18223,-62,553,257
18226,-62,553,257
18230,-28,281,242
18235,-101,-376,267
18240,87,-575,237
18245,-105,58,254
18250,-30,581,265
18255,-59,231,248
18260,-107,-439,251
18265,106,-512,251
18270,-129,115,252
18275,-13,587,271
18280,-51,204,258
18285,-106,-493,241
18290,124,-465,264
18295,-148,194,252
18300,8,586,266
18305,-62,170,252
18310,-75,-534,228
18315,149,-481,281
18320,-153,240,244
18325,15,554,257
18330,-99,116,237
18335,-56,-563,220
18340,114,-463,304
18345,-171,294,238
18350,14,556,249
18355,-87,68,228
18360,-87,68,228
18365,-44,-600,209
18370,80,-390,308
18375,-144,333,238
18380,30,530,255
18385,-84,-5,268
18390,-31,-630,206
18395,45,-319,294
18400,-136,373,243
18405,36,483,267
18410,-65,-69,291
18415,-2,-651,207
18420,39,-266,278
18425,-140,407,245
18430,14,455,264
18435,-65,-122,284
18440,29,-647,206
18445,15,-223,266
18450,-122,432,251
18455,-9,404,248
18460,-78,-194,289
18465,50,-638,215
18470,27,-183,257
18475,-90,473,252
18480,-17,359,242
18485,-104,-266,264
18490,65,-615,222
18495,-91,-69,252
18500,-75,526,254
18505,-26,310,244
18510,-107,-331,261
18515,71,-590,235
18520,-104,10,248
18525,-46,568,265
18530,-48,259,241
18535,-103,-402,262
18540,101,-548,243
18545,-94,76,252
18550,-12,586,267
18555,-47,221,253
18560,-109,-461,248
18565,107,-486,260
18570,-145,165,251
18575,-10,601,269
18580,-52,185,256
18585,-93,-526,238
18590,155,-480,274
18595,-140,235,255
18600,10,577,253
18605,-96,127,238
18610,-66,-572,217
18615,122,-480,302
18620,-175,319,246
18625,-175,319,246
18630,19,578,255
18635,-80,54,246
18640,-45,-624,200
18645,83,-381,309
18650,-156,373,239
18655,42,529,263
18660,-73,-41,290
18665,-5,-665,200
18670,70,-303,293
18675,-152,432,240
18680,21,478,257
18685,-75,-142,298
18690,38,-668,207
18695,-9,-201,261
18700,-142,489,248
18705,5,400,242
18710,-116,-260,267
18715,56,-643,220
18720,-30,-133,257
18725,-94,539,248
18730,-17,307,236
18735,-111,-391,266
18740,98,-590,245
18745,-91,14,240
18750,-35,607,255
18755,-33,242,257
18760,-121,-497,251
18765,140,-514,259
18770,-122,165,242
18775,-17,631,252
18780,-82,160,230
18785,-78,-606,216
18790,162,-501,284
18795,-186,359,257
18800,31,640,272
18805,-70,22,280
18810,-33,-713,191
18815,124,-397,314
18820,-186,508,248
18825,26,552,255
18830,-71,-169,280
18835,23,-711,201
18840,20,-196,274
18845,-166,612,240
18850,-5,373,234
18855,-127,-393,275
18860,87,-626,242
18865,-125,-5,252
18870,-65,656,237
18875,-26,237,236
18880,-125,-590,227
18885,188,-577,260
18890,-180,285,241
18895,-180,285,241
18900,-3,693,256
18905,-56,47,277
18910,-51,-737,185
18915,158,-451,313
18920,-198,545,264
18925,24,617,261
18930,-69,-193,286
18935,16,-739,208
18940,40,-203,284
18945,-180,697,250
18950,5,400,258
18955,-159,-481,281
18960,155,-646,252
18965,-138,92,251
18970,-64,747,240
18975,-25,130,266
18980,-79,-800,177
18985,210,-490,288
18990,-214,560,264
18995,29,665,265
19000,-29,-209,265
19005,26,-772,206
19010,43,-208,281
19015,-190,734,248
[FEATURES] f0=-35530 f1=85809 f2=92873 f3=-214000 f4=210000 f5=424000 f6=70684 f7=-16115 f8=444994 f9=445285 f10=-800000 f11=747000 f12=1547000 f13=397136 f14=252040 f15=24521 f16=253230 f17=177000 f18=314000 f19=137000 f20=17981
[SCALED_FEATURES] f0=-1230 f1=442 f2=446 f3=-858 f4=1275 f5=1090 f6=407 f7=-1187 f8=1555 f9=1557 f10=-2235 f11=1991 f12=2116 f13=1522 f14=-585 f15=-461 f16=-520 f17=88 f18=-411 f19=-265 f20=-505
[FEATURES_X] mean=-35530 std=85809 rms=92873 min=-214000 max=210000 p2p=424000 mad=70684
[FEATURES_Y] mean=-16115 std=444994 rms=445285 min=-800000 max=747000 p2p=1547000 mad=397136
[FEATURES_Z] mean=252040 std=24521 rms=253230 min=177000 max=314000 p2p=137000 mad=17981
[CLASS] CLASS=rotor_unbalance ID=1 scores_x1000=[-5615,8585,-4067,1096]
[CLASS_STATS] condition=rotor_unbalance total_windows=19
predicted_count=[0,19,0,0]
correct_windows=19
accuracy_x1000=1000
current_prediction=1
[CLASS_TIMING] sample_interval_ms=5 window_acquisition_ms=895 feature_extract_ms=8 inference_ms=1 total_cycle_ms=969
19120,-145,-563,241
19123,-145,-563,241
19126,180,-564,259
19128,180,-564,259
19131,-199,246,248
19133,-199,246,248
19136,-37,696,243
19139,-37,696,243
19141,-42,109,244
19144,-42,109,244
19146,-80,-693,198
19149,-80,-693,198
19152,151,-467,298
19154,151,-467,298
19157,-211,456,259
19160,-211,456,259
19162,36,621,278
19165,36,621,278
19167,-52,-48,278
19170,-52,-48,278
19172,-7,-732,190
19175,-7,-732,190
19178,86,-320,298
19180,86,-320,298
19183,-191,536,245
19185,-191,536,245
19188,30,479,254
19191,30,479,254
19193,-73,-221,288
19196,-73,-221,288
19198,39,-692,205
19201,39,-692,205
19204,-16,-156,261
19206,-16,-156,261
19209,-143,561,243
19211,-1,341,237
19214,-1,341,237
19216,-1,341,237
19219,-122,-351,276
19222,74,-614,236
19224,74,-614,236
19227,-125,-35,256
19230,-125,-35,256
19235,-57,576,252
19240,-36,260,243
19245,-129,-431,264
19250,106,-538,257
19255,-89,101,242
19260,-24,632,255
19265,-38,210,257
19270,-116,-531,235
19275,162,-480,262
19280,-164,234,252
19285,1,608,260
19290,-86,136,239
19295,-75,-589,217
19300,152,-473,297
19305,-188,321,259
19310,18,592,258
19315,-74,68,241
19320,-47,-634,201
19325,103,-391,309
19330,-171,370,241
19335,43,525,264
19340,-77,-24,283
19345,-18,-661,201
19350,61,-312,292
19355,-162,412,239
19360,34,481,266
19365,-67,-91,282
19370,25,-669,205
19375,26,-240,269
19380,-140,446,245
19385,6,420,250
19390,-69,-181,289
19395,48,-664,209
19400,-12,-179,258
19405,-116,489,248
19410,2,362,239
19415,-106,-265,270
19420,56,-630,223
19425,56,-630,223
19430,-51,-102,255
19435,-81,541,249
19440,-19,301,238
19445,-112,-357,275
19450,83,-592,236
19455,-128,36,251
19460,-43,590,256
19465,-43,246,244
19470,-113,-435,259
19475,112,-522,253
19480,-127,117,253
19485,-20,608,260
19490,-43,213,263
19495,-115,-500,245
19500,136,-466,260
19505,-125,194,253
19510,3,595,261
19515,-71,163,253
19520,-76,-564,224
19525,166,-476,286
19530,-164,267,250
19535,15,560,253
19540,-93,106,228
19545,-48,-601,209
19550,110,-436,307
19555,-174,323,240
19560,27,559,258
19565,-82,33,252
19570,-41,-644,197
19575,81,-355,308
19580,-151,375,241
19585,44,505,263
19590,-71,-49,282
19595,-1,-672,201
19600,49,-287,279
19605,-154,431,242
19610,17,461,257
19615,-69,-135,280
19620,36,-684,202
19625,-4,-201,260
19630,-139,483,248
19635,0,394,244
19640,-101,-247,279
19645,56,-645,214
19650,25,-143,260
19655,-87,540,245
19660,-9,311,240
19665,-121,-361,273
19670,85,-599,236
19675,-70,3,248
19680,-41,591,259
19685,-46,247,245
19690,-46,247,245
19695,-132,-452,258
19700,114,-521,254
19705,-102,110,251
19710,-14,623,259
19715,-43,204,259
19720,-108,-542,227
19725,166,-481,263
19730,-154,239,256
19735,4,600,255
19740,-86,133,241
19745,-66,-601,213
19750,139,-470,296
19755,-162,326,252
19760,25,596,261
19765,-74,49,253
19770,-48,-655,193
19775,91,-377,309
19780,-166,402,243
19785,47,529,262
19790,-60,-49,290
19795,-3,-690,197
19800,55,-291,288
19805,-151,461,241
19810,17,463,255
19815,-70,-170,288
19820,44,-680,206
19825,-15,-179,262
19830,-143,520,246
19835,4,369,242
19840,-113,-292,270
19845,61,-634,225
19850,-96,-68,260
19855,-75,571,250
19860,-31,283,237
19865,-126,-413,267
19870,105,-570,246
19875,-137,76,245
19880,-37,618,256
19885,-31,230,254
19890,-123,-516,243
19895,155,-494,263
19900,-137,193,250
19905,-6,621,258
19910,-84,152,240
19915,-81,-600,215
19920,166,-488,287
19925,-190,330,256
19930,16,615,260
19935,-75,60,251
19940,-56,-664,194
19945,106,-393,309
19950,-186,418,246
19955,47,540,268
19960,47,540,268
19965,-59,-53,285
19970,2,-695,197
19975,73,-285,285
19980,-156,480,244
19985,18,462,249
19990,-77,-196,293
19995,44,-686,212
20000,-24,-164,260
20005,-148,542,249
20010,8,356,240
20015,-121,-323,274
[FEATURES] f0=-33200 f1=91390 f2=97234 f3=-211000 f4=180000 f5=391000 f6=74975 f7=-25375 f8=449470 f9=450185 f10=-732000 f11=696000 f12=1428000 f13=403775 f14=251645 f15=25329 f16=252916 f17=190000 f18=309000 f19=119000 f20=18646
[SCALED_FEATURES] f0=-921 f1=551 f2=539 f3=-822 f4=944 f5=899 f6=505 f7=-2443 f8=1582 f9=1586 f10=-1944 f11=1783 f12=1867 f13=1565 f14=-630 f15=-447 f16=-532 f17=248 f18=-464 f19=-370 f20=-492
[FEATURES_X] mean=-33200 std=91390 rms=97234 min=-211000 max=180000 p2p=391000 mad=74975
[FEATURES_Y] mean=-25375 std=449470 rms=450185 min=-732000 max=696000 p2p=1428000 mad=403775
[FEATURES_Z] mean=251645 std=25329 rms=252916 min=190000 max=309000 p2p=119000 mad=18646
[CLASS] CLASS=rotor_unbalance ID=1 scores_x1000=[-5479,8098,-3804,1184]
[CLASS_STATS] condition=rotor_unbalance total_windows=20
predicted_count=[0,20,0,0]
correct_windows=20
accuracy_x1000=1000
current_prediction=1
[CLASS_TIMING] sample_interval_ms=5 window_acquisition_ms=895 feature_extract_ms=8 inference_ms=1 total_cycle_ms=969
20120,107,-346,304
20123,107,-346,304
20125,-196,470,236
20128,-196,470,236
20131,28,512,260
20133,28,512,260
20136,-70,-122,286
20138,-70,-122,286
20141,24,-692,205
20143,24,-692,205
20146,13,-218,268
20149,13,-218,268
20151,-153,518,250
20154,-153,518,250
20156,21,402,246
20159,21,402,246
20161,-117,-273,275
20164,-117,-273,275
20167,67,-652,220
20169,-82,-96,265
20172,-82,-96,265
20175,-106,574,251
20177,-106,574,251
20180,-17,294,235
20182,-17,294,235
20185,-126,-406,269
20188,-126,-406,269
20191,96,-576,248
20193,96,-576,248
20196,-100,31,239
20198,-100,31,239
20201,-38,624,248
20203,-38,624,248
20206,-30,233,258
20209,-30,233,258
20211,-129,-522,244
20214,-129,-522,244
20217,166,-510,264
20219,166,-510,264
20222,-158,218,250
20225,-158,218,250
20227,-17,636,251
20230,-17,636,251
20235,-72,139,234
20240,-80,-625,210
20245,155,-477,288
20250,-175,352,257
20255,34,619,270
20260,-76,23,268
20265,-48,-688,191
20270,112,-367,307
20275,-195,457,242
20280,36,535,268
20285,-60,-83,278
20290,19,-699,207
20295,43,-247,278
20300,-161,507,242
20305,23,425,251
20310,-105,-242,285
20315,55,-655,215
20320,16,-163,263
20325,-121,545,240
20330,-3,319,239
20335,-127,-361,271
20340,84,-602,236
20345,-59,-18,252
20350,-48,588,251
20355,-37,252,245
20360,-133,-468,258
20365,118,-517,255
20370,-142,131,245
20375,-21,626,259
20380,-43,198,252
20385,-111,-537,234
20390,177,-493,269
20395,-186,261,255
20400,-10,606,254
20405,-83,118,238
20410,-65,-617,210
20415,131,-460,301
20420,-166,343,253
20425,31,588,265
20430,-75,28,260
20435,-48,-673,191
20440,91,-355,303
20445,-177,425,240
20450,43,525,261
20455,-66,-65,283
20460,5,-690,200
20465,60,-268,287
20470,-156,473,243
20475,17,443,252
20480,-86,-197,295
20485,50,-673,211
20490,50,-673,211
20495,-24,-163,260
20500,-142,523,246
20505,2,353,241
20510,-128,-310,272
20515,73,-624,228
20520,-114,-63,257
20525,-70,558,256
20530,-22,273,235
20535,-120,-417,269
20540,107,-561,245
20545,-141,76,243
20550,-29,601,259
20555,-38,228,254
20560,-132,-494,244
20565,131,-480,262
20570,-142,165,252
20575,-6,618,259
20580,-58,175,255
20585,-92,-559,226
20590,180,-489,280
20595,-182,279,257
20600,-1,595,260
20605,-84,103,233
20610,-60,-617,205
20615,113,-439,308
20620,-177,356,248
20625,28,569,262
20630,-74,20,261
20635,-49,-666,196
20640,81,-343,304
20645,-175,420,243
20650,42,511,263
20655,-61,-64,285
20660,3,-683,202
20665,46,-266,282
20670,-156,456,246
20675,18,446,256
20680,-81,-167,290
20685,39,-672,207
20690,-21,-178,260
20695,-132,490,249
20700,1,372,240
20705,-114,-267,269
20710,62,-632,221
20715,-52,-97,255
20720,-83,541,247
20725,-14,299,240
20730,-124,-358,270
20735,86,-588,240
20740,-69,-2,247
20745,-38,584,255
20750,-29,246,241
20755,-121,-432,261
20760,-121,-432,261
20765,110,-527,252
20770,-120,95,246
20775,-19,596,259
20780,-41,215,256
20785,-119,-493,249
20790,132,-464,265
20795,-153,195,252
20800,-2,603,265
20805,-49,165,259
20810,-92,-541,228
20815,154,-464,291
20820,-143,254,253
20825,18,571,258
20830,-89,117,242
20835,-67,-577,217
20840,135,-454,304
20845,-181,300,250
20850,14,543,250
20855,-93,68,229
20860,-42,-601,208
20865,95,-390,301
20870,-164,321,242
20875,25,527,252
20880,-80,30,238
20885,-40,-618,204
20890,64,-332,296
20895,-143,332,242
20900,29,495,258
20905,-74,-15,259
20910,-29,-626,204
20915,45,-286,296
20920,-131,344,248
20925,39,462,260
20930,-71,-49,280
20935,-15,-634,204
20940,17,-257,283
20945,-127,365,251
20950,32,442,262
20955,-66,-78,287
20960,2,-627,209
20965,58,-261,278
20970,-134,379,252
20975,23,429,261
20980,-67,-99,283
20985,16,-640,204
20990,-24,-222,275
20995,-117,395,249
21000,13,418,259
21005,-70,-115,283
21010,23,-628,209
21015,-3,-203,268
[FEATURES] f0=-35355 f1=88426 f2=95232 f3=-196000 f4=180000 f5=376000 f6=73417 f7=-21415 f8=437079 f9=437603 f10=-699000 f11=636000 f12=1335000 f13=391959 f14=252670 f15=24454 f16=253850 f17=191000 f18=308000 f19=117000 f20=18156
[SCALED_FEATURES] f0=-1206 f1=493 f2=496 f3=-646 f4=944 f5=812 f6=469 f7=-1906 f8=1509 f9=1512 f10=-1802 f11=1538 f12=1672 f13=1488 f14=-513 f15=-462 f16=-498 f17=261 f18=-475 f19=-382 f20=-501
[FEATURES_X] mean=-35355 std=88426 rms=95232 min=-196000 max=180000 p2p=376000 mad=73417
[FEATURES_Y] mean=-21415 std=437079 rms=437603 min=-699000 max=636000 p2p=1335000 mad=391959
[FEATURES_Z] mean=252670 std=24454 rms=253850 min=191000 max=308000 p2p=117000 mad=18156
[CLASS] CLASS=rotor_unbalance ID=1 scores_x1000=[-4776,7360,-4372,1789]
[CLASS_STATS] condition=rotor_unbalance total_windows=21
predicted_count=[0,21,0,0]
correct_windows=21
accuracy_x1000=1000
current_prediction=1
[CLASS_TIMING] sample_interval_ms=5 window_acquisition_ms=895 feature_extract_ms=8 inference_ms=1 total_cycle_ms=969
21120,-56,-99,241
21122,-72,462,253
21125,-72,462,253
21128,-32,351,251
21130,-32,351,251
21133,-84,-212,278
21135,-84,-212,278
21138,59,-610,219
21141,59,-610,219
21143,-37,-87,240
21146,-37,-87,240
21148,-67,478,260
21151,-67,478,260
21153,-25,336,247
21156,-25,336,247
21159,-88,-230,277
21161,-88,-230,277
21164,64,-606,223
21166,64,-606,223
21169,-101,-57,246
21172,-101,-57,246
21174,-59,497,262
21177,-59,497,262
21179,-33,333,249
21182,-33,333,249
21185,-87,-246,270
21187,-87,-246,270
21190,64,-598,228
21192,64,-598,228
21195,-100,-40,252
21198,-100,-40,252
21200,-58,517,257
21203,-58,517,257
21206,-28,311,244
21208,-28,311,244
21211,-103,-276,266
21213,-103,-276,266
21216,68,-589,229
21219,68,-589,229
21221,-65,-29,247
21224,-65,-29,247
21226,-57,532,259
21230,-40,293,242
21235,-103,-299,265
21240,70,-575,235
21245,-98,5,248
21250,-40,549,262
21255,-43,271,246
21260,-105,-344,268
21265,80,-556,240
21270,-89,31,255
21275,-31,552,262
21280,-46,241,237
21285,-104,-390,273
21290,-104,-390,273
21295,97,-533,243
21300,-119,71,260
21305,-14,548,273
21310,-62,219,241
21315,-99,-424,263
21320,112,-502,247
21325,-134,109,254
21330,-3,547,267
21335,-68,198,245
21340,-99,-452,261
21345,113,-472,252
21350,-121,136,253
21355,9,543,264
21360,-62,188,250
21365,-97,-471,246
21370,115,-442,267
21375,-129,166,250
21380,13,555,260
21385,-64,178,257
21390,-82,-507,235
21395,120,-433,279
21400,-137,202,242
21405,20,560,259
21410,-74,150,257
21415,-70,-537,225
21420,142,-456,299
21425,-154,246,244
21430,28,543,253
21435,-98,104,242
21440,-56,-576,214
21445,119,-432,307
21450,-187,300,244
21455,18,538,249
21460,-89,56,235
21465,-40,-615,202
21470,81,-365,299
21475,-149,329,239
21480,26,520,253
21485,-74,0,255
21490,-37,-638,200
21495,59,-304,299
21500,-140,371,243
21505,43,474,264
21510,-69,-70,295
21515,4,-655,204
21520,31,-251,281
21525,-145,417,247
21530,20,446,261
21535,-80,-123,287
21540,31,-654,210
21545,22,-219,272
21550,-134,444,254
21555,-2,396,250
21560,-2,396,250
21565,-85,-202,289
21570,49,-647,212
21575,2,-189,254
21580,-102,483,253
21585,-8,349,243
21590,-106,-271,273
21595,61,-615,227
21600,-29,-79,244
21605,-66,544,256
21610,-22,292,237
21615,-115,-341,270
21620,81,-578,243
21625,-118,29,249
21630,-40,583,260
21635,-38,242,238
21640,-116,-420,259
21645,111,-526,250
21650,-94,91,252
21655,-14,600,259
21660,-51,211,257
21665,-116,-504,243
21670,132,-464,260
21675,-156,192,254
21680,4,601,262
21685,-66,165,255
21690,-76,-571,218
21695,174,-473,282
21700,-184,287,252
21705,12,567,252
21710,-92,91,235
21715,-54,-609,204
21720,112,-422,306
21725,-173,350,242
21730,29,560,257
21735,-71,14,253
21740,-43,-658,193
21745,77,-326,301
21750,-160,397,242
21755,44,494,264
21760,-73,-73,293
21765,2,-673,202
21770,54,-262,279
21775,-157,438,244
21780,22,450,259
21785,-78,-150,293
21790,37,-665,209
21795,-10,-188,264
21800,-138,472,250
21805,5,381,241
21810,-100,-236,278
21815,58,-638,217
21820,22,-157,254
21825,22,-157,254
21830,-87,513,250
21835,-13,319,241
21840,-119,-313,267
21845,75,-600,234
21850,-86,-38,244
21855,-59,562,254
21860,-28,265,238
21865,-116,-386,272
21870,97,-554,245
21875,-118,66,252
21880,-20,581,261
21885,-51,220,246
21890,-109,-459,258
21895,120,-494,251
21900,-120,122,249
21905,-7,586,266
21910,-47,196,255
21915,-105,-507,237
21920,143,-453,265
21925,-151,210,251
21930,10,592,266
21935,-66,153,254
21940,-68,-560,222
21945,161,-467,295
21950,-162,270,252
21955,18,552,255
21960,-93,93,237
21965,-62,-595,209
21970,109,-427,305
21975,-178,329,246
21980,21,551,252
21985,-70,40,243
21990,-38,-630,196
21995,76,-342,303
22000,-147,354,244
22005,39,507,261
22010,-72,-30,277
22015,-30,-648,199
[FEATURES] f0=-34975 f1=78106 f2=85580 f3=-187000 f4=174000 f5=361000 f6=64008 f7=-17915 f8=412538 f9=412927 f10=-673000 f11=601000 f12=1274000 f13=367674 f14=251965 f15=21450 f16=252876 f17=193000 f18=307000 f19=114000 f20=15396
[SCALED_FEATURES] f0=-1156 f1=293 f2=290 f3=-541 f4=878 f5=726 f6=254 f7=-1431 f8=1365 f9=1367 f10=-1691 f11=1395 f12=1544 f13=1331 f14=-593 f15=-514 f16=-533 f17=285 f18=-486 f19=-400 f20=-553
[FEATURES_X] mean=-34975 std=78106 rms=85580 min=-187000 max=174000 p2p=361000 mad=64008
[FEATURES_Y] mean=-17915 std=412538 rms=412927 min=-673000 max=601000 p2p=1274000 mad=367674
[FEATURES_Z] mean=251965 std=21450 rms=252876 min=193000 max=307000 p2p=114000 mad=15396
[CLASS] CLASS=rotor_unbalance ID=1 scores_x1000=[-4485,6813,-4043,1715]
[CLASS_STATS] condition=rotor_unbalance total_windows=22
predicted_count=[0,22,0,0]
correct_windows=22
accuracy_x1000=1000
current_prediction=1
[CLASS_TIMING] sample_interval_ms=5 window_acquisition_ms=895 feature_extract_ms=8 inference_ms=1 total_cycle_ms=969
22120,64,-610,224
22123,-72,-78,246
22125,-72,-78,246
22128,-78,526,249
22130,-78,526,249
22133,-26,300,239
22135,-26,300,239
22138,-115,-307,265
22141,-115,-307,265
22143,75,-580,236
22146,75,-580,236
22149,-70,-5,243
22151,-70,-5,243
22154,-57,563,265
22156,-57,563,265
22159,-36,261,239
22161,-36,261,239
22164,-110,-375,277
22167,-110,-375,277
22169,91,-547,244
22172,91,-547,244
22174,-87,52,254
22177,-87,52,254
22179,-20,571,263
22182,-20,571,263
22185,-45,219,242
22187,-45,219,242
22190,-110,-432,257
22192,111,-504,249
22195,111,-504,249
22198,-129,121,249
22200,-129,121,249
22203,5,571,269
22205,5,571,269
22208,-50,199,253
22210,-50,199,253
22213,-103,-479,247
22216,-103,-479,247
22218,122,-458,262
22221,122,-458,262
22224,-144,179,254
22226,-144,179,254
22230,5,574,266
22235,-61,172,261
22240,-76,-533,226
22245,148,-449,276
22250,-138,220,250
22255,20,559,254
22260,-84,126,252
22265,-68,-557,218
22270,141,-449,303
22275,-167,275,246
22280,20,534,248
22285,-99,77,234
22290,-51,-594,207
22295,110,-401,305
22300,-176,315,240
22305,22,529,250
22310,-85,37,239
22315,-41,-622,200
22320,64,-332,298
22325,-145,341,243
22330,31,506,255
22335,-67,-23,274
22340,-32,-637,203
22345,52,-286,296
22350,-143,374,245
22355,-143,374,245
22360,40,464,262
22365,-68,-70,289
22370,-2,-654,202
22375,33,-247,283
22380,-144,408,247
22385,28,441,263
22390,-74,-120,288
22395,25,-645,204
22400,50,-236,272
22405,-129,428,246
22410,-1,405,252
22415,-89,-185,293
22420,47,-634,214
22425,-5,-168,263
22430,-98,458,254
22435,-8,362,244
22440,-102,-238,276
22445,61,-622,220
22450,-85,-82,248
22455,-76,508,252
22460,-13,321,244
22465,-122,-297,267
22470,70,-596,228
22475,-119,-11,248
22480,-58,551,257
22485,-34,272,238
22490,-113,-365,271
22495,87,-559,241
22500,-93,31,248
22505,-29,578,263
22510,-48,230,237
22515,-108,-423,269
22520,108,-514,246
22525,-111,95,249
22530,-2,582,269
22535,-47,203,252
22540,-108,-480,252
22545,121,-463,260
22550,-142,175,249
22555,5,583,262
22560,-58,179,261
22565,-81,-523,230
22570,144,-449,276
22575,-151,226,249
22580,19,571,256
22585,-79,126,253
22590,-62,-564,216
22595,148,-451,301
22600,-170,272,245
22605,27,534,252
22610,-96,77,237
22615,-53,-591,206
22620,-53,-591,206
22625,112,-403,306
22630,-175,314,240
22635,24,534,247
22640,-81,36,238
22645,-40,-619,201
22650,75,-337,306
22655,-153,343,246
22660,34,503,253
22665,-69,-26,274
22670,-28,-639,199
22675,50,-278,292
22680,-144,382,253
22685,40,464,261
22690,-72,-71,288
22695,3,-657,206
22700,30,-239,274
22705,-147,417,250
22710,17,441,263
22715,-84,-130,292
22720,30,-652,208
22725,58,-224,269
22730,-127,444,253
22735,1,393,251
22740,-90,-203,292
22745,46,-645,211
22750,-26,-150,253
22755,-90,482,252
22760,-13,348,244
22765,-110,-263,269
22770,65,-615,223
22775,-97,-58,245
22780,-77,539,252
22785,-21,293,239
22790,-124,-337,266
22795,76,-578,239
22800,-80,3,243
22805,-37,569,256
22810,-45,248,236
22815,-110,-409,265
22820,107,-534,246
22825,-95,79,245
22830,-8,585,262
22835,-44,210,251
22840,-115,-490,244
22845,126,-472,256
22850,-151,165,249
22855,-4,599,260
22860,-52,180,261
22865,-89,-545,225
22870,172,-460,273
22875,-147,244,252
22880,16,579,254
22885,16,579,254
22890,-90,106,242
22895,-58,-596,210
22900,136,-446,304
22905,-191,324,247
22910,31,570,255
22915,-75,45,245
22920,-45,-639,193
22925,89,-357,308
22930,-168,385,249
22935,46,519,262
22940,-74,-33,282
22945,-25,-669,198
22950,69,-280,290
22955,-156,434,248
22960,28,473,262
22965,-75,-122,293
22970,24,-679,207
22975,26,-219,270
22980,-146,471,248
22985,7,404,247
22990,-93,-220,288
22995,49,-657,218
23000,-68,-136,264
23005,-117,523,247
23010,-6,333,243
23015,-129,-312,266
[FEATURES] f0=-34805 f1=81557 f2=88673 f3=-191000 f4=172000 f5=363000 f6=68148 f7=-14955 f8=417608 f9=417875 f10=-679000 f11=599000 f12=1278000 f13=373262 f14=251940 f15=22911 f16=252979 f17=193000 f18=308000 f19=115000 f20=16519
[SCALED_FEATURES] f0=-1134 f1=360 f2=356 f3=-588 f4=856 f5=737 f6=348 f7=-1030 f8=1394 f9=1396 f10=-1717 f11=1387 f12=1552 f13=1367 f14=-596 f15=-488 f16=-529 f17=285 f18=-475 f19=-394 f20=-532
[FEATURES_X] mean=-34805 std=81557 rms=88673 min=-191000 max=172000 p2p=363000 mad=68148
[FEATURES_Y] mean=-14955 std=417608 rms=417875 min=-679000 max=599000 p2p=1278000 mad=373262
[FEATURES_Z] mean=251940 std=22911 rms=252979 min=193000 max=308000 p2p=115000 mad=16519
[CLASS] CLASS=rotor_unbalance ID=1 scores_x1000=[-4380,6796,-3793,1377]
[CLASS_STATS] condition=rotor_unbalance total_windows=23
predicted_count=[0,23,0,0]
correct_windows=23
accuracy_x1000=1000
current_prediction=1
[CLASS_TIMING] sample_interval_ms=5 window_acquisition_ms=895 feature_extract_ms=8 inference_ms=1 total_cycle_ms=969
23120,117,-430,307
23123,117,-430,307
23125,-183,366,246
23128,-183,366,246
23131,43,568,265
23133,43,568,265
23136,-71,-3,267
23138,-71,-3,267
23141,-44,-672,195
23143,-44,-672,195
23146,99,-327,307
23148,99,-327,307
23151,-184,436,246
23154,-184,436,246
23156,42,501,266
23159,42,501,266
23161,-71,-97,284
23164,-71,-97,284
23166,11,-684,208
23169,11,-684,208
23172,55,-242,276
23174,55,-242,276
23177,-157,489,245
23179,-157,489,245
23182,12,426,242
23185,12,426,242
23187,-98,-222,296
23190,-98,-222,296
23192,45,-660,213
23195,45,-660,213
23197,14,-170,258
23200,14,-170,258
23203,-135,537,248
23205,-135,537,248
23208,-4,337,239
23210,-4,337,239
23213,-132,-329,277
23216,-132,-329,277
23218,68,-607,237
23221,68,-607,237
23224,-25,-60,251
23226,-25,-60,251
23230,-49,569,253
23235,-26,253,238
23240,-126,-439,267
23245,107,-542,249
23250,-94,84,246
23255,-16,605,259
23260,-41,218,256
23265,-118,-522,236
23270,160,-479,260
23275,-146,208,249
23280,2,606,260
23285,-68,141,249
23290,-82,-585,215
23295,173,-470,288
23300,-182,304,257
23305,12,592,257
23310,-84,76,241
23315,-51,-625,196
23320,108,-402,307
23325,-168,363,250
23330,38,547,262
23335,-73,1,256
23340,-42,-656,193
23345,72,-313,300
23350,-149,394,245
23355,46,487,264
23360,-68,-72,291
23365,-11,-669,204
23370,51,-254,280
23375,-158,434,246
23380,21,449,259
23385,-84,-139,293
23390,25,-658,205
23395,14,-201,266
23400,-134,457,246
23405,1,391,249
23410,-86,-209,294
23415,45,-645,215
23420,45,-645,215
23425,28,-185,249
23430,-106,486,251
23435,-12,341,242
23440,-111,-270,266
23445,65,-606,228
23450,-92,-52,244
23455,-74,537,249
23460,-21,293,246
23465,-118,-334,264
23470,74,-578,234
23475,-79,1,247
23480,-44,564,253
23485,-36,247,242
23490,-116,-393,272
23495,96,-537,246
23500,-100,68,253
23505,-13,563,268
23510,-46,210,241
23515,-107,-441,264
23520,112,-495,254
23525,-140,131,253
23530,3,570,269
23535,-56,195,252
23540,-105,-475,248
23545,120,-454,261
23550,-132,167,251
23555,8,569,266
23560,-59,177,261
23565,-93,-509,228
23570,136,-441,273
23575,-138,203,246
23580,20,561,262
23585,-69,144,259
23590,-77,-536,221
23595,146,-446,292
23600,-157,242,240
23605,30,541,254
23610,-88,97,249
23615,-58,-567,213
23620,129,-437,305
23625,-180,289,239
23630,24,533,250
23635,-92,59,237
23640,-40,-612,200
23645,95,-374,304
23650,-157,329,241
23655,32,528,258
23660,-73,-10,272
23665,-42,-663,197
23670,77,-309,300
23675,-167,403,248
23680,39,494,264
23685,39,494,264
23690,-67,-83,285
23695,9,-686,202
23700,60,-250,280
23705,-153,481,249
23710,13,433,243
23715,-97,-217,290
23720,42,-670,214
23725,0,-153,258
23730,-145,570,247
23735,-2,332,236
23740,-129,-371,278
23745,88,-602,240
23750,-32,-24,247
23755,-45,618,245
23760,-12,253,256
23765,-132,-536,245
23770,177,-543,259
23775,-185,203,246
23780,-26,660,251
23785,-57,132,239
23790,-88,-682,197
23795,177,-456,284
23800,-208,436,252
23805,41,639,276
23810,-46,-40,280
23815,-19,-743,189
23820,122,-338,309
23825,-206,571,247
23830,37,494,254
23835,-115,-260,300
23840,34,-690,219
23845,-1,-132,270
23850,-156,640,240
23855,-6,314,234
23860,-163,-462,272
23865,106,-567,256
23870,-70,69,238
23875,-56,663,243
23880,-41,193,235
23885,-128,-632,215
23890,191,-533,272
23895,-191,321,252
23900,17,678,262
23905,-57,25,277
23910,-61,-734,180
23915,155,-412,310
23920,-229,529,254
23925,32,575,265
23930,-61,-159,291
23935,15,-726,205
23940,43,-227,282
23945,-182,593,249
23950,-182,593,249
23955,18,395,242
23960,-138,-341,293
23965,71,-641,235
23970,-68,-52,257
23975,-101,643,243
23980,-7,268,252
23985,-143,-523,245
23990,158,-543,262
23995,-162,169,242
24000,-23,646,239
24005,-56,150,238
24010,-97,-659,201
24015,182,-477,272
[FEATURES] f0=-32060 f1=94066 f2=99379 f3=-229000 f4=191000 f5=420000 f6=78178 f7=-22990 f8=447520 f9=448110 f10=-743000 f11=678000 f12=1421000 f13=401040 f14=252705 f15=26212 f16=254060 f17=180000 f18=310000 f19=130000 f20=19484
[SCALED_FEATURES] f0=-770 f1=602 f2=585 f3=-1034 f4=1065 f5=1067 f6=578 f7=-2119 f8=1570 f9=1574 f10=-1991 f11=1709 f12=1852 f13=1547 f14=-509 f15=-432 f16=-490 f17=125 f18=-454 f19=-306 f20=-476
[FEATURES_X] mean=-32060 std=94066 rms=99379 min=-229000 max=191000 p2p=420000 mad=78178
[FEATURES_Y] mean=-22990 std=447520 rms=448110 min=-743000 max=678000 p2p=1421000 mad=401040
[FEATURES_Z] mean=252705 std=26212 rms=254060 min=180000 max=310000 p2p=130000 mad=19484
[CLASS] CLASS=rotor_unbalance ID=1 scores_x1000=[-5509,7958,-3123,674]
[CLASS_STATS] condition=rotor_unbalance total_windows=24
predicted_count=[0,24,0,0]
correct_windows=24
accuracy_x1000=1000
current_prediction=1
[CLASS_TIMING] sample_interval_ms=5 window_acquisition_ms=895 feature_extract_ms=8 inference_ms=0 total_cycle_ms=969
24120,-23,635,254
24123,-23,635,254
24125,-52,163,239
24128,-52,163,239
24130,-107,-608,212
24133,-107,-608,212
24136,189,-488,274
24138,189,-488,274
24141,-178,319,260
24144,-178,319,260
24146,10,638,261
24149,10,638,261
24151,-57,56,251
24154,-57,56,251
24156,-53,-680,195
24159,-53,-680,195
24162,120,-396,313
24164,120,-396,313
24167,-195,432,253
24170,55,554,275
24172,55,554,275
24175,55,554,275
24177,-70,-57,290
24180,-70,-57,290
24182,-17,-684,200
24185,84,-288,295
24187,84,-288,295
24190,-178,467,241
24193,-178,467,241
24195,23,466,262
24198,23,466,262
24200,-79,-159,295
24203,-79,-159,295
24206,34,-672,210
24208,34,-672,210
24211,1,-188,263
24213,1,-188,263
24216,-145,493,246
24218,-145,493,246
24221,9,381,241
24223,9,381,241
24226,-108,-251,277
24230,-108,-251,277
24235,60,-634,217
24240,-2,-154,254
24245,-106,521,248
24250,-8,315,240
24255,-127,-306,268
24260,71,-591,235
24265,-106,-18,249
24270,-68,555,253
24275,-25,260,241
24280,-120,-372,269
24285,89,-551,244
24290,-99,53,248
24295,-21,560,258
24300,-54,221,241
24305,-106,-418,266
24310,106,-505,249
24315,-111,92,253
24320,-5,562,265
24325,-61,201,242
24330,-103,-454,252
24335,117,-471,256
24340,-123,140,250
24345,1,556,260
24350,-59,183,251
24355,-97,-483,242
24360,122,-442,261
24365,-139,173,249
24370,10,556,260
24375,-64,173,257
24380,-88,-496,233
24385,116,-427,278
24390,-146,188,241
24395,20,540,256
24400,-65,155,259
24405,-77,-510,221
24410,116,-415,291
24415,-143,193,236
24420,26,530,259
24425,-73,141,258
24430,-64,-510,225
24435,109,-411,297
24440,-136,192,234
24445,25,521,251
24450,-74,132,254
24455,-60,-514,223
24460,102,-403,298
24465,-140,189,235
24470,29,508,253
24475,-75,131,254
24480,-75,131,254
24485,-68,-496,224
24490,91,-392,301
24495,-125,175,232
24500,28,504,250
24505,-78,134,257
24510,-68,-490,227
24515,83,-391,301
24520,-135,165,232
24525,22,494,251
24530,-82,133,255
24535,-69,-476,226
24540,84,-396,295
24545,-135,141,241
24550,36,483,251
24555,-84,139,243
24560,-68,-463,241
24565,82,-415,281
24570,-136,117,242
24575,32,476,255
24580,-77,147,237
24585,-77,-442,248
24590,89,-437,266
24595,-128,92,240
24600,28,475,257
24605,-75,158,233
24610,-84,-402,262
24615,88,-462,256
24620,-115,58,240
24625,11,470,254
24630,-68,182,238
24635,-82,-358,265
24640,82,-487,248
24645,-123,30,236
24650,-4,469,255
24655,-67,215,239
24660,-82,-320,262
24665,79,-520,238
24670,-112,-12,233
24675,-8,444,259
24680,-61,250,245
24685,-74,-258,259
24690,69,-549,229
24695,-98,-41,224
24700,-15,431,261
24705,-65,287,247
24710,-77,-216,271
24715,57,-564,224
24720,-76,-68,231
24725,-32,422,262
24730,-53,320,252
24735,-78,-175,295
24740,43,-571,218
24745,43,-571,218
24750,-71,-91,243
24755,-50,408,263
24760,-25,357,260
24765,-78,-142,308
24770,21,-576,221
24775,-63,-107,261
24780,-55,382,270
24785,-8,382,267
24790,-50,-99,294
24795,-7,-590,211
24800,-49,-139,283
24805,-63,366,270
24810,-11,420,268
24815,-46,-69,280
24820,-13,-596,209
24825,-15,-166,290
24830,-76,353,267
24835,2,447,262
24840,-57,-46,270
24845,-17,-597,207
24850,-19,-182,289
24855,-98,331,268
24860,4,459,259
24865,-65,-32,263
24870,-17,-607,204
24875,25,-216,280
24880,-102,324,260
24885,9,459,258
24890,-71,-33,258
24895,-13,-611,210
24900,39,-244,286
24905,-107,315,258
24910,13,452,255
24915,-74,-36,259
24920,-11,-608,207
24925,-22,-232,288
24930,-109,313,256
24935,10,458,256
24940,-77,-31,259
24945,-16,-607,205
24950,70,-264,286
24955,-107,309,257
24960,8,446,250
24965,-73,-25,246
24970,-13,-595,208
24975,-17,-232,284
24980,-108,299,257
24985,7,446,254
24990,-82,-9,238
24995,-16,-588,205
25000,6,-255,281
25005,-120,285,257
25010,-120,285,257
25015,3,445,251
[FEATURES] f0=-33170 f1=74518 f2=81567 f3=-195000 f4=189000 f5=384000 f6=61829 f7=-8930 f8=396259 f9=396359 f10=-684000 f11=638000 f12=1322000 f13=350559 f14=253220 f15=23607 f16=254318 f17=195000 f18=313000 f19=118000 f20=17774
[SCALED_FEATURES] f0=-917 f1=223 f2=204 f3=-635 f4=1043 f5=859 f6=204 f7=-213 f8=1269 f9=1269 f10=-1738 f11=1546 f12=1645 f13=1220 f14=-450 f15=-477 f16=-481 f17=310 f18=-422 f19=-376 f20=-509
[FEATURES_X] mean=-33170 std=74518 rms=81567 min=-195000 max=189000 p2p=384000 mad=61829
[FEATURES_Y] mean=-8930 std=396259 rms=396359 min=-684000 max=638000 p2p=1322000 mad=350559
[FEATURES_Z] mean=253220 std=23607 rms=254318 min=195000 max=313000 p2p=118000 mad=17774
[CLASS] CLASS=rotor_unbalance ID=1 scores_x1000=[-4405,6735,-2713,383]
[CLASS_STATS] condition=rotor_unbalance total_windows=25
predicted_count=[0,25,0,0]
correct_windows=25
accuracy_x1000=1000
current_prediction=1
[CLASS_TIMING] sample_interval_ms=5 window_acquisition_ms=895 feature_extract_ms=8 inference_ms=1 total_cycle_ms=969
25119,-81,112,251
25122,-81,112,251
25124,-57,-493,223
25127,-57,-493,223
25130,113,-384,304
25132,113,-384,304
25135,-125,134,246
25138,-125,134,246
25140,35,466,250
25143,-89,126,242
25145,-89,126,242
25148,-66,-468,238
25151,-66,-468,238
25153,74,-401,285
25156,74,-401,285
25158,-131,101,241
25161,-131,101,241
25164,37,460,253
25166,37,460,253
25169,-79,139,234
25171,-79,139,234
25174,-74,-435,252
25177,-74,-435,252
25179,80,-444,267
25182,80,-444,267
25184,-124,67,247
25187,-124,67,247
25190,34,465,255
25192,34,465,255
25194,-70,161,234
25197,-70,161,234
25200,-82,-391,258
25202,-82,-391,258
25205,86,-473,251
25208,86,-473,251
25210,-120,31,240
25213,-120,31,240
25215,17,463,251
25218,17,463,251
25220,-67,194,240
25223,-67,194,240
25225,-83,-328,263
25230,80,-508,241
25235,-114,-10,234
25240,0,445,255
25245,-68,234,238
25250,-74,-276,257
25255,74,-538,237
25260,-99,-42,230
25265,-6,425,259
25270,-67,274,245
25275,-67,274,245
25280,-75,-219,273
25285,57,-552,229
25290,-88,-71,231
25295,-28,410,256
25300,-54,317,257
25305,-76,-174,295
25310,47,-564,220
25315,-78,-102,246
25320,-41,391,265
25325,-27,352,258
25330,-60,-139,313
25335,12,-568,214
25340,-76,-123,255
25345,-38,361,269
25350,-23,392,254
25355,-42,-85,284
25360,-6,-571,217
25365,-49,-162,270
25370,-57,336,269
25375,-25,429,257
25380,-61,-29,244
25385,-14,-576,210
25390,-30,-201,272
25395,-90,308,267
25400,-15,442,252
25405,-74,4,246
25410,-30,-569,203
25415,42,-246,279
25420,-91,267,266
25425,6,471,256
25430,-70,41,254
25435,-41,-556,208
25440,68,-266,289
25445,-95,221,258
25450,5,497,255
25455,-69,83,257
25460,-58,-525,216
25465,54,-293,303
25470,-101,174,252
25475,8,495,257
25480,-70,111,248
25485,-68,-500,225
25490,67,-352,286
25495,-114,131,248
25500,25,486,257
25505,-71,125,232
25510,-84,-467,245
25515,85,-410,267
25520,-111,82,249
25525,13,500,256
25530,-64,158,234
25535,-95,-410,255
25540,-95,-410,255
25545,87,-451,246
25550,-111,36,250
25555,-6,493,256
25560,-53,197,244
25565,-90,-354,260
25570,79,-492,243
25575,-104,-12,245
25580,-12,481,254
25585,-54,245,243
25590,-79,-284,269
25595,68,-528,232
25600,-88,-49,239
25605,-23,460,257
25610,-51,282,245
25615,-89,-235,273
25620,65,-546,231
25625,-71,-86,239
25630,-41,447,253
25635,-45,319,253
25640,-94,-197,291
25645,46,-557,226
25650,-63,-117,243
25655,-54,433,255
25660,-26,354,259
25665,-80,-171,312
25670,32,-569,219
25675,-52,-144,254
25680,-58,414,258
25685,-12,383,261
25690,-67,-142,317
25695,5,-580,218
25700,-49,-169,266
25705,-60,387,264
25710,-7,416,261
25715,-50,-107,295
25720,-3,-586,214
25725,-35,-191,280
25730,-67,366,264
25735,-14,441,255
25740,-48,-66,268
25745,-4,-589,210
25750,-12,-213,287
25755,-82,345,263
25760,-4,464,256
25765,-66,-27,243
25770,-18,-592,205
25775,11,-243,286
25780,-104,326,260
25785,-7,474,253
25790,-77,-9,242
25795,-28,-598,200
25800,45,-273,293
25805,45,-273,293
25810,-116,303,254
25815,6,480,252
25820,-74,12,248
25825,9,-607,206
25830,67,-302,294
25835,-104,264,258
25840,17,499,256
25845,-69,46,252
25850,-34,-577,214
25855,85,-330,297
25860,-102,234,251
25865,14,515,257
25870,-68,77,256
25875,-39,-554,213
25880,71,-340,305
25885,-104,197,250
25890,4,513,257
25895,-65,101,252
25900,-76,-516,217
25905,66,-367,293
25910,-110,149,253
25915,12,503,256
25920,-68,122,238
25925,-77,-483,243
25930,71,-413,264
25935,-102,102,255
25940,16,509,255
25945,-58,148,241
25950,-100,-417,255
25955,79,-460,246
25960,-101,45,251
25965,-10,494,258
25970,-52,192,242
25975,-87,-348,259
25980,66,-505,239
25985,-98,-16,239
25990,-18,452,253
25995,-62,239,244
26000,-86,-251,262
26005,56,-524,233
26010,-82,-68,235
26015,-35,418,248
[FEATURES] f0=-34175 f1=60103 f2=69140 f3=-131000 f4=113000 f5=244000 f6=50765 f7=-26815 f8=360282 f9=361278 f10=-607000 f11=515000 f12=1122000 f13=317535 f14=252325 f15=21522 f16=253241 f17=200000 f18=317000 f19=117000 f20=15325
[SCALED_FEATURES] f0=-1050 f1=-55 f2=-61 f3=116 f4=204 f5=50 f6=-49 f7=-2638 f8=1058 f9=1062 f10=-1408 f11=1044 f12=1225 f13=1006 f14=-552 f15=-512 f16=-520 f17=371 f18=-379 f19=-382 f20=-555
[FEATURES_X] mean=-34175 std=60103 rms=69140 min=-131000 max=113000 p2p=244000 mad=50765
[FEATURES_Y] mean=-26815 std=360282 rms=361278 min=-607000 max=515000 p2p=1122000 mad=317535
[FEATURES_Z] mean=252325 std=21522 rms=253241 min=200000 max=317000 p2p=117000 mad=15325
[CLASS] CLASS=rotor_unbalance ID=1 scores_x1000=[-2409,5812,-4209,807]
[CLASS_STATS] condition=rotor_unbalance total_windows=26
predicted_count=[0,26,0,0]
correct_windows=26
accuracy_x1000=1000
current_prediction=1
[CLASS_TIMING] sample_interval_ms=5 window_acquisition_ms=896 feature_extract_ms=8 inference_ms=1 total_cycle_ms=970
26120,-79,269,261
26122,3,469,255
26125,3,469,255
26127,-57,34,262
26129,-57,34,262
26132,-54,-541,218
26135,-54,-541,218
26137,53,-289,292
26140,53,-289,292
26142,-78,219,249
26145,-78,219,249
26148,2,494,255
26150,2,494,255
26152,-64,81,253
26155,-64,81,253
26157,-63,-527,218
26160,-63,-527,218
26163,58,-336,305
26165,58,-336,305
26168,-102,171,249
26170,-102,171,249
26173,10,491,261
26176,10,491,261
26178,-67,113,241
26181,-67,113,241
26183,-79,-491,234
26186,-79,-491,234
26188,70,-391,279
26191,70,-391,279
26194,-98,112,258
26196,-98,112,258
26199,15,499,257
26201,15,499,257
26204,-60,137,235
26206,-60,137,235
26209,-96,-445,248
26212,-96,-445,248
26214,84,-436,250
26217,84,-436,250
26219,-102,67,255
26222,-102,67,255
26225,4,497,261
26230,-55,174,241
26235,-100,-388,256
26240,81,-485,238
26245,-111,8,247
26250,-10,479,255
26255,-57,218,240
26260,-88,-314,260
26265,70,-526,236
26270,-91,-37,242
26275,-25,456,255
26280,-52,263,245
26285,-88,-250,263
26290,63,-537,232
26295,-77,-76,238
26300,-36,444,257
26305,-48,312,253
26310,-82,-204,292
26315,38,-555,221
26320,-62,-114,237
26325,-53,437,251
26330,-31,345,256
26335,-78,-173,307
26340,-78,-173,307
26345,28,-575,217
26350,-52,-143,248
26355,-63,423,254
26360,-11,379,264
26365,-58,-145,305
26370,13,-585,217
26375,-48,-168,266
26380,-58,393,262
26385,-6,412,259
26390,-52,-118,307
26395,9,-584,216
26400,-34,-180,275
26405,-68,365,267
26410,-11,436,257
26415,-52,-59,266
26420,-15,-576,216
26425,-20,-203,283
26430,-89,334,268
26435,-16,443,252
26440,-81,-22,242
26445,-30,-557,209
26450,23,-244,288
26455,-93,291,262
26460,8,458,254
26465,-65,13,252
26470,-39,-546,205
26475,56,-278,294
26480,-88,241,252
26485,8,489,255
26490,-62,63,260
26495,-11,-546,219
26500,50,-311,300
26505,-93,183,249
26510,13,483,259
26515,-75,104,243
26520,-65,-492,236
26525,56,-371,281
26530,-93,121,252
26535,12,491,259
26540,-59,131,233
26545,-92,-421,250
26550,68,-443,257
26555,-91,57,254
26560,-10,487,256
26565,-54,184,243
26570,-84,-337,262
26575,63,-497,238
26580,-93,-9,241
26585,-16,447,252
26590,-58,232,244
26595,-87,-253,260
26600,54,-528,231
26605,54,-528,231
26610,-84,-65,234
26615,-32,417,250
26620,-42,290,254
26625,-90,-187,299
26630,31,-531,222
26635,-66,-107,238
26640,-31,379,258
26645,-19,338,259
26650,-53,-144,316
26655,-1,-536,219
26660,-55,-157,270
26665,-51,340,261
26670,-25,392,249
26675,-62,-51,244
26680,-2,-547,215
26685,-16,-204,282
26690,-70,301,267
26695,-7,421,251
26700,-58,-10,259
26705,-11,-534,214
26710,37,-249,282
26715,-75,245,258
26720,-3,465,254
26725,-60,52,259
26730,-49,-511,219
26735,32,-285,303
26740,-87,186,245
26745,9,473,261
26750,-65,98,242
26755,-73,-474,238
26760,57,-367,277
26765,-89,118,253
26770,3,486,259
26775,-62,134,240
26780,-93,-396,256
26785,63,-447,253
26790,-93,42,249
26795,-9,467,252
26800,-58,190,241
26805,-80,-309,259
26810,59,-501,236
26815,-89,-30,243
26820,-21,428,254
26825,-57,249,251
26830,-93,-214,270
26835,42,-522,228
26840,-74,-81,232
26845,-35,393,252
26850,-28,306,257
26855,-73,-168,314
26860,2,-533,216
26865,-59,-135,252
26870,-59,-135,252
26875,-32,356,262
26880,-25,368,251
26885,-51,-91,276
26890,-3,-545,221
26895,-40,-176,273
26900,-72,324,270
26905,-19,398,249
26910,-69,-33,247
26915,-31,-543,215
26920,17,-237,281
26925,-69,273,259
26930,5,453,257
26935,-54,25,262
26940,-18,-538,209
26945,47,-264,296
26950,-78,224,253
26955,2,476,254
26960,-68,71,257
26965,-9,-532,221
26970,42,-318,297
26975,-93,167,251
26980,13,481,261
26985,-68,111,236
26990,-76,-475,238
26995,70,-394,272
27000,-96,108,250
27005,9,498,256
27010,-61,142,238
27015,-95,-416,251
[FEATURES] f0=-33590 f1=50100 f2=60318 f3=-111000 f4=84000 f5=195000 f6=42693 f7=-22170 f8=355218 f9=355909 f10=-585000 f11=499000 f12=1084000 f13=312856 f14=253510 f15=21669 f16=254434 f17=205000 f18=316000 f19=111000 f20=15455
[SCALED_FEATURES] f0=-973 f1=-249 f2=-250 f3=351 f4=-115 f5=-233 f6=-234 f7=-2008 f8=1028 f9=1030 f10=-1314 f11=979 f12=1146 f13=976 f14=-417 f15=-510 f16=-476 f17=433 f18=-389 f19=-417 f20=-552
[FEATURES_X] mean=-33590 std=50100 rms=60318 min=-111000 max=84000 p2p=195000 mad=42693
[FEATURES_Y] mean=-22170 std=355218 rms=355909 min=-585000 max=499000 p2p=1084000 mad=312856
[FEATURES_Z] mean=253510 std=21669 rms=254434 min=205000 max=316000 p2p=111000 mad=15455
[CLASS] CLASS=rotor_unbalance ID=1 scores_x1000=[-1515,5545,-3660,-369]
[CLASS_STATS] condition=rotor_unbalance total_windows=27
predicted_count=[0,27,0,0]
correct_windows=27
accuracy_x1000=1000
current_prediction=1
[CLASS_TIMING] sample_interval_ms=5 window_acquisition_ms=895 feature_extract_ms=8 inference_ms=1 total_cycle_ms=969
27120,-92,-190,303
27123,45,-556,224
27125,45,-556,224
27128,-63,-121,245
27130,-63,-121,245
27133,-54,422,254
27136,-15,354,262
27138,-15,354,262
27141,-74,-163,320
27143,-74,-163,320
27146,26,-573,215
27149,26,-573,215
27151,-53,-152,260
27154,-53,-152,260
27156,-52,398,262
27159,-52,398,262
27162,-8,388,260
27164,-8,388,260
27167,-55,-124,306
27169,-55,-124,306
27172,-5,-588,219
27174,-5,-588,219
27177,-35,-176,273
27180,-35,-176,273
27182,-57,376,267
27185,-57,376,267
27187,-14,430,255
27190,-14,430,255
27193,-49,-77,275
27195,-49,-77,275
27198,6,-599,217
27200,6,-599,217
27203,-21,-200,283
27205,-21,-200,283
27208,-74,357,271
27211,-74,357,271
27213,-11,459,257
27216,-11,459,257
27218,-55,-40,242
27221,-55,-40,242
27223,-33,-591,203
27226,-33,-591,203
27230,4,-226,286
27235,-94,343,262
27240,-14,475,248
27245,-74,-22,241
27250,-23,-595,203
27255,28,-255,291
27260,-115,333,264
27265,-2,484,252
27270,-80,-6,241
27275,-51,-604,205
27280,45,-284,295
27285,-123,316,257
27290,2,491,251
27295,-77,0,244
27300,-46,-592,199
27305,63,-300,306
27310,-130,315,259
27315,4,497,253
27320,-85,9,242
27325,-45,-610,204
27330,67,-312,299
27335,-132,309,256
27340,5,507,252
27345,-82,13,241
27350,-36,-632,201
27355,70,-329,303
27360,-138,314,256
27365,3,516,249
27370,-82,15,239
27375,-42,-630,201
27380,70,-330,298
27385,-143,319,254
27390,7,527,252
27395,7,527,252
27400,-83,15,237
27405,-13,-649,200
27410,62,-321,294
27415,-136,327,253
27420,3,526,254
27425,-79,11,236
27430,-33,-639,199
27435,61,-311,300
27440,-135,335,254
27445,6,523,255
27450,-71,1,240
27455,-36,-643,195
27460,58,-302,300
27465,-128,344,255
27470,9,527,253
27475,-61,-7,251
27480,-26,-646,198
27485,56,-284,293
27490,-120,349,262
27495,9,516,257
27500,-59,-27,261
27505,-20,-643,204
27510,31,-261,290
27515,-111,366,259
27520,14,509,260
27525,-55,-45,273
27530,-19,-654,205
27535,27,-242,286
27540,-109,385,265
27545,22,493,267
27550,-62,-73,287
27555,-16,-660,203
27560,3,-215,276
27565,-107,410,269
27570,24,481,269
27575,-56,-85,286
27580,-8,-669,200
27585,8,-180,273
27590,-131,444,269
27595,17,463,265
27600,-64,-116,287
27605,9,-664,206
27610,36,-169,275
27615,-132,461,259
27620,1,428,267
27625,-80,-158,289
27630,27,-654,210
27635,-9,-184,261
27640,-120,461,252
27645,-7,374,249
27650,-99,-206,286
27655,52,-630,216
27660,52,-630,216
27665,-68,-119,251
27670,-96,485,251
27675,-11,328,247
27680,-121,-267,264
27685,75,-602,224
27690,-98,-54,250
27695,-68,522,252
27700,-21,291,241
27705,-128,-333,271
27710,87,-568,235
27715,-92,8,241
27720,-49,552,257
27725,-32,241,244
27730,-122,-403,267
27735,104,-535,243
27740,-129,71,250
27745,-6,562,260
27750,-47,208,235
27755,-107,-466,259
27760,123,-484,258
27765,-148,137,248
27770,7,572,262
27775,-53,192,253
27780,-107,-512,232
27785,147,-447,268
27790,-164,216,251
27795,14,586,257
27800,-62,143,259
27805,-76,-578,216
27810,167,-450,291
27815,-165,286,257
27820,13,572,250
27825,-92,89,240
27830,-61,-621,197
27835,122,-414,303
27840,-188,368,251
27845,33,568,261
27850,-71,20,261
27855,-47,-660,194
27860,90,-326,305
27865,-168,417,248
27870,49,502,271
27875,-68,-71,294
27880,-13,-669,206
27885,57,-259,286
27890,-168,460,247
27895,23,447,262
27900,-99,-157,307
27905,32,-656,211
27910,8,-195,268
27915,-143,490,248
27920,4,382,248
27925,4,382,248
27930,-110,-236,278
27935,65,-635,214
27940,-22,-137,258
27945,-107,530,251
27950,-8,318,236
27955,-127,-317,268
27960,82,-595,239
27965,-100,-51,248
27970,-57,575,252
27975,-20,245,238
27980,-117,-419,274
27985,106,-541,252
27990,-154,86,244
27995,-12,589,254
28000,-46,213,247
28005,-124,-487,248
28010,129,-477,258
28015,-107,154,246
[FEATURES] f0=-34175 f1=67655 f2=75797 f3=-188000 f4=167000 f5=355000 f6=54913 f7=-23665 f8=410436 f9=411117 f10=-669000 f11=589000 f12=1258000 f13=360725 f14=253380 f15=27342 f16=254851 f17=194000 f18=320000 f19=126000 f20=20344
[SCALED_FEATURES] f0=-1050 f1=90 f2=80 f3=-552 f4=800 f5=691 f6=45 f7=-2211 f8=1352 f9=1356 f10=-1674 f11=1346 f12=1511 f13=1286 f14=-432 f15=-413 f16=-461 f17=297 f18=-346 f19=-330 f20=-460
[FEATURES_X] mean=-34175 std=67655 rms=75797 min=-188000 max=167000 p2p=355000 mad=54913
[FEATURES_Y] mean=-23665 std=410436 rms=411117 min=-669000 max=589000 p2p=1258000 mad=360725
[FEATURES_Z] mean=253380 std=27342 rms=254851 min=194000 max=320000 p2p=126000 mad=20344
[CLASS] CLASS=rotor_unbalance ID=1 scores_x1000=[-3939,6978,-3999,961]
[CLASS_STATS] condition=rotor_unbalance total_windows=28
predicted_count=[0,28,0,0]
correct_windows=28
accuracy_x1000=1000
current_prediction=1
[CLASS_TIMING] sample_interval_ms=5 window_acquisition_ms=895 feature_extract_ms=8 inference_ms=1 total_cycle_ms=969
28120,23,453,265
28122,23,453,265
28125,-96,-150,310
28127,-96,-150,310
28130,30,-659,208
28132,30,-659,208
28135,11,-199,269
28138,11,-199,269
28140,-139,494,245
28143,-139,494,245
28145,1,388,244
28148,1,388,244
28150,-102,-231,284
28153,-102,-231,284
28156,60,-642,215
28158,60,-642,215
28161,6,-153,260
28163,6,-153,260
28166,-111,529,250
28169,-111,529,250
28171,-9,321,237
28174,-9,321,237
28176,-126,-310,270
28179,-126,-310,270
28182,72,-596,234
28184,72,-596,234
28187,-132,-46,260
28189,-132,-46,260
28192,-65,565,256
28195,-65,565,256
28197,-23,259,242
28200,-23,259,242
28202,-116,-399,276
28205,-116,-399,276
28208,98,-556,247
28210,98,-556,247
28213,-91,53,239
28215,-91,53,239
28218,-17,575,256
28221,-17,575,256
28223,-47,212,241
28226,-47,212,241
28230,-119,-476,258
28235,127,-483,259
28240,-117,137,245
28245,2,590,263
28250,-45,189,255
28255,-102,-545,222
28260,165,-447,268
28265,-172,231,247
28270,19,586,256
28275,-66,122,258
28280,-62,-593,209
28285,173,-441,293
28290,-188,310,254
28295,15,555,249
28300,-90,71,240
28305,-51,-619,198
28310,116,-393,308
28315,-174,358,248
28320,37,546,261
28325,-75,6,262
28330,-39,-646,199
28335,84,-312,305
28340,-164,399,252
28345,45,488,266
28350,-70,-57,280
28355,-24,-666,204
28360,55,-257,283
28365,-157,431,250
28370,35,451,262
28375,-78,-120,293
28380,14,-665,205
28385,16,-216,269
28390,-144,468,247
28395,7,404,249
28400,-91,-191,298
28405,42,-650,210
28410,-10,-163,257
28415,-119,501,250
28420,-8,351,238
28425,-112,-260,275
28430,62,-622,221
28435,4,-137,248
28440,-96,538,250
28445,-17,293,236
28450,-130,-344,267
28455,-130,-344,267
28460,84,-577,236
28465,-124,7,246
28470,-40,563,256
28475,-25,235,236
28480,-119,-434,266
28485,116,-528,253
28490,-97,80,242
28495,-5,580,260
28500,-48,206,249
28505,-115,-505,230
28510,136,-463,263
28515,-163,172,248
28520,10,592,258
28525,-60,167,256
28530,-81,-571,213
28535,186,-447,273
28540,-176,265,257
28545,22,579,253
28550,-84,100,242
28555,-66,-611,204
28560,145,-434,299
28565,-190,345,249
28570,20,586,257
28575,-68,40,248
28580,-50,-657,191
28585,98,-350,310
28590,-180,419,251
28595,51,524,270
28600,-63,-54,287
28605,-30,-686,195
28610,72,-277,289
28615,-168,469,249
28620,23,466,265
28625,-86,-151,304
28630,27,-676,209
28635,11,-201,268
28640,-147,506,246
28645,7,388,243
28650,-112,-242,279
28655,58,-642,215
28660,2,-145,256
28665,-119,554,251
28670,-12,307,231
28675,-138,-362,271
28680,85,-591,236
28685,-42,-35,248
28690,-50,575,254
28695,-30,237,235
28700,-125,-470,261
28705,120,-526,251
28710,-104,89,238
28715,-13,597,254
28720,-13,597,254
28725,-47,205,255
28730,-114,-542,223
28735,159,-461,264
28740,-146,199,247
28745,13,598,256
28750,-67,131,249
28755,-78,-604,210
28760,186,-454,284
28765,-193,317,255
28770,9,595,254
28775,-82,67,239
28780,-57,-645,192
28785,111,-399,309
28790,-179,398,254
28795,45,563,265
28800,-67,-27,290
28805,-41,-682,198
28810,93,-302,298
28815,-184,466,252
28820,41,489,273
28825,-84,-123,299
28830,14,-680,210
28835,49,-228,273
28840,-158,504,246
28845,7,409,249
28850,-100,-221,290
28855,49,-654,214
28860,-39,-132,257
28865,-136,559,250
28870,-4,327,235
28875,-138,-350,270
28880,81,-600,236
28885,-140,-32,257
28890,-50,582,252
28895,-22,243,234
28900,-132,-464,261
28905,118,-531,251
28910,-157,105,237
28915,-17,612,254
28920,-37,206,257
28925,-107,-562,218
28930,177,-472,272
28935,-180,223,250
28940,11,603,252
28945,-75,115,242
28950,-74,-626,202
28955,175,-450,286
28960,-183,344,256
28965,18,618,256
28970,-69,32,263
28975,-60,-678,192
28980,113,-376,312
28985,113,-376,312
28990,-186,454,252
28995,57,546,267
29000,-64,-76,286
29005,-4,-704,204
29010,82,-269,288
29015,-178,523,253
[FEATURES] f0=-33880 f1=90820 f2=96934 f3=-193000 f4=186000 f5=379000 f6=75344 f7=-19415 f8=434454 f9=434887 f10=-704000 f11=618000 f12=1322000 f13=389230 f14=252585 f15=25589 f16=253877 f17=191000 f18=312000 f19=121000 f20=18643
[SCALED_FEATURES] f0=-1011 f1=539 f2=533 f3=-611 f4=1010 f5=830 f6=513 f7=-1635 f8=1494 f9=1496 f10=-1824 f11=1464 f12=1645 f13=1471 f14=-523 f15=-443 f16=-497 f17=261 f18=-432 f19=-359 f20=-492
[FEATURES_X] mean=-33880 std=90820 rms=96934 min=-193000 max=186000 p2p=379000 mad=75344
[FEATURES_Y] mean=-19415 std=434454 rms=434887 min=-704000 max=618000 p2p=1322000 mad=389230
[FEATURES_Z] mean=252585 std=25589 rms=253877 min=191000 max=312000 p2p=121000 mad=18643
[CLASS] CLASS=rotor_unbalance ID=1 scores_x1000=[-4665,7234,-3614,1045]
[CLASS_STATS] condition=rotor_unbalance total_windows=29
predicted_count=[0,29,0,0]
correct_windows=29
accuracy_x1000=1000
current_prediction=1
[CLASS_TIMING] sample_interval_ms=5 window_acquisition_ms=895 feature_extract_ms=8 inference_ms=1 total_cycle_ms=969
29120,-54,61,247
29123,-54,61,247
29125,-62,-682,189
29128,-62,-682,189
29130,132,-410,314
29133,132,-410,314
29136,-192,459,254
29138,51,580,269
29141,51,580,269
29143,51,580,269
29146,-54,-65,287
29148,-54,-65,287
29151,-9,-711,202
29153,-9,-711,202
29156,111,-295,300
29159,-188,541,252
29161,-188,541,252
29164,26,463,259
29166,26,463,259
29169,-113,-230,300
29172,-113,-230,300
29174,46,-677,213
29177,46,-677,213
29180,-11,-150,265
29182,-11,-150,265
29185,-162,602,245
29188,-162,602,245
29190,4,333,228
29193,4,333,228
29195,-136,-385,281
29198,-136,-385,281
29200,93,-603,238
29203,93,-603,238
29206,1,-44,259
29208,1,-44,259
29210,-44,611,244
29213,-44,611,244
29216,-19,250,248
29218,-19,250,248
29221,-139,-543,237
29223,-139,-543,237
29226,159,-516,268
29230,-131,183,239
29235,-2,633,243
29240,-67,129,241
29245,-95,-663,196
29250,-95,-663,196
29255,189,-470,275
29260,-183,366,257
29265,36,641,264
29270,-64,5,282
29275,-49,-720,189
29280,142,-384,307
29285,-218,522,251
29290,35,551,267
29295,-77,-162,305
29300,19,-712,209
29305,47,-220,283
29310,-179,600,251
29315,19,389,245
29320,-146,-348,283
29325,76,-634,231
29330,-1,-80,264
29335,-91,631,247
29340,-7,269,237
29345,-150,-524,248
29350,151,-527,266
29355,-120,145,237
29360,-11,650,245
29365,-55,143,241
29370,-101,-670,193
29375,195,-481,269
29380,-215,375,258
29385,28,655,256
29390,-58,-4,286
29395,-50,-734,187
29400,150,-396,308
29405,-233,549,257
29410,24,562,262
29415,-72,-179,306
29420,19,-718,206
29425,37,-209,279
29430,-178,624,248
29435,15,371,238
29440,-136,-374,294
29445,84,-626,238
29450,-59,-32,255
29455,-94,666,243
29460,-8,261,242
29465,-145,-571,227
29470,193,-547,267
29475,-179,223,240
29480,-27,676,244
29485,-40,111,243
29490,-94,-718,186
29495,182,-448,280
29500,-214,467,259
29505,31,645,269
29510,-43,-66,273
29515,-43,-66,273
29520,-16,-750,190
29525,146,-335,305
29530,-224,600,253
29535,56,485,257
29540,-135,-279,300
29545,46,-685,225
29550,-4,-114,270
29555,-156,663,241
29560,0,309,236
29565,-156,-489,264
29570,125,-553,260
29575,-63,80,242
29580,-36,671,243
29585,-42,170,232
29590,-110,-678,203
29595,193,-501,276
29600,-185,362,251
29605,29,662,264
29610,-52,-5,290
29615,-51,-756,178
29620,155,-402,302
29625,-242,578,256
29630,28,571,255
29635,-70,-209,302
29640,13,-718,207
29645,41,-196,280
29650,-183,651,244
29655,-1,356,238
29660,-144,-419,286
29665,92,-601,249
29670,-30,-30,243
29675,-82,669,242
29680,-11,232,241
29685,-131,-605,215
29690,200,-553,271
29695,-217,281,249
29700,-19,694,252
29705,-43,68,265
29710,-88,-731,175
29715,184,-431,286
29720,-208,498,256
29725,25,620,267
29730,-44,-110,279
29735,0,-744,197
29740,100,-293,300
29745,-211,605,250
29750,33,443,254
29755,-144,-312,294
29760,55,-655,225
29765,-30,-85,260
29770,-135,650,245
29775,-3,289,232
29780,-3,289,232
29785,-152,-502,257
29790,132,-539,264
29795,-129,119,234
29800,-43,661,249
29805,-42,168,245
29810,-116,-643,203
29815,190,-498,278
29820,-178,334,256
29825,18,658,258
29830,-59,24,276
29835,-65,-724,185
29840,143,-405,306
29845,-221,518,252
29850,24,581,267
29855,-55,-127,284
29860,5,-721,201
29865,60,-254,285
29870,-191,585,250
29875,26,419,248
29880,-135,-297,292
29885,53,-648,224
29890,-14,-103,263
29895,-129,616,242
29900,-5,279,226
29905,-141,-461,270
29910,121,-546,253
29915,-160,85,241
29920,-34,634,250
29925,-21,213,259
29930,-117,-583,214
29935,188,-493,268
29940,-183,241,251
29945,4,610,249
29950,-75,113,242
29955,-75,-648,201
29960,176,-442,283
29965,-179,363,259
29970,28,609,261
29975,-66,9,274
29980,-56,-683,190
29985,110,-362,307
29990,-202,457,250
29995,56,522,271
30000,-65,-86,285
30005,-4,-696,200
30010,60,-260,283
30015,-167,481,244
[FEATURES] f0=-33190 f1=106370 f2=111427 f3=-242000 f4=200000 f5=442000 f6=85716 f7=-24795 f8=483291 f9=483927 f10=-756000 f11=694000 f12=1450000 f13=431541 f14=252045 f15=29853 f16=253806 f17=175000 f18=314000 f19=139000 f20=22735
[SCALED_FEATURES] f0=-920 f1=841 f2=843 f3=-1186 f4=1165 f5=1194 f6=751 f7=-2364 f8=1781 f9=1785 f10=-2047 f11=1774 f12=1913 f13=1745 f14=-584 f15=-370 f16=-499 f17=63 f18=-411 f19=-254 f20=-415
[FEATURES_X] mean=-33190 std=106370 rms=111427 min=-242000 max=200000 p2p=442000 mad=85716
[FEATURES_Y] mean=-24795 std=483291 rms=483927 min=-756000 max=694000 p2p=1450000 mad=431541
[FEATURES_Z] mean=252045 std=29853 rms=253806 min=175000 max=314000 p2p=139000 mad=22735
[CLASS] CLASS=rotor_unbalance ID=1 scores_x1000=[-5740,8429,-3664,975]
[CLASS_STATS] condition=rotor_unbalance total_windows=30
predicted_count=[0,30,0,0]
correct_windows=30
accuracy_x1000=1000
current_prediction=1
[CLASS_TIMING] sample_interval_ms=5 window_acquisition_ms=895 feature_extract_ms=8 inference_ms=1 total_cycle_ms=970
30120,-38,547,262
30123,-44,232,241
30125,-44,232,241
30128,-117,-394,270
30131,-117,-394,270
30133,97,-521,243
30136,97,-521,243
30139,-95,62,258
30141,-95,62,258
30144,-15,537,266
30146,-15,537,266
30149,-50,215,237
30151,-50,215,237
30154,-109,-401,267
30157,-109,-401,267
30159,99,-501,248
30162,99,-501,248
30164,-117,87,260
30167,-117,87,260
30170,0,530,264
30172,0,530,264
30174,-53,204,236
30177,-53,204,236
30180,-95,-401,271
30182,-95,-401,271
30185,103,-498,253
30188,103,-498,253
30190,-108,86,258
30193,-108,86,258
30195,1,529,265
30198,1,529,265
30200,-60,198,239
30203,-60,198,239
30205,-93,-404,269
30208,-93,-404,269
30211,103,-492,246
30213,103,-492,246
30216,-102,92,253
30218,-102,92,253
30221,2,522,267
30223,2,522,267
30226,-57,189,240
30230,-93,-392,269
30235,97,-488,248
30240,-119,98,253
30245,3,521,264
30250,-58,192,236
30255,-95,-398,270
30260,95,-492,249
30265,-122,89,250
30270,2,519,263
30275,-59,196,238
30280,-95,-394,270
30285,95,-498,244
30290,-111,77,249
30295,-7,513,263
30300,-61,197,238
30305,-99,-395,266
30310,-99,-395,266
30315,98,-500,240
30320,-107,68,251
30325,-2,498,267
30330,-58,202,241
30335,-95,-378,265
30340,94,-493,241
30345,-127,54,243
30350,-9,492,262
30355,-58,220,238
30360,-93,-338,267
30365,85,-517,244
30370,-110,32,242
30375,-15,482,265
30380,-51,236,243
30385,-83,-305,263
30390,76,-534,237
30395,-94,1,240
30400,-17,466,266
30405,-54,262,237
30410,-78,-246,265
30415,58,-556,230
30420,-85,-20,236
30425,-29,451,265
30430,-57,290,249
30435,-77,-214,275
30440,49,-563,226
30445,-60,-56,249
30450,-45,436,261
30455,-49,318,255
30460,-80,-177,293
30465,36,-570,220
30470,-59,-78,254
30475,-60,410,262
30480,-24,340,259
30485,-78,-140,312
30490,15,-569,218
30495,-54,-109,270
30500,-61,369,268
30505,-10,372,263
30510,-62,-103,308
30515,2,-563,219
30520,-52,-135,281
30525,-70,335,267
30530,-21,409,260
30535,-59,-38,257
30540,-9,-566,215
30545,-4,-178,283
30550,-97,316,265
30555,-14,426,254
30560,-78,-6,243
30565,-17,-566,208
30570,43,-210,287
30575,43,-210,287
30580,-112,285,263
30585,6,436,254
30590,-86,21,247
30595,-32,-561,207
30600,58,-250,290
30605,-101,249,256
30610,17,460,254
30615,-79,48,257
30620,-36,-553,210
30625,113,-301,292
30630,-108,214,254
30635,27,480,250
30640,-80,76,254
30645,-45,-538,221
30650,52,-328,307
30655,-124,190,245
30660,29,480,250
30665,-80,99,257
30670,-55,-511,215
30675,75,-350,311
30680,-130,171,243
30685,29,476,248
30690,-81,111,256
30695,-55,-502,220
30700,77,-373,299
30705,-141,155,246
30710,31,468,249
30715,-82,125,247
30720,-64,-484,225
30725,87,-389,292
30730,-138,126,238
30735,35,461,252
30740,-83,131,235
30745,-67,-473,235
30750,98,-413,275
30755,-142,107,237
30760,42,465,250
30765,-82,141,230
30770,-72,-438,253
30775,94,-442,261
30780,-118,81,242
30785,31,465,255
30790,-67,161,235
30795,-86,-398,262
30800,91,-468,246
30805,-114,58,239
30810,15,465,255
30815,-67,185,239
30820,-84,-344,262
30825,82,-496,235
30830,-121,29,229
30835,-1,461,256
30840,-1,461,256
30845,-60,222,240
30850,-77,-284,259
30855,76,-529,239
30860,-115,-2,227
30865,-6,450,259
30870,-60,258,247
30875,-75,-246,263
30880,69,-546,228
30885,-101,-36,229
30890,-20,428,265
30895,-59,293,249
30900,-81,-199,282
30905,52,-559,227
30910,-75,-60,240
30915,-45,419,258
30920,-43,320,261
30925,-83,-159,303
30930,35,-560,219
30935,-70,-85,258
30940,-52,395,267
30945,-22,353,261
30950,-75,-133,321
30955,10,-562,220
30960,-48,-112,273
30965,-55,361,268
30970,-18,391,261
30975,-51,-80,286
30980,-6,-567,217
30985,-29,-149,282
30990,-70,336,272
30995,-16,420,258
31000,-64,-32,247
31005,-12,-575,208
31010,-10,-185,287
31015,-99,314,267
[FEATURES] f0=-34450 f1=65706 f2=74189 f3=-142000 f4=113000 f5=255000 f6=54758 f7=-16870 f8=365499 f9=365888 f10=-575000 f11=547000 f12=1122000 f13=323259 f14=254100 f15=20142 f16=254897 f17=207000 f18=321000 f19=114000 f20=15381
[SCALED_FEATURES] f0=-1087 f1=53 f2=46 f3=-12 f4=204 f5=113 f6=42 f7=-1289 f8=1088 f9=1089 f10=-1271 f11=1175 f12=1225 f13=1043 f14=-350 f15=-536 f16=-459 f17=458 f18=-336 f19=-400 f20=-554
[FEATURES_X] mean=-34450 std=65706 rms=74189 min=-142000 max=113000 p2p=255000 mad=54758
[FEATURES_Y] mean=-16870 std=365499 rms=365888 min=-575000 max=547000 p2p=1122000 mad=323259
[FEATURES_Z] mean=254100 std=20142 rms=254897 min=207000 max=321000 p2p=114000 mad=15381
[CLASS] CLASS=rotor_unbalance ID=1 scores_x1000=[-2120,5549,-3752,323]
[CLASS_STATS] condition=rotor_unbalance total_windows=31
predicted_count=[0,31,0,0]
correct_windows=31
accuracy_x1000=1000
current_prediction=1
[CLASS_TIMING] sample_interval_ms=5 window_acquisition_ms=895 feature_extract_ms=8 inference_ms=1 total_cycle_ms=969
31119,-125,164,245
31122,25,460,251
31125,25,460,251
31127,-80,109,247
31130,-80,109,247
31132,-59,-491,221
31135,-59,-491,221
31138,58,-358,298
31140,58,-358,298
31143,-133,129,244
31145,-133,129,244
31148,31,454,253
31150,31,454,253
31153,-77,123,238
31155,-77,123,238
31158,-66,-470,235
31161,-66,-470,235
31163,102,-417,274
31166,102,-417,274
31169,-128,92,240
31171,-128,92,240
31174,41,458,253
31176,41,458,253
31179,-73,139,234
31181,-73,139,234
31184,-73,-415,250
31187,-73,-415,250
31189,86,-450,259
31192,86,-450,259
31194,-117,51,245
31197,-117,51,245
31200,20,455,248
31202,20,455,248
31204,-69,173,236
31207,-69,173,236
31210,-78,-361,259
31212,-78,-361,259
31215,84,-480,244
31218,84,-480,244
31220,-112,13,235
31223,4,458,251
31225,4,458,251
31230,-61,210,239
31235,-78,-311,260
31240,81,-521,239
31245,-112,-13,232
31250,1,436,256
31255,-61,246,242
31260,-72,-256,267
31265,68,-543,231
31270,-106,-38,229
31275,-12,428,261
31280,-62,286,250
31285,-81,-211,278
31290,55,-556,225
31295,-94,-58,233
31300,-39,420,264
31305,-48,316,255
31310,-83,-170,295
31315,38,-562,223
31320,-76,-75,246
31325,-52,400,265
31330,-26,346,260
31335,-77,-142,321
31340,16,-566,219
31345,-70,-98,264
31350,-54,374,271
31355,-12,376,259
31360,-61,-107,309
31365,2,-570,217
31370,2,-570,217
31375,-43,-133,277
31380,-60,353,270
31385,-11,412,259
31390,-51,-52,262
31395,-6,-582,211
31400,-35,-160,284
31405,-83,337,271
31410,-6,436,262
31415,-68,-23,246
31420,-12,-586,210
31425,15,-193,287
31430,-107,314,265
31435,-12,446,257
31440,-84,0,242
31445,-23,-587,201
31450,23,-216,276
31455,-114,291,261
31460,8,447,251
31465,-91,8,248
31470,-23,-579,205
31475,95,-276,281
31480,-126,267,256
31485,20,449,249
31490,-89,26,247
31495,-32,-569,206
31500,154,-331,294
31505,-129,244,251
31510,27,452,253
31515,-84,35,255
31520,-24,-560,211
31525,77,-308,297
31530,-128,227,249
31535,33,455,248
31540,-83,53,255
31545,-34,-548,209
31550,132,-342,307
31555,-123,208,246
31560,36,464,250
31565,-79,72,255
31570,-37,-542,210
31575,93,-335,310
31580,-131,204,245
31585,33,476,247
31590,-84,83,256
31595,-35,-534,209
31600,95,-355,305
31605,-137,197,242
31610,35,483,248
31615,-85,95,255
31620,-47,-526,217
31625,89,-366,308
31630,-128,195,242
31635,-128,195,242
31640,34,489,249
31645,-84,101,256
31650,-48,-526,213
31655,96,-376,310
31660,-127,197,241
31665,36,493,248
31670,-86,105,263
31675,-43,-529,216
31680,98,-377,305
31685,-139,202,241
31690,37,500,257
31695,-83,108,257
31700,-43,-536,216
31705,116,-387,303
31710,-149,216,236
31715,43,493,256
31720,-80,96,260
31725,-44,-543,209
31730,117,-381,311
31735,-143,219,238
31740,46,493,250
31745,-78,87,262
31750,-42,-553,206
31755,117,-374,312
