2792,-18,-18,256
2797,-19,-24,258
2802,-20,-16,256
2807,-19,-21,255
2812,-19,-19,256
2817,-18,-20,254
2822,-18,-18,255
2827,-19,-21,257
2832,-19,-20,256
2837,-18,-20,256
2842,-20,-21,255
2847,-23,-16,255
2852,-21,-23,254
2857,-19,-18,255
2862,-19,-16,256
2867,-20,-18,256
2872,-21,-18,254
2877,-21,-18,254
2882,-17,-16,256
2887,-21,-21,255
2892,-23,-20,256
2897,-22,-16,256
2902,-20,-20,257
2907,-20,-19,257
2912,-20,-17,256
2917,-19,-17,259
2922,-21,-17,258
2927,-20,-14,254
2932,-19,-18,257
2937,-22,-19,259
2942,-20,-16,254
2947,-18,-19,256
2952,-20,-18,256
2957,-19,-19,254
2962,-21,-16,255
2967,-23,-18,256
2972,-20,-15,256
2977,-18,-19,257
2982,-20,-15,256
2987,-19,-18,256
2992,-17,-20,256
2997,-21,-17,257
3002,-20,-18,256
3007,-21,-19,256
3012,-18,-19,258
3017,-20,-18,254
3022,-19,-19,255
3027,-19,-19,256
3032,-18,-19,254
3037,-19,-16,256
3042,-20,-24,255
3047,-19,-17,255
3052,-19,-22,257
3057,-18,-16,255
3062,-20,-19,255
3067,-19,-21,255
3072,-21,-19,256
3077,-16,-20,256
3082,-20,-24,255
3087,-20,-19,254
3092,-19,-18,256
3097,-16,-22,255
3102,-18,-19,257
3107,-23,-17,255
3112,-19,-21,255
3117,-19,-19,256
3122,-19,-17,255
3127,-19,-20,254
3132,-20,-19,255
3137,-22,-19,255
3142,-19,-19,255
3147,-21,-17,255
3152,-21,-17,255
[FEATURES] f0=-19560 f1=1635 f2=19628 f3=-24000 f4=-16000 f5=8000 f6=1335 f7=-18445 f8=2055 f9=18559 f10=-24000 f11=-12000 f12=12000 f13=1593 f14=255995 f15=1408 f16=255998 f17=253000 f18=261000 f19=8000 f20=1056
[SCALED_FEATURES] f0=3702 f1=-1215 f2=-1228 f3=1483 f4=-1218 f5=-1360 f6=-1207 f7=-2773 f8=-986 f9=-904 f10=1026 f11=-1039 f12=-1036 f13=-981 f14=-163 f15=-853 f16=-453 f17=1013 f18=-1019 f19=-1033 f20=-817
[FEATURES_X] mean=-19560 std=1635 rms=19628 min=-24000 max=-16000 p2p=8000 mad=1335
[FEATURES_Y] mean=-18445 std=2055 rms=18559 min=-24000 max=-12000 p2p=12000 mad=1593
[FEATURES_Z] mean=255995 std=1408 rms=255998 min=253000 max=261000 p2p=8000 mad=1056
[CLASS] CLASS=normal ID=0 scores_x1000=[7015,-520,-6494]
[CLASS_STATS] condition=normal total_windows=3
predicted_count=[3,0,0]
correct_windows=3
accuracy_x1000=1000
current_prediction=0
[CLASS_TIMING] sample_interval_ms=5 window_acquisition_ms=901 feature_extract_ms=7 inference_ms=1 total_cycle_ms=972
3383,-18,-19,256
3385,-18,-19,256
3388,-17,-21,257
3390,-17,-21,257
3392,-20,-16,256
3395,-20,-16,256
3397,-21,-20,256
3400,-21,-20,256
3402,-20,-20,255
3405,-20,-20,255
3407,-22,-15,255
3410,-22,-15,255
3412,-20,-17,256
3415,-20,-17,256
3417,-17,-21,255
3420,-17,-21,255
3422,-17,-21,255
3425,-20,-18,255
3427,-20,-18,255
3430,-22,-19,255
3432,-22,-19,255
3435,-19,-18,257
3437,-19,-18,257
3440,-19,-19,258
3442,-19,-19,258
3445,-20,-19,257
3447,-20,-19,257
3450,-19,-19,255
3452,-19,-19,255
3455,-17,-18,257
3457,-17,-18,257
3460,-21,-18,257
3462,-21,-18,257
3465,-22,-19,255
3467,-22,-19,255
3469,-20,-17,255
3472,-20,-17,255
3474,-17,-18,256
3477,-17,-18,256
3479,-21,-17,255
3482,-21,-17,255
3484,-22,-16,255
3487,-22,-16,255
3489,-18,-15,256
3492,-18,-15,256
3494,-20,-19,256
3497,-20,-19,256
3499,-20,-18,257
3502,-20,-18,257
3504,-20,-19,257
3507,-20,-19,257
3509,-21,-20,255
3512,-21,-20,255
3514,-18,-16,257
3517,-18,-16,257
3519,-17,-20,256
3522,-17,-20,256
3524,-17,-20,256
3527,-18,-18,254
3529,-18,-18,254
3532,-20,-18,254
3534,-20,-18,254
3537,-19,-17,256
3539,-19,-17,256
3542,-17,-18,256
3544,-17,-18,256
3546,-20,-15,255
3549,-20,-15,255
3551,-19,-20,256
3554,-19,-20,256
3556,-19,-16,258
3559,-19,-16,258
3561,-19,-15,257
3564,-19,-15,257
3566,-16,-21,259
3569,-16,-21,259
3571,-21,-20,260
3574,-21,-20,260
3576,-18,-17,259
3579,-18,-17,259
3581,-16,-19,256
3584,-16,-19,256
3586,-20,-16,256
3589,-20,-16,256
3591,-18,-17,255
3594,-18,-17,255
3596,-17,-20,255
3599,-17,-20,255
3601,-20,-18,256
3604,-20,-18,256
3607,-22,-20,256
3612,-20,-19,255
3617,-22,-19,254
3622,-20,-16,256
3627,-19,-19,256
3632,-19,-18,256
3637,-19,-17,256
3642,-19,-22,256
3647,-22,-17,256
3652,-20,-20,256
3657,-20,-17,254
3662,-21,-21,256
3667,-16,-17,257
3672,-22,-23,255
3677,-20,-18,255
3682,-20,-19,255
3687,-19,-21,254
3692,-21,-19,256
3697,-21,-19,256
3702,-19,-19,255
3707,-16,-19,258
3712,-19,-16,258
3717,-17,-19,256
3722,-18,-21,256
3727,-20,-16,255
3732,-20,-17,255
3737,-21,-2MotorTinyML STM32F103 boot
[CLASS_CONFIG] condition=normal speed_percent=60
ADXL345 Device ID = 0xE5
OLED FOUND: 0x3C
OLED OK: MotorTinyML status displayed
ADXL345 READY: realtime classifier enabled
157,-18,-15,240
162,-17,-20,255
167,-19,-17,260
172,-22,-15,256
177,-15,-17,256
182,-20,-19,255
187,-20,-16,255
192,-20,-18,258
197,-16,-17,256
202,-20,-17,256
207,-22,-20,257
212,-20,-14,255
217,-17,-19,259
222,-16,-18,255
227,-19,-19,256
232,-18,-16,258
237,-19,-19,255
242,-21,-17,254
247,-22,-20,258
252,-19,-21,255
257,-20,-18,255
262,-21,-18,257
267,-20,-17,256
272,-21,-21,255
277,-20,-16,258
282,-23,-21,255
287,-21,-20,254
292,-21,-17,257
297,-19,-20,256
302,-20,-19,256
307,-20,-16,256
312,-21,-20,256
317,-21,-18,255
322,-21,-17,257
327,-22,-21,254
332,-19,-20,255
337,-18,-17,256
342,-19,-19,256
347,-20,-20,255
352,-21,-18,256
357,-19,-22,256
362,-19,-18,256
367,-21,-20,256
372,-16,-22,256
377,-19,-15,256
382,-20,-20,255
387,-19,-20,255
392,-20,-22,256
397,-20,-22,256
402,-21,-17,255
407,-18,-24,256
412,-19,-18,256
417,-18,-19,256
422,-16,-19,255
427,-20,-16,253
432,-20,-15,255
437,-19,-18,258
442,-19,-17,255
447,-16,-18,257
452,-17,-21,257
457,-21,-15,256
462,-21,-18,256
467,-20,-20,255
472,-22,-16,255
477,-20,-18,255
482,-19,-22,258
487,-17,-17,257
492,-17,-17,257
497,-19,-23,257
502,-21,-17,255
507,-18,-16,257
512,-19,-21,256
517,-20,-19,254
522,-18,-16,258
527,-21,-20,258
532,-20,-15,256
537,-19,-21,257
542,-18,-20,257
547,-19,-18,255
552,-16,-18,257
557,-19,-20,255
562,-22,-17,255
567,-21,-17,257
572,-19,-20,256
577,-19,-16,256
582,-21,-23,254
587,-19,-18,256
592,-18,-19,255
597,-21,-20,256
602,-20,-20,255
607,-20,-21,256
612,-20,-20,257
617,-18,-20,254
622,-21,-19,255
627,-18,-19,256
632,-17,-21,254
637,-21,-19,256
642,-20,-17,255
647,-19,-23,257
652,-20,-18,255
657,-20,-21,256
662,-18,-20,254
667,-21,-20,256
672,-21,-20,256
677,-22,-17,254
682,-18,-20,255
687,-18,-18,259
692,-20,-18,255
697,-13,-22,256
702,-17,-17,260
707,-19,-20,256
712,-18,-20,256
717,-22,-18,260
722,-21,-14,256
727,-17,-21,256
732,-20,-19,258
737,-20,-15,256
742,-20,-20,255
747,-22,-17,257
752,-19,-18,255
757,-20,-15,257
762,-21,-18,258
767,-18,-17,255
772,-19,-20,257
777,-19,-15,256
782,-21,-20,255
787,-21,-20,255
792,-23,-17,255
797,-21,-20,255
802,-19,-20,256
807,-20,-19,259
812,-20,-17,254
817,-19,-21,256
822,-19,-19,257
827,-19,-19,256
832,-21,-19,256
837,-19,-23,255
842,-18,-17,254
847,-21,-21,256
852,-20,-18,255
857,-19,-22,256
862,-24,-18,255
867,-21,-17,255
872,-20,-22,255
877,-20,-20,254
882,-19,-17,256
887,-19,-17,255
892,-20,-21,256
897,-20,-18,255
902,-23,-21,257
907,-19,-19,255
912,-19,-17,256
917,-20,-21,256
922,-22,-20,255
927,-20,-18,256
932,-19,-19,255
937,-22,-19,253
942,-20,-17,256
947,-20,-17,256
952,-19,-21,256
957,-19,-19,255
962,-20,-15,256
967,-20,-19,257
972,-18,-13,257
977,-18,-18,255
982,-21,-21,255
987,-20,-15,255
992,-19,-17,258
997,-19,-21,257
1002,-21,-17,254
1007,-19,-18,260
1012,-20,-21,257
1017,-21,-17,255
1022,-18,-19,259
1027,-18,-21,256
1032,-19,-16,254
1037,-20,-18,257
1042,-19,-19,255
1047,-18,-20,257
1052,-17,-19,259
1057,-20,-17,254
1062,-22,-19,256
1067,-21,-17,255
1072,-22,-22,255
1077,-19,-17,256
1082,-22,-19,256
1087,-18,-20,255
1092,-18,-16,257
1097,-17,-17,257
1102,-22,-20,255
1107,-19,-19,255
1112,-22,-17,255
1117,-19,-21,258
1122,-20,-20,256
1127,-20,-19,256
1132,-18,-18,257
1137,-19,-20,256
1142,-20,-19,257
1147,-20,-22,256
1152,-18,-20,255
[FEATURES] f0=-19555 f1=1605 f2=19620 f3=-24000 f4=-13000 f5=11000 f6=1261 f7=-18685 f8=2036 f9=18795 f10=-24000 f11=-13000 f12=11000 f13=1690 f14=255855 f15=1704 f16=255860 f17=240000 f18=260000 f19=20000 f20=1032
[SCALED_FEATURES] f0=3704 f1=-1216 f2=-1228 f3=1483 f4=-1186 f5=-1343 f6=-1209 f7=-2846 f8=-986 f9=-902 f10=1026 f11=-1043 f12=-1038 f13=-980 f14=-177 f15=-849 f16=-457 f17=866 f18=-1028 f19=-968 f20=-818
[FEATURES_X] mean=-19555 std=1605 rms=19620 min=-24000 max=-13000 p2p=11000 mad=1261
[FEATURES_Y] mean=-18685 std=2036 rms=18795 min=-24000 max=-13000 p2p=11000 mad=1690
[FEATURES_Z] mean=255855 std=1704 rms=255860 min=240000 max=260000 p2p=20000 mad=1032
[CLASS] CLASS=normal ID=0 scores_x1000=[7132,-512,-6620]
[CLASS_STATS] condition=normal total_windows=1
predicted_count=[1,0,0]
correct_windows=1
accuracy_x1000=1000
current_prediction=0
[CLASS_TIMING] sample_interval_ms=5 window_acquisition_ms=995 feature_extract_ms=7 inference_ms=1 total_cycle_ms=1066
1251,-19,-22,256
1254,-21,-18,255
1256,-21,-18,255
1259,-21,-19,256
1261,-21,-19,256
1264,-19,-18,255
1266,-19,-18,255
1269,-19,-21,256
1271,-19,-21,256
1274,-20,-18,256
1276,-20,-18,256
1278,-19,-18,258
1281,-19,-18,258
1283,-19,-18,258
1286,-19,-19,257
1288,-19,-19,257
1291,-19,-16,257
1293,-19,-16,257
1296,-21,-20,259
1298,-21,-20,259
1301,-17,-20,256
1303,-17,-20,256
1306,-18,-15,255
1308,-18,-15,255
1311,-20,-16,256
1313,-20,-16,256
1316,-18,-17,255
1318,-18,-17,255
1321,-19,-17,256
1323,-19,-17,256
1326,-20,-18,257
1328,-20,-18,257
1331,-21,-20,257
1333,-21,-20,257
1336,-21,-19,259
1338,-21,-19,259
1341,-18,-19,256
1343,-18,-19,256
1347,-15,-20,257
1352,-21,-18,256
1357,-22,-18,256
1362,-18,-19,256
1367,-20,-17,257
1372,-17,-21,257
1377,-20,-19,255
1382,-20,-18,257
1387,-19,-17,256
1392,-21,-22,256
1397,-20,-17,256
1402,-20,-21,255
1407,-21,-18,256
1412,-20,-16,257
1417,-20,-21,256
1422,-20,-20,254
1427,-22,-18,255
1432,-19,-21,246
1437,-5,-38,234
1442,-49,14,251
1447,-51,32,276
1452,5,-61,284
1457,22,-71,277
1462,-14,-21,258
1467,-14,-1,248
1472,-35,-22,234
1477,-40,17,241
1482,-26,-5,248
1487,-12,-51,257
1492,-12,-51,257
1497,-10,-27,267
1502,-20,-11,263
1507,-30,-17,256
1512,-25,-6,253
1517,-22,-25,250
1522,-20,-20,252
1527,-16,-22,251
1532,-13,-31,260
1537,-19,-16,268
1542,-16,-10,261
1547,-21,-22,259
1552,-24,-14,257
1557,-21,-13,253
1562,-16,-27,254
1567,-23,-14,252
1572,-22,-14,252
1577,-20,-20,255
1582,-20,-15,255
1587,-18,-19,256
1592,-14,-28,257
1597,-17,-19,255
1602,-22,-10,256
1607,-20,-19,256
1612,-21,-16,257
1617,-22,-16,261
1622,-20,-20,261
1627,-20,-22,258
1632,-19,-19,255
1637,-20,-23,254
1642,-19,-18,254
1647,-20,-18,253
1652,-23,-20,254
1657,-21,-19,255
1662,-19,-17,257
1667,-21,-19,256
1672,-19,-20,255
1677,-21,-18,256
1682,-20,-16,256
1687,-18,-22,256
1692,-20,-21,258
1697,-19,-17,255
1702,-16,-22,257
1707,-17,-19,257
1712,-20,-19,258
1717,-19,-17,257
1722,-18,-21,255
1727,-20,-18,254
1732,-24,-16,254
1737,-23,-20,253
1742,-20,-16,255
1747,-23,-20,255
1752,-18,-19,258
1757,-21,-19,257
1762,-22,-21,258
1767,-22,-21,258
1772,-19,-18,257
1777,-19,-15,256
1782,-22,-21,256
1787,-19,-20,256
1792,-22,-18,257
1797,-21,-16,256
1802,-16,-20,253
1807,-21,-18,257
1812,-19,-15,254
1817,-16,-18,255
1822,-22,-18,256
1827,-19,-14,255
1832,-20,-18,257
1837,-20,-20,256
1842,-17,-17,255
1847,-19,-22,258
1852,-18,-16,256
1857,-18,-20,257
1862,-20,-21,260
1867,-22,-18,255
1872,-20,-18,255
1877,-18,-19,256
1882,-17,-20,254
1887,-18,-21,255
1892,-21,-22,256
1897,-19,-17,255
1902,-18,-19,257
1907,-19,-20,257
1912,-19,-21,255
1917,-15,-19,258
1922,-18,-19,256
1927,-19,-19,255
1932,-19,-20,254
1937,-21,-21,254
1942,-22,-18,256
1947,-21,-19,255
1952,-20,-20,256
1957,-21,-17,256
1962,-19,-18,255
1967,-20,-19,256
1972,-21,-18,256
1977,-21,-19,256
1982,-21,-21,258
1987,-18,-19,256
1992,-17,-22,255
1997,-22,-19,255
2002,-20,-18,255
2007,-20,-20,254
2012,-23,-22,255
2017,-20,-15,256
2022,-19,-20,255
2027,-20,-19,255
2032,-21,-16,253
2037,-18,-21,254
2042,-18,-21,254
2047,-22,-20,255
2052,-19,-16,254
2057,-22,-18,255
2062,-20,-20,255
2067,-18,-16,256
2072,-22,-19,258
2077,-20,-17,256
2082,-18,-18,255
2087,-17,-22,263
2092,-21,-17,257
2097,-19,-16,257
2102,-17,-22,259
2107,-22,-19,256
2112,-19,-15,256
2117,-18,-21,258
2122,-21,-21,257
2127,-18,-15,257
2132,-16,-19,256
2137,-19,-22,255
2142,-20,-17,255
2147,-18,-19,258
2152,-19,-19,258
[FEATURES] f0=-19575 f1=5533 f2=20342 f3=-51000 f4=22000 f5=73000 f6=2516 f7=-18850 f8=8349 f9=20616 f10=-71000 f11=32000 f12=103000 f13=3545 f14=256049 f15=4451 f16=256088 f17=234000 f18=284000 f19=50000 f20=2115
[SCALED_FEATURES] f0=3697 f1=-1143 f2=-1213 f3=1176 f4=-817 f5=-1000 f6=-1181 f7=-2896 f8=-953 f9=-892 f10=843 f11=-874 f12=-861 f13=-969 f14=-158 f15=-806 f16=-450 f17=798 f18=-791 f19=-807 f20=-799
[FEATURES_X] mean=-19575 std=5533 rms=20342 min=-51000 max=22000 p2p=73000 mad=2516
[FEATURES_Y] mean=-18850 std=8349 rms=20616 min=-71000 max=32000 p2p=103000 mad=3545
[FEATURES_Z] mean=256049 std=4451 rms=256088 min=234000 max=284000 p2p=50000 mad=2115
[CLASS] CLASS=normal ID=0 scores_x1000=[6915,207,-7123]
[CLASS_STATS] condition=normal total_windows=2
predicted_count=[2,0,0]
correct_windows=2
accuracy_x1000=1000
current_prediction=0
[CLASS_TIMING] sample_interval_ms=5 window_acquisition_ms=901 feature_extract_ms=7 inference_ms=0 total_cycle_ms=971
2250,-21,-20,255
2253,-19,-15,256
2255,-19,-15,256
2258,-21,-18,258
2260,-21,-18,258
2263,-22,-14,255
2265,-22,-14,255
2268,-17,-20,258
2270,-17,-20,258
2273,-16,-16,254
2275,-16,-16,254
2278,-21,-15,254
2280,-21,-15,254
2283,-20,-19,256
2285,-20,-19,256
2288,-19,-19,256
2290,-19,-19,256
2293,-20,-17,255
2295,-20,-17,255
2298,-20,-19,256
2300,-20,-19,256
2303,-19,-18,255
2305,-19,-18,255
2307,-18,-17,255
2310,-18,-17,255
2312,-15,-19,256
2315,-15,-19,256
2317,-20,-17,258
2320,-20,-17,258
2322,-20,-17,258
2325,-17,-17,257
2327,-17,-17,257
2330,-20,-20,259
2332,-20,-20,259
2335,-21,-18,259
2337,-21,-18,259
2340,-18,-17,261
2342,-18,-17,261
2347,-16,-19,258
2352,-18,-16,254
2357,-16,-18,259
2362,-17,-20,260
2367,-19,-16,255
2372,-18,-20,256
2377,-19,-16,262
2382,-19,-20,255
2387,-18,-16,254
2392,-19,-20,260
2397,-20,-16,258
2402,-19,-18,255
2407,-17,-20,258
2412,-22,-17,255
2417,-18,-16,255
2422,-19,-20,257
2427,-20,-18,257
2432,-18,-15,255
2437,-18,-23,255
2442,-20,-18,256
2447,-19,-18,256
2452,-19,-18,254
2457,-18,-19,256
2462,-17,-17,256
2467,-21,-20,257
2472,-18,-19,256
2477,-22,-19,255
2482,-19,-20,256
2487,-20,-18,254
2492,-20,-21,257
2497,-21,-19,256
2502,-20,-18,255
2507,-23,-17,256
2512,-20,-22,254
2517,-19,-17,254
2522,-19,-18,257
2527,-18,-21,255
2532,-21,-18,257
2537,-21,-18,257
2542,-22,-21,256
2547,-21,-19,255
2552,-20,-19,256
2557,-19,-21,255
2562,-22,-15,255
2567,-19,-22,257
2572,-19,-17,256
2577,-21,-19,254
2582,-18,-21,255
2587,-22,-20,255
2592,-22,-20,255
2597,-19,-17,255
2602,-18,-20,257
2607,-19,-20,253
2612,-18,-17,255
2617,-17,-21,257
2622,-20,-20,257
2627,-20,-17,252
2632,-16,-20,255
2637,-19,-21,260
2642,-20,-13,255
2647,-19,-20,255
2652,-19,-19,259
2657,-21,-19,259
2662,-17,-17,257
2667,-19,-21,257
2672,-19,-19,257
2677,-20,-17,255
2682,-20,-19,256
2687,-20,-17,257
2692,-20,-21,255
2697,-19,-18,258
2702,-19,-18,257
2707,-18,-18,257
2712,-21,-20,256
2717,-19,-16,256
2722,-19,-21,254
2727,-21,-18,257
2732,-21,-17,256
2737,-18,-21,256
2742,-18,-20,254
2747,-22,-17,256
2752,-19,-18,256
2757,-19,-21,255
2762,-18,-15,256
2767,-21,-20,257
2772,-19,-20,255
2777,-21,-20,255
2782,-21,-18,256
2787,-22,-17,256
2792,-21,-17,256
2797,-19,-21,257
2802,-20,-17,257
2807,-21,-17,255
2812,-16,-22,256
2817,-21,-19,255
2822,-22,-16,257
2827,-19,-19,256
2832,-22,-22,255
2837,-22,-17,255
2842,-20,-20,256
2847,-18,-19,255
2852,-20,-18,255
2857,-20,-19,255
2862,-21,-17,254
2867,-21,-17,254
2872,-18,-19,255
2877,-18,-18,255
2882,-19,-19,258
2887,-19,-18,257
2892,-17,-21,255
2897,-18,-18,259
2902,-22,-21,256
2907,-17,-18,256
2912,-18,-18,254
2917,-18,-16,257
2922,-17,-19,257
2927,-19,-17,255
2932,-19,-15,254
2937,-19,-20,257
2942,-23,-19,256
2947,-18,-16,254
2952,-17,-18,258
2957,-20,-18,257
2962,-20,-14,255
2967,-18,-20,255
2972,-18,-18,254
2977,-22,-16,255
2982,-21,-19,256
2987,-17,-18,257
2992,-19,-18,256
2997,-18,-19,256
3002,-19,-16,257
3007,-21,-18,256
3012,-21,-19,255
3017,-20,-15,255
3022,-19,-20,256
3027,-18,-20,256
3032,-22,-18,255
3037,-16,-16,256
3042,-19,-21,255
3047,-21,-19,254
3052,-21,-17,256
3057,-19,-22,254
3062,-19,-17,256
3067,-20,-20,255
3072,-18,-18,255
3077,-18,-20,258
3082,-20,-18,255
3087,-21,-22,255
3092,-19,-18,255
3097,-19,-21,256
3102,-19,-20,256
3107,-19,-16,255
3112,-20,-19,256
3117,-19,-21,257
3122,-22,-17,256
3127,-18,-18,255
3132,-17,-23,256
3137,-19,-18,255
3142,-19,-18,255
3147,-19,-19,256
3152,-18,-18,255
[FEATURES] f0=-19315 f1=1604 f2=19381 f3=-23000 f4=-15000 f5=8000 f6=1299 f7=-18385 f8=1867 f9=18479 f10=-23000 f11=-13000 f12=10000 f13=1521 f14=256000 f15=1526 f16=256004 f17=252000 f18=262000 f19=10000 f20=1120
[SCALED_FEATURES] f0=3789 f1=-1216 f2=-1233 f3=1494 f4=-1207 f5=-1360 f6=-1208 f7=-2754 f8=-987 f9=-904 f10=1030 f11=-1043 f12=-1039 f13=-981 f14=-163 f15=-851 f16=-453 f17=1002 f18=-1009 f19=-1022 f20=-816
[FEATURES_X] mean=-19315 std=1604 rms=19381 min=-23000 max=-15000 p2p=8000 mad=1299
[FEATURES_Y] mean=-18385 std=1867 rms=18479 min=-23000 max=-13000 p2p=10000 mad=1521
[FEATURES_Z] mean=256000 std=1526 rms=256004 min=252000 max=262000 p2p=10000 mad=1120
[CLASS] CLASS=normal ID=0 scores_x1000=[7197,-414,-6783]
[CLASS_STATS] condition=normal total_windows=3
predicted_count=[3,0,0]
correct_windows=3
accuracy_x1000=1000
current_prediction=0
[CLASS_TIMING] sample_interval_ms=5 window_acquisition_ms=902 feature_extract_ms=6 inference_ms=1 total_cycle_ms=973
3383,-20,-19,256
3385,-20,-19,256
3388,-20,-20,255
3390,-20,-20,255
3392,-18,-17,256
3395,-18,-17,256
3397,-18,-17,255
3400,-18,-17,255
3402,-20,-20,255
3405,-20,-20,255
3407,-21,-18,253
3410,-21,-18,253
3412,-20,-18,257
3415,-20,-18,257
3417,-20,-18,257
3420,-19,-20,258
3422,-19,-20,258
3425,-21,-18,257
3427,-21,-18,257
3430,-22,-17,254
3432,-22,-17,254
3435,-19,-22,261
3437,-19,-22,261
3440,-17,-20,257
3442,-17,-20,257
3445,-19,-17,255
3447,-19,-17,255
3450,-19,-19,258
3452,-19,-19,258
3455,-17,-18,256
3457,-17,-18,256
3460,-21,-16,257
3462,-21,-16,257
3465,-17,-21,260
3467,-17,-21,260
3470,-17,-18,257
3472,-17,-18,257
3474,-21,-19,258
3477,-21,-19,258
3479,-17,-17,253
3482,-17,-17,253
3484,-19,-18,255
3487,-19,-18,255
3489,-17,-17,256
3492,-17,-17,256
3494,-19,-19,256
3497,-19,-19,256
3499,-22,-19,256
3502,-22,-19,256
3504,-18,-15,256
3507,-18,-15,256
3509,-22,-23,257
3512,-22,-23,257
3514,-21,-18,256
3517,-21,-18,256
3519,-21,-18,256
3522,-20,-16,256
3524,-20,-16,256
3527,-15,-19,257
3529,-15,-19,257
3532,-18,-18,257
3534,-18,-18,257
3537,-17,-17,261
3539,-17,-17,261
3542,-16,-22,257
3544,-16,-22,257
3547,-18,-16,255
3549,-18,-16,255
3551,-18,-15,254
3554,-18,-15,254
3556,-18,-16,255
3559,-18,-16,255
3561,-18,-15,255
3564,-18,-15,255
3566,-20,-18,256
3569,-20,-18,256
3571,-15,-17,257
3574,-15,-17,257
3576,-19,-21,257
3579,-19,-21,257
3581,-19,-16,258
3584,-19,-16,258
3586,-18,-20,256
3589,-18,-20,256
3591,-16,-17,257
3594,-16,-17,257
3596,-20,-19,256
3599,-20,-19,256
3601,-19,-19,257
3604,-19,-19,257
3607,-17,-19,256
3612,-18,-19,256
3617,-20,-19,255
3622,-20,-20,257
3627,-19,-18,255
3632,-19,-24,256
3637,-18,-17,256
3642,-19,-21,257
3647,-16,-21,256
3652,-20,-17,256
3657,-21,-19,256
3662,-21,-21,255
3667,-19,-19,258
3672,-22,-18,254
3677,-20,-20,255
3682,-21,-17,256
3687,-24,-19,256
3692,-24,-19,256
3697,-19,-20,258
3702,-19,-15,254
3707,-17,-21,255
3712,-18,-18,260
3717,-19,-17,255
3722,-18,-16,254
3727,-18,-20,258
3732,-20,-16,255
3737,-16,-18,255
3742,-16,-21,258
3747,-21,-17,254
3752,-17,-15,256
3757,-19,-21,258
3762,-19,-16,256
3767,-20,-19,257
3772,-17,-19,260
3777,-19,-16,256
3782,-19,-17,256
3787,-20,-19,256
3792,-18,-18,256
3797,-18,-17,257
3802,-19,-21,259
3807,-20,-15,255
3812,-17,-21,257
3817,-18,-18,258
3822,-20,-16,256
3827,-19,-17,254
3832,-22,-21,257
3837,-21,-16,255
3842,-20,-17,254
3847,-17,-19,256
3852,-21,-14,257
3857,-17,-19,256
3862,-16,-20,255
3867,-21,-20,256
3872,-21,-19,254
3877,-20,-21,255
3882,-18,-16,257
3887,-19,-20,255
3892,-17,-21,255
3897,-21,-18,254
3902,-21,-18,254
3907,-22,-20,256
3912,-19,-19,257
3917,-19,-19,255
3922,-21,-21,255
3927,-19,-19,257
3932,-18,-21,258
3937,-20,-21,255
3942,-21,-19,256
3947,-21,-19,256
3952,-22,-21,256
3957,-21,-17,255
3962,-20,-20,256
3967,-20,-20,256
3972,-18,-16,255
3977,-20,-17,257
3982,-19,-21,259
3987,-21,-19,257
3992,-18,-18,261
3997,-19,-17,258
4002,-22,-17,255
4007,-18,-14,259
4012,-23,-20,258
4017,-20,-13,256
4022,-20,-16,257
4027,-20,-20,258
4032,-21,-18,259
4037,-17,-15,257
4042,-17,-20,257
4047,-18,-17,257
4052,-23,-15,254
4057,-19,-21,256
4062,-16,-19,257
4067,-24,-18,256
4072,-17,-17,254
4077,-21,-19,256
4082,-19,-18,258
4087,-21,-19,256
4092,-21,-19,255
4097,-19,-18,258
4102,-20,-21,257
4107,-20,-18,255
4112,-18,-21,257
4117,-19,-18,257
4122,-23,-20,255
4127,-19,-18,256
4132,-19,-22,258
4137,-20,-18,256
4142,-20,-15,255
4147,-20,-22,256
4152,-24,-17,255
[FEATURES] f0=-19185 f1=1838 f2=19272 f3=-24000 f4=-15000 f5=9000 f6=1470 f7=-18375 f8=1963 f9=18479 f10=-24000 f11=-13000 f12=11000 f13=1603 f14=256295 f15=1542 f16=256299 f17=253000 f18=261000 f19=8000 f20=1181
[SCALED_FEATURES] f0=3835 f1=-1212 f2=-1235 f3=1483 f4=-1207 f5=-1354 f6=-1204 f7=-2751 f8=-987 f9=-904 f10=1026 f11=-1043 f12=-1038 f13=-981 f14=-133 f15=-851 f16=-443 f17=1013 f18=-1019 f19=-1033 f20=-815
[FEATURES_X] mean=-19185 std=1838 rms=19272 min=-24000 max=-15000 p2p=9000 mad=1470
[FEATURES_Y] mean=-18375 std=1963 rms=18479 min=-24000 max=-13000 p2p=11000 mad=1603
[FEATURES_Z] mean=256295 std=1542 rms=256299 min=253000 max=261000 p2p=8000 mad=1181
[CLASS] CLASS=normal ID=0 scores_x1000=[7257,-356,-6901]
[CLASS_STATS] condition=normal total_windows=4
predicted_count=[4,0,0]
correct_windows=4
accuracy_x1000=1000
current_prediction=0
[CLASS_TIMING] sample_interval_ms=5 window_acquisition_ms=769 feature_extract_ms=7 inference_ms=1 total_cycle_ms=840
4251,-19,-15,254
4253,-16,-22,257
4256,-16,-22,257
4258,-19,-16,254
4261,-19,-16,254
4263,-22,-17,254
4266,-22,-17,254
4268,-21,-20,257
4271,-21,-20,257
4273,-22,-19,256
4276,-22,-19,256
4278,-20,-20,257
4281,-20,-20,257
4283,-19,-20,256
4286,-19,-20,256
4288,-19,-20,256
4291,-17,-19,256
4293,-17,-19,256
4296,-19,-15,256
4298,-19,-15,256
4301,-20,-18,255
4303,-20,-18,255
4305,-17,-16,257
4308,-17,-16,257
4310,-19,-17,258
4313,-19,-17,258
4315,-19,-17,257
4318,-19,-17,257
4320,-18,-19,257
4323,-18,-19,257
4325,-18,-17,255
4328,-18,-17,255
4330,-19,-17,257
4333,-19,-17,257
4335,-19,-16,254
4338,-19,-16,254
4340,-20,-19,257
4343,-20,-19,257
4347,-17,-22,258
4352,-18,-17,255
4357,-18,-20,257
4362,-16,-21,258
4367,-20,-19,255
4372,-20,-16,257
4377,-19,-21,256
4382,-19,-20,255
4387,-20,-19,256
4392,-17,-20,256
4397,-20,-17,255
4402,-21,-18,254
4407,-22,-18,257
4412,-19,-19,257
4417,-19,-19,256
4422,-21,-19,256
4427,-19,-19,255
4432,-18,-20,256
4437,-17,-19,256
4442,-21,-17,256
4447,-19,-16,254
4452,-16,-20,258
4457,-19,-16,253
4462,-21,-18,255
4467,-21,-20,254
4472,-22,-18,255
4477,-20,-19,256
4482,-21,-17,256
4487,-20,-21,256
4492,-18,-15,256
4497,-20,-20,256
4502,-17,-18,256
4507,-20,-22,255
4512,-22,-20,254
4517,-22,-20,254
4522,-22,-14,257
4527,-16,-21,255
4532,-18,-21,257
4537,-20,-21,258
4542,-16,-19,254
4547,-19,-21,259
4552,-23,-16,254
4557,-20,-18,254
4562,-17,-18,258
4567,-22,-18,259
4572,-19,-17,255
4577,-18,-19,258
4582,-20,-17,259
4587,-20,-19,254
4592,-21,-19,255
4597,-21,-15,259
4602,-20,-18,253
4607,-18,-18,256
4612,-19,-19,260
4617,-19,-14,254
4622,-20,-20,255
4627,-20,-16,256
4632,-18,-19,256
4637,-18,-19,255
4642,-17,-18,255
4647,-14,-19,255
4652,-18,-20,257
4657,-21,-18,257
4662,-20,-18,254
4667,-21,-20,256
4672,-19,-14,254
4677,-19,-21,256
4682,-18,-19,256
4687,-19,-16,255
4692,-20,-17,256
4697,-21,-21,255
4702,-18,-18,257
4707,-18,-18,255
4712,-20,-21,255
4717,-20,-16,254
4722,-21,-21,254
4727,-20,-17,256
4732,-21,-20,256
4737,-18,-20,257
4742,-20,-18,256
4747,-18,-19,255
4752,-19,-18,255
4757,-21,-20,255
4762,-22,-17,255
4767,-21,-22,256
4772,-19,-20,256
4777,-22,-20,255
4782,-21,-19,255
4787,-19,-19,255
4792,-19,-19,255
4797,-18,-17,256
4802,-21,-18,255
4807,-23,-16,255
4812,-17,-18,258
4817,-18,-18,258
4822,-20,-16,252
4827,-18,-18,256
4832,-21,-19,256
4837,-22,-15,254
4842,-19,-12,255
4847,-18,-22,258
4852,-21,-16,258
4857,-17,-17,255
4862,-18,-18,256
4867,-21,-18,256
4872,-19,-18,255
4877,-20,-20,256
4882,-19,-19,255
4887,-18,-19,254
4892,-18,-20,256
4897,-19,-18,255
4902,-18,-20,255
4907,-17,-22,254
4912,-21,-20,258
4917,-19,-16,257
4922,-16,-19,255
4927,-20,-19,256
4932,-19,-19,255
4937,-18,-19,255
4942,-21,-18,257
4947,-21,-17,255
4952,-19,-21,256
4957,-19,-19,256
4962,-19,-18,255
4967,-18,-20,255
4972,-20,-17,256
4977,-20,-21,256
4982,-18,-20,255
4987,-21,-17,256
4992,-21,-17,257
4997,-19,-21,256
5002,-21,-16,255
5007,-20,-17,255
5012,-19,-20,256
5017,-23,-19,256
5022,-18,-21,256
5027,-20,-19,255
5032,-17,-18,254
5037,-19,-18,256
5042,-21,-21,256
5047,-21,-13,256
5052,-21,-20,257
5057,-17,-21,257
5062,-22,-17,256
5067,-22,-17,256
5072,-20,-19,254
5077,-18,-20,257
5082,-20,-19,257
5087,-20,-16,255
5092,-16,-22,261
5097,-19,-15,257
5102,-19,-20,256
5107,-19,-19,259
5112,-22,-18,254
5117,-14,-17,256
5122,-21,-19,257
5127,-17,-17,254
5132,-15,-20,258
5137,-19,-19,257
5142,-19,-14,254
5147,-16,-20,257
5152,-18,-18,255
[FEATURES] f0=-19275 f1=1711 f2=19350 f3=-23000 f4=-14000 f5=9000 f6=1367 f7=-18415 f8=1908 f9=18513 f10=-22000 f11=-12000 f12=10000 f13=1554 f14=255850 f15=1370 f16=255853 f17=252000 f18=261000 f19=9000 f20=1065
[SCALED_FEATURES] f0=3803 f1=-1214 f2=-1233 f3=1494 f4=-1197 f5=-1354 f6=-1207 f7=-2763 f8=-987 f9=-904 f10=1034 f11=-1039 f12=-1039 f13=-981 f14=-178 f15=-854 f16=-458 f17=1002 f18=-1019 f19=-1027 f20=-817
[FEATURES_X] mean=-19275 std=1711 rms=19350 min=-23000 max=-14000 p2p=9000 mad=1367
[FEATURES_Y] mean=-18415 std=1908 rms=18513 min=-22000 max=-12000 p2p=10000 mad=1554
[FEATURES_Z] mean=255850 std=1370 rms=255853 min=252000 max=261000 p2p=9000 mad=1065
[CLASS] CLASS=normal ID=0 scores_x1000=[7187,-400,-6787]
[CLASS_STATS] condition=normal total_windows=5
predicted_count=[5,0,0]
correct_windows=5
accuracy_x1000=1000
current_prediction=0
[CLASS_TIMING] sample_interval_ms=5 window_acquisition_ms=901 feature_extract_ms=7 inference_ms=1 total_cycle_ms=972
5251,-19,-21,255
5253,-19,-21,255
5256,-19,-21,255
5258,-20,-20,256
5261,-20,-20,256
5263,-22,-18,257
5266,-22,-18,257
5268,-20,-21,256
5271,-20,-21,256
5273,-19,-18,256
5276,-19,-18,256
5278,-20,-18,257
5281,-20,-18,257
5283,-20,-16,257
5286,-20,-16,257
5288,-21,-20,259
5291,-21,-20,259
5293,-18,-16,256
5296,-18,-16,256
5298,-20,-21,260
5301,-20,-21,260
5303,-18,-18,255
5306,-18,-18,255
5308,-19,-17,256
5311,-19,-17,256
5313,-17,-21,257
5315,-17,-21,257
5318,-17,-16,255
5320,-17,-16,255
5323,-17,-17,256
5325,-17,-17,256
5328,-18,-17,255
5330,-18,-17,255
5333,-23,-17,255
5335,-23,-17,255
5338,-22,-17,257
5340,-22,-17,257
5343,-18,-18,257
5347,-18,-18,257
5352,-19,-16,254
5357,-18,-17,257
5362,-14,-20,256
5367,-16,-15,256
5372,-18,-18,259
5377,-20,-18,257
5382,-18,-17,252
5387,-18,-14,259
5392,-20,-19,257
5397,-18,-17,254
5402,-19,-18,258
5407,-21,-19,258
5412,-18,-15,255
5417,-18,-19,258
5422,-22,-19,257
5427,-20,-19,255
5432,-18,-16,257
5437,-20,-19,257
5442,-20,-17,255
5447,-19,-17,256
5452,-19,-21,257
5457,-21,-20,254
5462,-19,-16,255
5467,-17,-22,257
5472,-20,-18,255
5477,-23,-17,255
5482,-20,-21,255
5487,-21,-19,254
5492,-19,-17,254
5497,-20,-20,256
5502,-17,-22,255
5507,-21,-16,256
5512,-18,-22,256
5517,-20,-16,256
5522,-20,-20,256
5527,-17,-20,256
5532,-21,-17,256
5537,-19,-18,255
5542,-19,-22,256
5547,-25,-18,255
5552,-20,-16,254
5557,-16,-21,257
5562,-20,-18,256
5567,-19,-21,255
5572,-18,-19,256
5577,-19,-21,255
5582,-20,-15,255
5587,-22,-21,255
5592,-18,-16,256
5597,-23,-17,255
5602,-17,-22,254
5607,-20,-18,256
5612,-20,-18,256
5617,-21,-20,256
5622,-17,-22,258
5627,-21,-19,257
5632,-18,-17,253
5637,-18,-19,256
5642,-17,-19,257
5647,-19,-15,254
5652,-18,-19,255
5657,-22,-18,256
5662,-22,-15,254
5667,-18,-20,257
5672,-20,-20,256
5677,-19,-18,255
5682,-12,-20,260
5687,-17,-17,256
5692,-21,-19,254
5697,-18,-17,256
5702,-20,-20,254
5707,-19,-15,253
5712,-22,-22,256
5717,-19,-17,255
5722,-17,-16,254
5727,-19,-20,258
5732,-24,-17,256
5737,-19,-19,256
5742,-20,-19,256
5747,-21,-17,256
5752,-19,-17,255
5757,-20,-22,257
5762,-19,-14,256
5767,-20,-20,256
5772,-18,-19,257
5777,-22,-16,256
5782,-21,-17,255
5787,-15,-20,257
5792,-20,-16,255
5797,-20,-18,256
5802,-19,-22,257
5807,-18,-18,256
5812,-18,-20,256
5817,-20,-21,255
5822,-19,-21,257
5827,-17,-19,256
5832,-21,-21,254
5837,-20,-17,253
5842,-19,-22,255
5847,-22,-20,256
5852,-20,-17,255
5857,-20,-23,256
5862,-20,-21,255
5867,-21,-15,255
5872,-21,-21,254
5877,-19,-21,255
5882,-19,-18,256
5887,-19,-18,256
5892,-20,-19,257
5897,-20,-16,254
5902,-22,-17,258
5907,-21,-20,255
5912,-22,-14,255
5917,-19,-21,257
5922,-18,-17,256
5927,-21,-16,257
5932,-18,-15,257
5937,-20,-21,260
5942,-21,-18,256
5947,-20,-14,255
5952,-19,-20,258
5957,-20,-17,257
5962,-19,-17,254
5967,-18,-18,258
5972,-19,-19,258
5977,-21,-19,255
5982,-18,-21,257
5987,-20,-18,258
5992,-20,-18,256
5997,-16,-20,258
6002,-20,-18,257
6007,-19,-15,256
6012,-20,-22,257
6017,-21,-18,256
6022,-18,-16,255
6027,-21,-21,256
6032,-19,-19,256
6037,-18,-19,255
6042,-17,-18,256
6047,-21,-19,255
6052,-22,-18,255
6057,-19,-21,255
6062,-19,-18,257
6067,-21,-20,254
6072,-18,-19,255
6077,-20,-18,256
6082,-19,-20,255
6087,-18,-23,255
6092,-22,-20,254
6097,-20,-18,255
6102,-20,-21,256
6107,-18,-19,256
6112,-18,-17,256
6117,-19,-21,256
6122,-18,-18,255
6127,-19,-19,255
6132,-20,-18,256
6137,-21,-19,255
6142,-19,-19,256
6147,-19,-19,255
6152,-21,-18,255
[FEATURES] f0=-19385 f1=1731 f2=19462 f3=-25000 f4=-12000 f5=13000 f6=1350 f7=-18510 f8=2012 f9=18619 f10=-23000 f11=-14000 f12=9000 f13=1685 f14=255915 f15=1325 f16=255918 f17=252000 f18=260000 f19=8000 f20=983
[SCALED_FEATURES] f0=3764 f1=-1214 f2=-1231 f3=1471 f4=-1176 f5=-1332 f6=-1207 f7=-2792 f8=-987 f9=-903 f10=1030 f11=-1047 f12=-1041 f13=-980 f14=-171 f15=-855 f16=-455 f17=1002 f18=-1028 f19=-1033 f20=-818
[FEATURES_X] mean=-19385 std=1731 rms=19462 min=-25000 max=-12000 p2p=13000 mad=1350
[FEATURES_Y] mean=-18510 std=2012 rms=18619 min=-23000 max=-14000 p2p=9000 mad=1685
[FEATURES_Z] mean=255915 std=1325 rms=255918 min=252000 max=260000 p2p=8000 mad=983
[CLASS] CLASS=normal ID=0 scores_x1000=[7080,-449,-6630]
[CLASS_STATS] condition=normal total_windows=6
predicted_count=[6,0,0]
correct_windows=6
accuracy_x1000=1000
current_prediction=0
[CLASS_TIMING] sample_interval_ms=5 window_acquisition_ms=901 feature_extract_ms=7 inference_ms=0 total_cycle_ms=971
6251,-18,-18,258
6253,-18,-18,258
6256,-18,-23,261
6258,-18,-23,261
6261,-20,-16,255
6263,-20,-16,255
6266,-20,-17,256
6268,-20,-17,256
6271,-16,-19,256
6273,-16,-19,256
6276,-19,-16,256
6278,-19,-16,256
6281,-21,-19,254
6283,-21,-19,254
6285,-19,-20,257
6288,-19,-20,257
6290,-19,-16,257
6293,-19,-16,257
6295,-19,-16,257
6298,-19,-16,257
6300,-20,-21,255
6303,-20,-21,255
6305,-18,-17,254
6308,-18,-17,254
6310,-19,-18,257
6313,-19,-18,257
6315,-18,-20,255
6318,-18,-20,255
6320,-22,-17,256
6323,-22,-17,256
6325,-22,-17,256
6328,-19,-18,255
6330,-19,-18,255
6333,-19,-19,257
6335,-19,-19,257
6338,-19,-15,257
6340,-19,-15,257
6343,-17,-17,256
6347,-20,-22,255
6352,-19,-17,256
6357,-15,-17,255
6362,-20,-20,256
6367,-23,-17,256
6372,-21,-18,256
6377,-19,-19,256
6382,-22,-19,256
6387,-20,-18,254
6392,-16,-22,256
6397,-17,-16,257
6402,-19,-22,256
6407,-21,-20,254
6412,-20,-21,256
6417,-17,-18,255
6422,-20,-22,257
6427,-20,-18,255
6432,-19,-19,255
6437,-19,-19,255
6442,-20,-20,256
6447,-22,-17,254
6452,-17,-20,254
6457,-19,-18,256
6462,-19,-19,255
6467,-16,-17,255
6472,-20,-20,257
6477,-20,-14,258
6482,-21,-16,256
6487,-20,-17,256
6492,-23,-18,256
6497,-19,-18,256
6502,-16,-20,259
6507,-19,-17,257
6512,-19,-17,255
6517,-21,-19,256
6522,-19,-17,257
6527,-20,-19,257
6532,-21,-18,253
6537,-18,-19,257
6542,-18,-21,257
6547,-18,-20,254
6552,-20,-17,254
6557,-21,-21,258
6562,-22,-17,256
6567,-19,-18,256
6572,-16,-22,258
6577,-19,-17,254
6582,-20,-18,256
6587,-18,-18,257
6592,-19,-22,255
6597,-20,-17,257
6602,-20,-22,257
6607,-19,-17,257
6612,-20,-16,254
6617,-20,-19,257
6622,-25,-17,255
6627,-19,-20,256
6632,-20,-19,256
6637,-23,-18,255
6642,-17,-19,256
6647,-18,-21,256
6652,-19,-19,255
6657,-20,-17,255
6662,-19,-19,258
6667,-20,-19,257
6672,-20,-17,255
6677,-20,-21,255
6682,-20,-18,255
6687,-19,-18,254
6692,-18,-20,256
6697,-20,-19,255
6702,-21,-19,254
6707,-18,-20,255
6712,-18,-20,255
6717,-19,-21,256
6722,-18,-16,256
6727,-19,-19,256
6732,-18,-20,256
6737,-20,-17,255
6742,-16,-17,256
6747,-19,-20,262
6752,-18,-16,254
6757,-14,-17,256
6762,-21,-20,261
6767,-21,-16,255
6772,-18,-18,255
6777,-18,-15,260
6782,-21,-19,255
6787,-14,-18,255
6792,-19,-17,257
6797,-19,-19,258
6802,-19,-20,255
6807,-18,-18,257
6812,-20,-16,259
6817,-19,-22,255
6822,-19,-17,255
6827,-21,-17,254
6832,-18,-18,254
6837,-21,-19,256
6842,-18,-19,257
6847,-22,-17,255
6852,-18,-19,255
6857,-18,-19,258
6862,-19,-20,254
6867,-21,-18,256
6872,-24,-21,256
6877,-20,-19,256
6882,-22,-16,257
6887,-20,-20,255
6892,-18,-21,257
6897,-20,-16,256
6902,-19,-18,256
6907,-21,-19,255
6912,-22,-18,254
6917,-19,-19,256
6922,-21,-19,257
6927,-22,-19,256
6932,-20,-17,256
6937,-21,-20,255
6942,-22,-16,254
6947,-21,-22,254
6952,-18,-18,255
6957,-21,-19,255
6962,-18,-21,256
6967,-19,-19,256
6972,-22,-21,255
6977,-22,-18,257
6982,-19,-22,254
6987,-19,-22,254
6992,-21,-17,255
6997,-21,-22,255
7002,-19,-17,255
7007,-17,-19,259
7012,-18,-19,258
7017,-20,-17,255
7022,-19,-15,256
7027,-21,-19,259
7032,-20,-18,256
7037,-18,-17,254
7042,-17,-20,256
7047,-20,-20,256
7052,-19,-16,255
7057,-20,-19,256
7062,-20,-21,254
7067,-17,-18,255
7072,-16,-18,256
7077,-19,-19,259
7082,-20,-19,255
7087,-20,-19,256
7092,-21,-19,257
7097,-20,-15,256
7102,-21,-20,254
7107,-20,-20,256
7112,-20,-15,255
7117,-20,-20,255
7122,-20,-19,256
7127,-19,-20,256
7132,-20,-19,255
7137,-20,-20,256
7142,-21,-18,255
7147,-20,-18,254
7152,-19,-18,254
[FEATURES] f0=-19400 f1=1658 f2=19470 f3=-25000 f4=-14000 f5=11000 f6=1270 f7=-18520 f8=1802 f9=18607 f10=-23000 f11=-14000 f12=9000 f13=1479 f14=255890 f15=1441 f16=255894 f17=253000 f18=262000 f19=9000 f20=1047
[SCALED_FEATURES] f0=3759 f1=-1215 f2=-1231 f3=1471 f4=-1197 f5=-1343 f6=-1209 f7=-2795 f8=-988 f9=-903 f10=1030 f11=-1047 f12=-1041 f13=-981 f14=-174 f15=-853 f16=-456 f17=1013 f18=-1009 f19=-1027 f20=-817
[FEATURES_X] mean=-19400 std=1658 rms=19470 min=-25000 max=-14000 p2p=11000 mad=1270
[FEATURES_Y] mean=-18520 std=1802 rms=18607 min=-23000 max=-14000 p2p=9000 mad=1479
[FEATURES_Z] mean=255890 std=1441 rms=255894 min=253000 max=262000 p2p=9000 mad=1047
[CLASS] CLASS=normal ID=0 scores_x1000=[7096,-456,-6640]
[CLASS_STATS] condition=normal total_windows=7
predicted_count=[7,0,0]
correct_windows=7
accuracy_x1000=1000
current_prediction=0
[CLASS_TIMING] sample_interval_ms=5 window_acquisition_ms=901 feature_extract_ms=7 inference_ms=1 total_cycle_ms=972
7251,-19,-19,256
7253,-17,-17,255
7256,-17,-17,255
7258,-21,-18,256
7261,-21,-18,256
7263,-19,-17,257
7266,-19,-17,257
7268,-19,-18,255
7271,-19,-18,255
7273,-20,-17,257
7276,-20,-17,257
7278,-18,-20,258
7281,-18,-20,258
7283,-17,-20,255
7286,-17,-20,255
7288,-22,-16,256
7291,-22,-16,256
7293,-21,-17,255
7296,-21,-17,255
7298,-19,-18,257
7301,-19,-18,257
7303,-19,-18,257
7306,-20,-22,257
7308,-20,-22,257
7310,-20,-15,255
7313,-20,-15,255
7315,-19,-20,255
7318,-19,-20,255
7320,-16,-18,257
7323,-16,-18,257
7325,-16,-18,256
7328,-16,-18,256
7330,-18,-19,258
7333,-18,-19,258
7335,-19,-15,255
7338,-19,-15,255
7340,-19,-16,256
7343,-19,-16,256
7347,-20,-19,259
7352,-21,-19,256
7357,-19,-19,257
7362,-19,-20,255
7367,-20,-16,256
7372,-22,-18,256
7377,-19,-19,257
7382,-19,-20,256
7387,-21,-17,257
7392,-18,-20,255
7397,-18,-17,256
7402,-21,-19,256
7407,-17,-18,255
7412,-22,-17,256
7417,-22,-19,257
7422,-19,-19,255
7427,-19,-20,255
7432,-19,-18,256
7437,-21,-22,255
7442,-20,-17,255
7447,-19,-18,256
7452,-19,-21,256
7457,-20,-20,256
7462,-17,-19,256
7467,-18,-20,256
7472,-20,-16,255
7477,-21,-18,254
7482,-18,-22,255
7487,-20,-17,256
7492,-20,-21,256
7497,-17,-21,254
7502,-21,-20,257
7507,-19,-17,257
7512,-19,-20,256
7517,-23,-18,255
7522,-18,-18,255
7527,-20,-21,255
7532,-19,-20,255
7537,-19,-20,255
7542,-22,-17,254
7547,-20,-19,253
7552,-18,-19,257
7557,-19,-19,255
7562,-19,-20,255
7567,-19,-18,258
7572,-19,-20,256
7577,-18,-18,256
7582,-21,-18,256
7587,-22,-18,256
7592,-18,-20,255
7597,-19,-17,257
7602,-22,-17,257
7607,-17,-23,255
7612,-18,-16,255
7617,-18,-19,258
7622,-18,-17,256
7627,-19,-17,256
7632,-20,-17,256
7637,-20,-18,256
7642,-17,-18,256
7647,-20,-18,254
7652,-20,-21,256
7657,-21,-16,255
7662,-20,-19,256
7667,-19,-17,256
7672,-20,-20,256
7677,-17,-19,256
7682,-17,-22,257
7687,-20,-17,256
7692,-22,-20,256
7697,-21,-21,255
7702,-21,-18,256
7707,-21,-18,256
7712,-20,-21,256
7717,-19,-17,256
7722,-20,-19,257
7727,-19,-19,254
7732,-20,-17,255
7737,-22,-19,254
7742,-19,-18,254
7747,-20,-19,254
7752,-18,-19,256
7757,-21,-24,254
7762,-22,-16,255
7767,-22,-20,256
7772,-22,-19,254
7777,-21,-18,254
7782,-18,-20,256
7787,-18,-19,255
7792,-22,-19,256
7797,-19,-19,254
7802,-22,-21,254
7807,-21,-14,256
7812,-21,-14,256
7817,-23,-22,254
7822,-17,-20,256
7827,-19,-15,256
7832,-19,-18,255
7837,-21,-18,257
7842,-19,-17,258
7847,-19,-16,255
7852,-18,-20,258
7857,-20,-15,254
7862,-17,-17,256
7867,-19,-18,257
7872,-19,-19,256
7877,-16,-19,256
7882,-22,-19,258
7887,-20,-16,256
7892,-16,-21,256
7897,-22,-20,256
7902,-22,-15,256
7907,-19,-20,255
7912,-18,-19,256
7917,-21,-16,256
7922,-20,-21,255
7927,-19,-21,256
7932,-20,-16,255
7937,-19,-21,254
7942,-21,-18,257
7947,-21,-19,256
7952,-16,-19,255
7957,-24,-19,257
7962,-21,-18,255
7967,-18,-20,255
7972,-21,-20,254
7977,-21,-15,254
7982,-20,-23,256
7987,-19,-16,257
7992,-21,-18,256
7997,-18,-21,256
8002,-18,-19,255
8007,-20,-18,254
8012,-21,-18,257
8017,-20,-19,256
8022,-21,-17,253
8027,-19,-22,257
8032,-18,-17,257
8037,-18,-18,255
8042,-19,-19,256
8047,-21,-21,255
8052,-19,-18,256
8057,-19,-20,257
8062,-18,-18,256
8067,-20,-19,256
8072,-16,-22,257
8077,-19,-18,255
8082,-21,-17,256
8087,-21,-17,256
8092,-21,-19,255
8097,-22,-15,252
8102,-21,-15,253
8107,-18,-21,257
8112,-20,-17,256
8117,-18,-20,254
8122,-16,-21,257
8127,-22,-15,257
8132,-19,-15,252
8137,-19,-20,257
8142,-22,-18,257
8147,-19,-14,256
8152,-17,-22,257
[FEATURES] f0=-19480 f1=1636 f2=19548 f3=-24000 f4=-16000 f5=8000 f6=1343 f7=-18475 f8=1920 f9=18574 f10=-24000 f11=-14000 f12=10000 f13=1554 f14=255755 f15=1142 f16=255757 f17=252000 f18=259000 f19=7000 f20=893
[SCALED_FEATURES] f0=3731 f1=-1215 f2=-1229 f3=1483 f4=-1218 f5=-1360 f6=-1207 f7=-2782 f8=-987 f9=-903 f10=1026 f11=-1047 f12=-1039 f13=-981 f14=-187 f15=-857 f16=-461 f17=1002 f18=-1038 f19=-1038 f20=-820
[FEATURES_X] mean=-19480 std=1636 rms=19548 min=-24000 max=-16000 p2p=8000 mad=1343
[FEATURES_Y] mean=-18475 std=1920 rms=18574 min=-24000 max=-14000 p2p=10000 mad=1554
[FEATURES_Z] mean=255755 std=1142 rms=255757 min=252000 max=259000 p2p=7000 mad=893
[CLASS] CLASS=normal ID=0 scores_x1000=[7032,-503,-6528]
[CLASS_STATS] condition=normal total_windows=8
predicted_count=[8,0,0]
correct_windows=8
accuracy_x1000=1000
current_prediction=0
[CLASS_TIMING] sample_interval_ms=5 window_acquisition_ms=901 feature_extract_ms=7 inference_ms=0 total_cycle_ms=971
8251,-19,-18,254
8253,-19,-18,254
8256,-19,-20,258
8258,-19,-20,258
8261,-19,-18,257
8263,-19,-18,257
8266,-19,-18,257
8268,-21,-20,256
8271,-21,-20,256
8273,-18,-18,257
8276,-18,-18,257
8278,-18,-16,256
8281,-18,-16,256
8283,-21,-20,256
8285,-21,-20,256
8288,-17,-18,254
8290,-17,-18,254
8293,-21,-17,255
8295,-21,-17,255
8298,-17,-18,255
8300,-17,-18,255
8303,-22,-20,256
8305,-22,-20,256
8308,-22,-16,256
8310,-22,-16,256
8313,-18,-18,258
8315,-18,-18,258
8318,-18,-23,258
8320,-18,-23,258
8323,-17,-15,256
8325,-17,-15,256
8328,-20,-19,255
8330,-20,-19,255
8333,-19,-18,256
8335,-19,-18,256
8338,-19,-20,257
8340,-19,-20,257
8343,-18,-20,260
8347,-22,-22,257
8352,-18,-17,253
8357,-16,-24,256
8362,-16,-24,256
8367,-19,-17,255
8372,-22,-18,254
8377,-19,-22,255
8382,-21,-17,255
8387,-22,-17,255
8392,-17,-19,254
8397,-20,-19,255
8402,-18,-13,255
8407,-17,-20,257
8412,-22,-19,259
8417,-20,-17,254
8422,-18,-20,258
8427,-19,-19,259
8432,-21,-14,255
8437,-17,-22,256
8442,-19,-18,259
8447,-21,-16,255
8452,-20,-19,257
8457,-20,-18,255
8462,-18,-19,256
8467,-17,-16,256
8472,-20,-22,257
8477,-20,-17,255
8482,-18,-19,255
8487,-19,-19,256
8492,-21,-19,256
8497,-18,-20,255
8502,-18,-17,258
8507,-20,-17,255
8512,-18,-18,256
8517,-20,-21,256
8522,-20,-15,256
8527,-20,-23,255
8532,-20,-19,256
8537,-20,-19,256
8542,-17,-19,256
8547,-18,-18,257
8552,-22,-19,256
8557,-19,-17,256
8562,-22,-22,255
8567,-20,-17,256
8572,-18,-19,257
8577,-18,-18,256
8582,-20,-19,255
8587,-21,-20,255
8592,-19,-20,253
8597,-20,-18,256
8602,-22,-21,255
8607,-19,-17,256
8612,-18,-17,254
8617,-18,-21,257
8622,-21,-17,255
8627,-20,-18,256
8632,-18,-19,255
8637,-18,-19,255
8642,-20,-21,256
8647,-21,-17,255
8652,-18,-20,257
8657,-20,-16,257
8662,-17,-17,255
8667,-17,-18,259
8672,-23,-21,256
8677,-17,-13,254
8682,-17,-20,258
8687,-20,-20,257
8692,-21,-15,255
8697,-20,-21,255
8702,-17,-19,257
8707,-22,-20,256
8712,-19,-21,254
8717,-18,-18,259
8722,-18,-18,258
8727,-20,-22,255
8732,-18,-16,256
8737,-20,-18,258
8742,-18,-21,256
8747,-20,-17,255
8752,-22,-19,257
8757,-18,-19,255
8762,-20,-18,255
8767,-21,-20,257
8772,-20,-19,256
8777,-19,-17,256
8782,-18,-17,257
8787,-17,-19,258
8792,-19,-18,256
8797,-17,-20,256
8802,-20,-19,257
8807,-21,-17,255
8812,-23,-20,255
8817,-19,-22,256
8822,-19,-15,257
8827,-19,-18,255
8832,-20,-20,255
8837,-21,-19,256
8842,-18,-18,256
8847,-21,-21,254
8852,-20,-19,255
8857,-21,-18,254
8862,-17,-21,254
8867,-19,-18,255
8872,-21,-20,255
8877,-20,-17,255
8882,-21,-19,257
8887,-19,-18,256
8892,-20,-21,255
8897,-18,-17,255
8902,-20,-21,255
8907,-17,-19,256
8912,-17,-19,256
8917,-20,-18,255
8922,-20,-20,257
8927,-18,-20,254
8932,-20,-16,256
8937,-20,-19,260
8942,-18,-19,256
8947,-19,-17,256
8952,-18,-20,259
8957,-20,-18,255
8962,-18,-18,257
8967,-19,-18,259
8972,-20,-17,253
8977,-18,-16,254
8982,-24,-19,256
8987,-22,-19,255
8992,-20,-13,255
8997,-19,-21,259
9002,-20,-16,255
9007,-20,-17,253
9012,-17,-17,257
9017,-20,-21,257
9022,-20,-13,253
9027,-21,-20,254
9032,-20,-19,255
9037,-20,-17,254
9042,-19,-18,255
9047,-21,-19,255
9052,-19,-19,257
9057,-18,-17,255
9062,-19,-22,254
9067,-19,-16,256
9072,-19,-21,254
9077,-17,-18,255
9082,-20,-18,257
9087,-18,-21,257
9092,-18,-20,254
9097,-20,-17,254
9102,-20,-20,255
9107,-20,-19,256
9112,-21,-17,256
9117,-16,-19,256
9122,-21,-17,254
9127,-21,-17,255
9132,-19,-21,255
9137,-21,-22,257
9142,-18,-13,255
9147,-19,-23,256
9152,-18,-19,258
[FEATURES] f0=-19305 f1=1556 f2=19367 f3=-24000 f4=-16000 f5=8000 f6=1303 f7=-18600 f8=2034 f9=18710 f10=-24000 f11=-13000 f12=11000 f13=1591 f14=255855 f15=1372 f16=255858 f17=253000 f18=260000 f19=7000 f20=1063
[SCALED_FEATURES] f0=3793 f1=-1217 f2=-1233 f3=1483 f4=-1218 f5=-1360 f6=-1208 f7=-2820 f8=-986 f9=-903 f10=1026 f11=-1043 f12=-1038 f13=-981 f14=-177 f15=-854 f16=-457 f17=1013 f18=-1028 f19=-1038 f20=-817
[FEATURES_X] mean=-19305 std=1556 rms=19367 min=-24000 max=-16000 p2p=8000 mad=1303
[FEATURES_Y] mean=-18600 std=2034 rms=18710 min=-24000 max=-13000 p2p=11000 mad=1591
[FEATURES_Z] mean=255855 std=1372 rms=255858 min=253000 max=260000 p2p=7000 mad=1063
[CLASS] CLASS=normal ID=0 scores_x1000=[7122,-426,-6695]
[CLASS_STATS] condition=normal total_windows=9
predicted_count=[9,0,0]
correct_windows=9
accuracy_x1000=1000
current_prediction=0
[CLASS_TIMING] sample_interval_ms=5 window_acquisition_ms=901 feature_extract_ms=7 inference_ms=1 total_cycle_ms=972
9251,-21,-17,255
9253,-21,-17,255
9256,-21,-19,255
9258,-21,-19,255
9261,-21,-19,258
9263,-21,-19,258
9266,-20,-17,260
9268,-20,-17,260
9271,-18,-19,255
9273,-18,-19,255
9276,-20,-16,258
9278,-20,-16,258
9281,-20,-19,257
9283,-20,-19,257
9286,-17,-19,258
9288,-17,-19,258
9291,-21,-17,258
9293,-21,-17,258
9296,-16,-18,254
9298,-16,-18,254
9301,-19,-19,256
9303,-19,-19,256
9306,-20,-15,254
9308,-20,-15,254
9310,-18,-19,256
9313,-18,-19,256
9315,-20,-20,255
9318,-20,-20,255
9320,-20,-17,255
9323,-20,-17,255
9325,-19,-18,255
9328,-19,-18,255
9330,-15,-19,257
9333,-15,-19,257
9335,-18,-18,257
9338,-18,-18,257
9340,-18,-17,255
9343,-18,-17,255
9347,-21,-20,254
9352,-18,-18,256
9357,-18,-19,258
9362,-17,-19,256
9367,-19,-16,255
9372,-21,-21,256
9377,-19,-19,256
9382,-20,-21,256
9387,-19,-20,257
9392,-19,-19,256
9397,-17,-17,256
9402,-19,-18,256
9407,-19,-22,256
9412,-21,-17,256
9417,-22,-19,255
9422,-21,-21,256
9427,-17,-16,255
9432,-19,-18,254
9437,-19,-21,256
9442,-19,-15,255
9447,-21,-21,256
9452,-19,-21,255
9457,-22,-19,256
9462,-22,-19,256
9467,-19,-18,254
9472,-20,-20,255
9477,-21,-15,254
9482,-23,-18,255
9487,-18,-19,259
9492,-20,-17,257
9497,-18,-21,258
9502,-19,-18,259
9507,-19,-19,256
9512,-15,-15,254
9517,-21,-20,259
9522,-20,-16,254
9527,-20,-15,254
9532,-16,-20,257
9537,-22,-17,256
9542,-21,-16,254
9547,-18,-16,257
9552,-21,-16,258
9557,-21,-13,257
9562,-19,-22,255
9567,-19,-18,255
9572,-18,-19,256
9577,-19,-18,253
9582,-21,-20,256
9587,-21,-19,255
9592,-21,-18,255
9597,-20,-19,256
9602,-21,-19,256
9607,-18,-19,255
9612,-17,-15,256
9617,-19,-20,255
9622,-19,-19,256
9627,-19,-17,254
9632,-18,-20,256
9637,-20,-23,255
9642,-20,-16,256
9647,-18,-20,256
9652,-20,-19,255
9657,-21,-19,254
9662,-18,-20,255
9667,-21,-19,255
9672,-19,-19,255
9677,-19,-18,256
9682,-19,-21,254
9687,-18,-19,253
9692,-22,-20,256
9697,-21,-20,255
9702,-21,-17,254
9707,-20,-22,255
9712,-20,-19,258
9717,-21,-18,255
9722,-19,-20,253
9727,-19,-20,254
9732,-22,-18,256
9737,-22,-18,256
9742,-17,-21,256
9747,-20,-20,258
9752,-22,-19,257
9757,-18,-16,255
9762,-20,-18,255
9767,-19,-17,259
9772,-21,-19,254
9777,-21,-16,254
9782,-17,-20,258
9787,-17,-20,261
9792,-21,-19,256
9797,-17,-17,255
9802,-20,-18,259
9807,-19,-19,256
9812,-21,-17,256
9817,-19,-22,257
9822,-16,-18,255
9827,-20,-19,254
9832,-19,-16,254
9837,-20,-20,254
9842,-19,-17,258
9847,-21,-21,256
9852,-19,-18,255
9857,-21,-18,256
9862,-18,-20,256
9867,-17,-18,254
9872,-21,-18,257
9877,-19,-18,257
9882,-20,-19,256
9887,-18,-16,256
9892,-18,-21,255
9897,-17,-18,254
9902,-22,-18,254
9907,-19,-17,256
9912,-21,-18,257
9917,-23,-18,253
9922,-17,-22,255
9927,-17,-18,256
9932,-18,-19,255
9937,-18,-22,255
9942,-18,-17,255
9947,-19,-17,256
9952,-17,-19,254
9957,-21,-20,254
9962,-19,-16,256
9967,-20,-20,256
9972,-19,-18,255
9977,-22,-20,255
9982,-20,-22,256
9987,-22,-17,254
9992,-23,-18,255
9997,-17,-18,256
10002,-19,-17,256
10007,-19,-17,256
10012,-19,-17,256
10017,-19,-20,256
10022,-21,-14,255
10027,-22,-18,255
10032,-21,-22,258
10037,-21,-14,256
10042,-18,-17,255
10047,-17,-20,257
10052,-20,-18,257
10057,-22,-14,255
10062,-18,-20,254
10067,-18,-19,261
10072,-19,-18,262
10077,-18,-18,254
10082,-19,-16,256
10087,-18,-20,258
10092,-18,-21,259
10097,-22,-18,255
10102,-19,-18,256
10107,-18,-22,257
10112,-19,-17,256
10117,-19,-19,255
10122,-18,-19,257
10127,-19,-19,256
10132,-20,-20,254
10137,-20,-22,256
10142,-19,-16,256
10147,-21,-21,256
10152,-19,-20,255
[FEATURES] f0=-19380 f1=1620 f2=19447 f3=-23000 f4=-15000 f5=8000 f6=1334 f7=-18470 f8=1810 f9=18558 f10=-23000 f11=-13000 f12=10000 f13=1445 f14=255835 f15=1532 f16=255839 f17=253000 f18=262000 f19=9000 f20=1141
[SCALED_FEATURES] f0=3766 f1=-1216 f2=-1231 f3=1494 f4=-1207 f5=-1360 f6=-1207 f7=-2780 f8=-988 f9=-904 f10=1030 f11=-1043 f12=-1039 f13=-982 f14=-179 f15=-851 f16=-458 f17=1013 f18=-1009 f19=-1027 f20=-816
[FEATURES_X] mean=-19380 std=1620 rms=19447 min=-23000 max=-15000 p2p=8000 mad=1334
[FEATURES_Y] mean=-18470 std=1810 rms=18558 min=-23000 max=-13000 p2p=10000 mad=1445
[FEATURES_Z] mean=255835 std=1532 rms=255839 min=253000 max=262000 p2p=9000 mad=1141
[CLASS] CLASS=normal ID=0 scores_x1000=[7127,-448,-6679]
[CLASS_STATS] condition=normal total_windows=10
predicted_count=[10,0,0]
correct_windows=10
accuracy_x1000=1000
current_prediction=0
[CLASS_TIMING] sample_interval_ms=5 window_acquisition_ms=901 feature_extract_ms=7 inference_ms=1 total_cycle_ms=972
10251,-19,-17,256
10254,-20,-19,257
10256,-20,-19,257
10259,-20,-21,255
10262,-20,-21,255
10264,-19,-16,257
10267,-19,-16,257
10269,-20,-17,256
10272,-20,-17,256
10274,-19,-19,254
10277,-19,-19,254
10280,-20,-18,258
10282,-20,-18,258
10285,-16,-16,255
10287,-16,-16,255
10290,-18,-18,255
10292,-18,-18,255
10295,-20,-19,258
10298,-20,-19,258
10300,-20,-20,255
10303,-20,-20,255
10305,-23,-18,256
10308,-21,-19,256
10310,-21,-19,256
10313,-19,-19,257
10316,-19,-19,257
10318,-19,-20,258
10321,-19,-20,258
10323,-18,-16,256
10326,-18,-16,256
10328,-17,-20,256
10331,-17,-20,256
10334,-20,-19,255
10336,-20,-19,255
10339,-17,-18,255
10341,-17,-18,255
10344,-21,-20,255
10346,-21,-20,255
10349,-18,-20,256
10352,-18,-20,256
10357,-17,-14,256
10362,-19,-20,258
10367,-19,-19,258
10372,-22,-16,254
10377,-18,-17,255
10382,-22,-20,254
10387,-20,-18,256
10392,-19,-20,255
10397,-16,-17,256
10402,-22,-17,256
10407,-19,-22,258
10412,-19,-17,256
10417,-19,-18,257
10422,-22,-18,256
10427,-20,-19,255
10432,-19,-16,254
10437,-19,-21,256
10442,-19,-17,255
10447,-21,-18,256
10452,-21,-20,255
10457,-22,-20,255
10462,-17,-19,255
10467,-21,-23,256
10472,-20,-20,257
10477,-21,-19,255
10482,-16,-19,257
10487,-20,-20,256
10492,-20,-20,257
10497,-17,-17,256
10502,-22,-21,257
10507,-20,-15,256
10512,-21,-24,255
10517,-18,-17,256
10522,-20,-19,255
10527,-21,-21,256
10532,-18,-17,254
10537,-19,-18,255
10542,-17,-20,257
10547,-23,-17,255
10552,-21,-15,256
10557,-19,-21,256
10562,-19,-21,256
10567,-22,-19,255
10572,-18,-19,256
10577,-17,-17,256
10582,-20,-21,256
10587,-19,-18,255
10592,-19,-19,254
10597,-17,-19,258
10602,-19,-16,255
10607,-15,-19,256
10612,-18,-17,259
10617,-20,-18,256
10622,-16,-19,254
10627,-20,-18,257
10632,-20,-19,257
10637,-17,-21,254
10642,-17,-18,258
10647,-20,-16,256
10652,-18,-19,255
10657,-19,-20,259
10662,-18,-19,256
10667,-21,-21,254
10672,-18,-20,258
10677,-18,-16,256
10682,-19,-21,256
10687,-18,-15,256
10692,-20,-23,256
10697,-21,-17,256
10702,-23,-18,253
10707,-20,-22,257
10712,-19,-18,255
10717,-19,-17,256
10722,-20,-19,255
10727,-19,-22,256
10732,-21,-15,255
10737,-19,-20,255
10742,-19,-20,255
10747,-22,-18,255
10752,-19,-18,255
10757,-20,-18,256
10762,-21,-18,254
10767,-20,-18,255
10772,-21,-21,255
10777,-20,-18,256
10782,-19,-21,256
10787,-20,-21,254
10792,-19,-20,255
10797,-19,-18,257
10802,-18,-20,257
10807,-22,-20,256
10812,-19,-21,256
10817,-16,-19,256
10822,-22,-18,255
10827,-20,-21,255
10832,-20,-20,255
10837,-20,-20,255
10842,-21,-17,256
10847,-21,-20,256
10852,-18,-21,255
10857,-20,-15,256
10862,-20,-21,256
10867,-19,-17,254
10872,-22,-17,254
10877,-21,-15,257
10882,-20,-19,254
10887,-15,-16,254
10892,-19,-20,256
10897,-20,-19,256
10902,-21,-16,253
10907,-19,-20,258
10912,-22,-16,255
10917,-20,-19,253
10922,-18,-19,257
10927,-18,-19,256
10932,-19,-16,256
10937,-18,-21,257
10942,-22,-19,257
10947,-20,-15,257
10952,-19,-18,257
10957,-21,-22,258
10962,-18,-17,256
10967,-19,-20,254
10972,-21,-20,257
10977,-22,-17,254
10982,-19,-20,256
10987,-21,-18,256
10992,-20,-20,255
10997,-16,-17,256
11002,-21,-21,257
11007,-20,-16,254
11012,-20,-24,253
11017,-21,-18,256
11022,-23,-16,256
11027,-17,-22,256
11032,-19,-17,255
11037,-20,-18,256
11042,-19,-18,254
11047,-20,-21,255
11052,-20,-13,257
11057,-19,-23,257
11062,-20,-20,255
11067,-19,-18,256
11072,-19,-19,256
11077,-20,-20,256
11082,-21,-18,255
11087,-20,-20,254
11092,-20,-21,255
11097,-21,-15,256
11102,-19,-19,257
11107,-22,-19,255
11112,-22,-19,255
11117,-18,-17,255
11122,-18,-21,258
11127,-23,-19,256
11132,-19,-15,256
11137,-19,-20,260
11142,-20,-18,257
11147,-21,-16,255
11152,-19,-18,260
[FEATURES] f0=-19490 f1=1599 f2=19555 f3=-23000 f4=-15000 f5=8000 f6=1270 f7=-18690 f8=1940 f9=18790 f10=-24000 f11=-13000 f12=11000 f13=1567 f14=255815 f15=1241 f16=255818 f17=253000 f18=260000 f19=7000 f20=950
[SCALED_FEATURES] f0=3727 f1=-1216 f2=-1229 f3=1494 f4=-1207 f5=-1360 f6=-1209 f7=-2847 f8=-987 f9=-902 f10=1026 f11=-1043 f12=-1038 f13=-981 f14=-181 f15=-856 f16=-459 f17=1013 f18=-1028 f19=-1038 f20=-819
[FEATURES_X] mean=-19490 std=1599 rms=19555 min=-23000 max=-15000 p2p=8000 mad=1270
[FEATURES_Y] mean=-18690 std=1940 rms=18790 min=-24000 max=-13000 p2p=11000 mad=1567
[FEATURES_Z] mean=255815 std=1241 rms=255818 min=253000 max=260000 p2p=7000 mad=950
[CLASS] CLASS=normal ID=0 scores_x1000=[6998,-511,-6486]
[CLASS_STATS] condition=normal total_windows=11
predicted_count=[11,0,0]
correct_windows=11
accuracy_x1000=1000
current_prediction=0
[CLASS_TIMING] sample_interval_ms=5 window_acquisition_ms=901 feature_extract_ms=7 inference_ms=0 total_cycle_ms=971
11251,-20,-21,255
11254,-20,-21,255
11256,-18,-21,256
11259,-18,-21,256
11261,-20,-17,256
11264,-20,-17,256
11266,-20,-17,257
11269,-20,-17,257
11272,-19,-19,258
11274,-19,-19,258
11277,-16,-15,255
11279,-16,-15,255
11282,-16,-17,261
11284,-16,-17,261
11287,-19,-17,259
11290,-19,-17,259
11292,-21,-17,255
11295,-21,-17,255
11297,-19,-18,254
11300,-19,-18,254
11302,-20,-14,255
11305,-20,-14,255
11308,-20,-15,257
11310,-20,-15,257
11313,-20,-17,257
11315,-20,-17,257
11318,-18,-14,255
11320,-18,-14,255
11323,-16,-15,257
11326,-16,-15,257
11328,-18,-18,256
11331,-18,-18,256
11333,-17,-18,255
11336,-17,-18,255
11338,-20,-16,260
11341,-20,-16,260
11344,-20,-14,254
11346,-20,-14,254
11349,-17,-19,256
11352,-20,-17,255
11357,-21,-21,253
11362,-19,-19,254
11367,-20,-21,255
11372,-20,-21,256
11377,-20,-22,255
11382,-19,-20,254
11387,-19,-20,254
11392,-18,-19,255
11397,-18,-18,254
11402,-22,-19,255
11407,-20,-23,258
11412,-21,-20,256
11417,-21,-19,254
11422,-18,-18,256
11427,-17,-23,262
11432,-20,-17,255
11437,-20,-18,253
11442,-18,-17,255
11447,-19,-20,257
11452,-18,-19,257
11457,-18,-19,257
11462,-19,-16,256
11467,-20,-18,258
11472,-22,-17,255
11477,-17,-16,255
11482,-18,-18,258
11487,-19,-20,256
11492,-19,-15,254
11497,-19,-15,257
11502,-20,-22,258
11507,-18,-16,256
11512,-20,-19,254
11517,-20,-18,256
11522,-20,-18,256
11527,-19,-21,256
11532,-19,-17,254
11537,-20,-18,256
11542,-21,-17,254
11547,-21,-22,256
11552,-20,-16,256
11557,-20,-22,257
11562,-20,-19,255
11567,-19,-18,254
11572,-18,-21,256
11577,-22,-21,253
11582,-22,-19,254
11587,-19,-20,255
11592,-21,-24,255
11597,-19,-18,254
11602,-19,-20,256
11607,-18,-20,257
11612,-21,-21,256
11617,-20,-21,255
11622,-23,-19,255
11627,-22,-18,254
11632,-19,-22,255
11637,-18,-20,255
11642,-20,-17,255
11647,-20,-21,255
11652,-21,-18,255
11657,-20,-17,254
11662,-20,-17,254
11667,-20,-18,256
11672,-20,-21,257
11677,-20,-17,259
11682,-22,-20,255
11687,-15,-15,256
11692,-18,-17,256
11697,-22,-20,256
11702,-21,-15,255
11707,-19,-18,256
11712,-19,-18,258
11717,-19,-18,254
11722,-20,-15,255
11727,-14,-23,258
11732,-18,-18,260
11737,-23,-18,255
11742,-14,-20,257
11747,-17,-21,258
11752,-21,-20,254
11757,-20,-16,255
11762,-19,-20,252
11767,-20,-16,256
11772,-19,-21,256
11777,-20,-20,255
11782,-17,-21,255
11787,-18,-21,257
11792,-20,-20,256
11797,-20,-17,256
11802,-21,-19,256
11807,-21,-20,255
11812,-19,-18,255
11817,-17,-20,257
11822,-21,-19,256
11827,-22,-19,256
11832,-18,-18,255
11837,-21,-16,256
11842,-21,-15,255
11847,-22,-21,256
11852,-19,-17,255
11857,-18,-19,254
11862,-22,-20,255
11867,-22,-19,256
11872,-21,-18,256
11877,-19,-20,255
11882,-16,-20,256
11887,-20,-14,253
11892,-20,-21,254
11897,-18,-17,256
11902,-20,-19,256
11907,-19,-20,254
11912,-21,-21,255
11917,-20,-20,256
11922,-18,-21,257
11927,-18,-17,255
11932,-19,-21,255
11937,-20,-21,257
11942,-20,-21,257
11947,-22,-16,254
11952,-20,-22,254
11957,-18,-22,257
11962,-19,-19,258
11967,-17,-17,255
11972,-17,-20,255
11977,-19,-20,258
11982,-20,-19,258
11987,-20,-17,255
11992,-17,-17,256
11997,-17,-17,257
12002,-21,-19,257
12007,-21,-16,254
12012,-18,-18,256
12017,-18,-19,259
12022,-20,-16,255
12027,-17,-18,257
12032,-17,-18,259
12037,-22,-17,253
12042,-20,-16,254
12047,-19,-18,255
12052,-20,-16,257
12057,-23,-18,255
12062,-19,-20,255
12067,-18,-16,255
12072,-21,-18,256
12077,-19,-18,254
12082,-20,-20,255
12087,-21,-17,257
12092,-21,-20,256
12097,-19,-19,256
12102,-17,-20,258
12107,-19,-21,255
12112,-23,-17,254
12117,-20,-21,254
12122,-19,-22,256
12127,-22,-18,255
12132,-20,-16,255
12137,-21,-20,256
12142,-22,-17,254
12147,-21,-21,255
12152,-18,-20,255
[FEATURES] f0=-19395 f1=1661 f2=19465 f3=-23000 f4=-14000 f5=9000 f6=1321 f7=-18460 f8=2139 f9=18583 f10=-24000 f11=-14000 f12=10000 f13=1793 f14=255755 f15=1576 f16=255759 f17=252000 f18=262000 f19=10000 f20=1205
[SCALED_FEATURES] f0=3761 f1=-1215 f2=-1231 f3=1494 f4=-1197 f5=-1354 f6=-1208 f7=-2777 f8=-986 f9=-903 f10=1026 f11=-1047 f12=-1039 f13=-980 f14=-187 f15=-851 f16=-461 f17=1002 f18=-1009 f19=-1022 f20=-815
[FEATURES_X] mean=-19395 std=1661 rms=19465 min=-23000 max=-14000 p2p=9000 mad=1321
[FEATURES_Y] mean=-18460 std=2139 rms=18583 min=-24000 max=-14000 p2p=10000 mad=1793
[FEATURES_Z] mean=255755 std=1576 rms=255759 min=252000 max=262000 p2p=10000 mad=1205
[CLASS] CLASS=normal ID=0 scores_x1000=[7121,-445,-6675]
[CLASS_STATS] condition=normal total_windows=12
predicted_count=[12,0,0]
correct_windows=12
accuracy_x1000=1000
current_prediction=0
[CLASS_TIMING] sample_interval_ms=5 window_acquisition_ms=901 feature_extract_ms=7 inference_ms=1 total_cycle_ms=972
12251,-19,-21,255
12254,-20,-20,258
12257,-20,-20,258
12259,-22,-19,257
12262,-22,-19,257
12264,-22,-13,255
12267,-22,-13,255
12269,-22,-21,257
12272,-22,-21,257
12275,-17,-16,254
12277,-17,-16,254
12280,-19,-17,257
12282,-19,-17,257
12285,-16,-17,256
12287,-16,-17,256
12290,-19,-21,258
12293,-19,-21,258
12295,-23,-19,255
12298,-23,-19,255
12300,-18,-17,258
12303,-18,-17,258
12305,-21,-22,256
12308,-21,-22,256
12311,-20,-15,254
12313,-20,-15,254
12316,-20,-20,257
12318,-20,-20,257
12321,-20,-16,254
12323,-20,-16,254
12326,-17,-19,259
12329,-17,-19,259
12331,-19,-19,256
12334,-19,-19,256
12336,-19,-18,259
12339,-19,-18,259
12341,-19,-15,256
12344,-19,-15,256
12347,-18,-22,257
12349,-18,-22,257
12352,-19,-17,258
12357,-20,-22,254
12362,-19,-20,257
12367,-19,-20,256
12372,-20,-17,255
12377,-19,-19,255
12382,-19,-22,256
12387,-17,-14,256
12392,-20,-17,255
12397,-20,-19,255
12402,-21,-18,255
12407,-22,-17,256
12412,-23,-18,254
12417,-21,-17,257
12422,-18,-19,257
12427,-18,-19,256
12432,-23,-17,254
12437,-22,-20,256
12442,-21,-19,254
12447,-20,-20,256
12452,-16,-19,256
12457,-19,-21,255
12462,-19,-17,255
12467,-23,-20,254
12472,-21,-20,256
12477,-19,-20,254
12482,-21,-20,255
12487,-18,-19,256
12492,-18,-19,256
12497,-17,-17,257
12502,-18,-21,256
12507,-17,-18,255
12512,-19,-18,260
12517,-20,-20,256
12522,-20,-18,253
12527,-20,-22,258
12532,-17,-19,256
12537,-16,-17,254
12542,-17,-17,260
12547,-23,-17,256
12552,-19,-16,256
12557,-20,-19,258
12562,-20,-18,256
12567,-19,-14,253
12572,-17,-20,257
12577,-20,-18,257
12582,-24,-17,255
12587,-21,-14,253
12592,-22,-21,256
12597,-20,-17,256
12602,-19,-17,256
12607,-16,-20,256
12612,-21,-17,257
12617,-20,-17,256
12622,-16,-16,257
12627,-20,-21,256
12632,-20,-22,256
12637,-20,-18,257
12642,-19,-18,256
12647,-18,-19,255
12652,-19,-20,255
12657,-18,-19,254
12662,-17,-19,256
12667,-17,-22,256
12672,-16,-18,255
12677,-20,-18,256
12682,-20,-21,255
12687,-18,-18,255
12692,-22,-19,256
12697,-19,-20,256
12702,-21,-21,256
12707,-20,-18,255
12712,-18,-21,256
12717,-21,-19,255
12722,-21,-20,254
12727,-20,-20,254
12732,-23,-20,257
12737,-21,-19,257
12742,-20,-18,254
12747,-20,-19,255
12752,-20,-17,256
12757,-23,-21,252
12762,-20,-15,255
12767,-20,-15,255
12772,-22,-21,255
12777,-18,-18,255
12782,-18,-17,256
12787,-20,-18,257
12792,-20,-15,254
12797,-19,-17,254
12802,-21,-17,255
12807,-20,-22,254
12812,-21,-14,255
12817,-17,-16,257
12822,-17,-20,260
12827,-21,-17,255
12832,-16,-17,254
12837,-18,-19,256
12842,-23,-19,258
12847,-20,-19,255
12852,-18,-17,255
12857,-21,-18,256
12862,-21,-20,258
12867,-19,-20,254
12872,-19,-19,257
12877,-19,-20,254
12882,-18,-20,255
12887,-19,-16,255
12892,-18,-21,257
12897,-18,-20,256
12902,-20,-16,254
12907,-19,-18,256
12912,-20,-21,256
12917,-18,-20,256
12922,-19,-19,253
12927,-19,-23,255
12932,-19,-17,254
12937,-20,-18,257
12942,-21,-19,257
12947,-21,-17,256
12952,-18,-21,256
12957,-17,-19,256
12962,-20,-17,255
12967,-22,-22,254
12972,-20,-21,253
12977,-23,-14,255
12982,-19,-20,255
12987,-21,-18,255
12992,-18,-18,255
12997,-19,-17,254
13002,-22,-19,255
13007,-22,-15,254
13012,-22,-19,257
13017,-21,-19,254
13022,-23,-19,256
13027,-20,-18,253
13032,-23,-19,253
13037,-21,-18,255
13042,-21,-18,255
13047,-22,-21,256
13052,-20,-18,256
13057,-21,-18,258
13062,-22,-20,256
13067,-17,-19,256
13072,-15,-19,257
13077,-17,-19,258
13082,-20,-22,255
13087,-18,-15,255
13092,-20,-19,257
13097,-19,-21,256
13102,-17,-16,255
13107,-18,-21,257
13112,-19,-18,256
13117,-17,-16,255
13122,-17,-20,255
13127,-19,-20,257
13132,-18,-16,257
13137,-19,-23,257
13142,-18,-17,254
13147,-17,-20,256
13152,-17,-21,257
[FEATURES] f0=-19505 f1=1827 f2=19590 f3=-24000 f4=-15000 f5=9000 f6=1489 f7=-18570 f8=2045 f9=18682 f10=-23000 f11=-13000 f12=10000 f13=1668 f14=255760 f15=1425 f16=255763 f17=252000 f18=260000 f19=8000 f20=1123
[SCALED_FEATURES] f0=3722 f1=-1212 f2=-1228 f3=1483 f4=-1207 f5=-1354 f6=-1204 f7=-2811 f8=-986 f9=-903 f10=1030 f11=-1043 f12=-1039 f13=-980 f14=-187 f15=-853 f16=-461 f17=1002 f18=-1028 f19=-1033 f20=-816
[FEATURES_X] mean=-19505 std=1827 rms=19590 min=-24000 max=-15000 p2p=9000 mad=1489
[FEATURES_Y] mean=-18570 std=2045 rms=18682 min=-23000 max=-13000 p2p=10000 mad=1668
[FEATURES_Z] mean=255760 std=1425 rms=255763 min=252000 max=260000 p2p=8000 mad=1123
[CLASS] CLASS=normal ID=0 scores_x1000=[7021,-511,-6510]
[CLASS_STATS] condition=normal total_windows=13
predicted_count=[13,0,0]
correct_windows=13
accuracy_x1000=1000
current_prediction=0
[CLASS_TIMING] sample_interval_ms=5 window_acquisition_ms=901 feature_extract_ms=7 inference_ms=1 total_cycle_ms=972
13251,-23,-16,255
13254,-23,-16,255
13256,-21,-20,257
13259,-21,-20,257
13262,-21,-16,257
13264,-21,-16,257
13267,-22,-20,256
13269,-22,-20,256
13272,-17,-19,256
13274,-17,-19,256
13277,-19,-18,255
13280,-19,-18,255
13282,-18,-15,255
13285,-18,-15,255
13287,-21,-20,257
13290,-21,-20,257
13292,-20,-17,255
13295,-20,-17,255
13298,-20,-15,256
13300,-20,-15,256
13303,-19,-22,256
13305,-19,-22,256
13308,-17,-17,255
13310,-17,-17,255
13313,-18,-18,257
13316,-18,-18,257
13318,-19,-21,258
13321,-19,-21,258
13323,-19,-16,255
13326,-19,-16,255
13328,-20,-19,258
13331,-20,-19,258
13334,-21,-20,255
13336,-21,-20,255
13339,-18,-17,256
13341,-18,-17,256
13344,-18,-20,256
13346,-18,-20,256
13349,-17,-18,257
13352,-17,-18,257
13357,-18,-16,255
13362,-16,-17,255
13367,-16,-20,258
13372,-20,-20,258
13377,-17,-17,253
13382,-17,-24,257
13387,-19,-18,257
13392,-18,-18,256
13397,-17,-19,255
13402,-19,-20,257
13407,-21,-16,257
13412,-21,-19,254
13417,-15,-19,255
13422,-17,-19,256
13427,-22,-18,255
13432,-19,-18,253
13437,-18,-21,255
13442,-19,-22,257
13447,-20,-21,256
13452,-18,-19,257
13457,-20,-20,253
13462,-21,-19,255
13467,-21,-18,253
13472,-19,-21,255
13477,-23,-17,256
13482,-21,-19,255
13487,-21,-17,255
13492,-21,-16,255
13497,-22,-18,256
13502,-22,-19,256
13507,-19,-16,255
13512,-20,-18,255
13517,-19,-19,256
13522,-21,-18,255
13527,-21,-18,256
13532,-22,-18,254
13537,-21,-15,254
13542,-22,-17,255
13547,-21,-18,255
13552,-20,-15,256
13557,-17,-21,258
13562,-19,-18,254
13567,-19,-19,255
13572,-19,-17,254
13577,-22,-22,255
13582,-20,-17,255
13587,-20,-23,255
13592,-20,-23,255
13597,-19,-21,256
13602,-21,-18,255
13607,-18,-20,255
13612,-18,-22,257
13617,-20,-20,254
13622,-17,-16,255
13627,-20,-25,257
13632,-17,-19,258
13637,-17,-18,256
13642,-16,-20,253
13647,-21,-18,256
13652,-19,-19,256
13657,-20,-18,254
13662,-18,-16,256
13667,-17,-22,258
13672,-19,-21,255
13677,-18,-14,256
13682,-18,-20,257
13687,-18,-20,256
13692,-20,-18,259
13697,-18,-18,255
13702,-18,-22,256
13707,-20,-17,259
13712,-24,-20,256
13717,-20,-16,256
13722,-21,-16,257
13727,-20,-20,255
13732,-22,-17,255
13737,-19,-17,256
13742,-19,-16,257
13747,-22,-20,256
13752,-21,-14,256
13757,-21,-22,255
13762,-21,-16,255
13767,-21,-19,255
13772,-19,-20,254
13777,-20,-21,256
13782,-21,-18,253
13787,-22,-19,254
13792,-22,-19,256
13797,-21,-18,254
13802,-18,-21,255
13807,-18,-21,256
13812,-20,-19,256
13817,-18,-20,257
13822,-20,-21,255
13827,-19,-18,256
13832,-19,-20,255
13837,-20,-20,254
13842,-19,-17,255
13847,-19,-21,256
13852,-21,-21,256
13857,-21,-20,256
13862,-22,-20,254
13867,-22,-20,254
13872,-19,-18,255
13877,-22,-18,258
13882,-17,-22,257
13887,-18,-16,255
13892,-19,-16,260
13897,-19,-18,256
13902,-20,-17,255
13907,-21,-16,258
13912,-20,-20,258
13917,-18,-16,256
13922,-21,-14,253
13927,-18,-20,255
13932,-20,-16,257
13937,-19,-18,255
13942,-17,-18,256
13947,-18,-20,258
13952,-16,-18,254
13957,-18,-19,256
13962,-20,-17,258
13967,-22,-18,255
13972,-19,-17,257
13977,-23,-17,258
13982,-22,-18,255
13987,-20,-20,256
13992,-21,-17,256
13997,-21,-18,255
14002,-21,-21,256
14007,-20,-18,255
14012,-19,-18,254
14017,-20,-18,258
14022,-22,-18,254
14027,-19,-17,254
14032,-22,-21,255
14037,-21,-16,254
14042,-22,-18,256
14047,-19,-18,257
14052,-21,-17,256
14057,-17,-20,256
14062,-16,-20,255
14067,-23,-20,256
14072,-20,-16,255
14077,-18,-22,257
14082,-18,-16,256
14087,-22,-20,254
14092,-17,-19,255
14097,-18,-18,254
14102,-19,-19,256
14107,-22,-20,256
14112,-18,-20,255
14117,-18,-19,257
14122,-18,-23,256
14127,-17,-17,256
14132,-19,-21,253
14137,-19,-19,255
14142,-20,-17,254
14147,-20,-17,254
14152,-20,-20,255
[FEATURES] f0=-19540 f1=1737 f2=19617 f3=-24000 f4=-15000 f5=9000 f6=1464 f7=-18595 f8=2015 f9=18703 f10=-25000 f11=-14000 f12=11000 f13=1662 f14=255685 f15=1286 f16=255688 f17=253000 f18=260000 f19=7000 f20=1030
[SCALED_FEATURES] f0=3709 f1=-1213 f2=-1228 f3=1483 f4=-1207 f5=-1354 f6=-1205 f7=-2818 f8=-987 f9=-903 f10=1023 f11=-1047 f12=-1038 f13=-980 f14=-195 f15=-855 f16=-463 f17=1013 f18=-1028 f19=-1038 f20=-818
[FEATURES_X] mean=-19540 std=1737 rms=19617 min=-24000 max=-15000 p2p=9000 mad=1464
[FEATURES_Y] mean=-18595 std=2015 rms=18703 min=-25000 max=-14000 p2p=11000 mad=1662
[FEATURES_Z] mean=255685 std=1286 rms=255688 min=253000 max=260000 p2p=7000 mad=1030
[CLASS] CLASS=normal ID=0 scores_x1000=[6972,-523,-6448]
[CLASS_STATS] condition=normal total_windows=14
predicted_count=[14,0,0]
correct_windows=14
accuracy_x1000=1000
current_prediction=0
[CLASS_TIMING] sample_interval_ms=5 window_acquisition_ms=901 feature_extract_ms=7 inference_ms=1 total_cycle_ms=972
14251,-23,-17,256
14254,-23,-17,256
14256,-20,-17,256
14259,-20,-17,256
14262,-21,-18,257
14264,-21,-18,257
14267,-18,-21,257
14269,-18,-21,257
14272,-15,-18,259
14274,-15,-18,259
14277,-21,-19,256
14280,-21,-19,256
14282,-19,-15,256
14285,-19,-15,256
14287,-18,-21,257
14290,-18,-21,257
14292,-18,-17,257
14295,-18,-17,257
14298,-20,-15,255
14300,-20,-15,255
14303,-20,-22,256
14305,-20,-22,256
14308,-18,-19,257
14310,-18,-15,255
14313,-18,-15,255
14316,-23,-20,254
14318,-23,-20,254
14321,-19,-18,255
14323,-19,-18,255
14326,-19,-18,255
14328,-19,-18,255
14331,-19,-18,256
14334,-19,-18,256
14336,-17,-20,254
14339,-17,-20,254
14341,-17,-18,255
14344,-17,-18,255
14346,-19,-20,255
14349,-19,-20,255
14352,-19,-20,255
14357,-19,-18,255
14362,-20,-22,254
14367,-19,-19,255
14372,-19,-16,256
14377,-19,-22,256
14382,-21,-18,255
14387,-22,-19,256
14392,-18,-19,255
14397,-19,-22,255
14402,-18,-17,255
14407,-18,-20,254
14412,-16,-20,255
14417,-20,-18,257
14422,-20,-18,257
14427,-19,-21,255
14432,-21,-18,253
14437,-20,-18,257
14442,-19,-16,255
14447,-19,-18,254
14452,-19,-14,257
14457,-19,-19,255
14462,-17,-16,255
14467,-22,-15,259
14472,-21,-20,258
14477,-19,-17,255
14482,-20,-16,257
14487,-18,-18,255
14492,-17,-16,255
14497,-22,-15,258
14502,-21,-18,255
14507,-18,-14,255
14512,-22,-17,257
14517,-20,-19,257
14522,-20,-18,255
14527,-17,-15,255
14532,-20,-23,257
14537,-21,-17,254
14542,-19,-19,256
14547,-21,-20,256
14552,-20,-19,255
14557,-19,-19,255
14562,-19,-19,256
14567,-18,-19,256
14572,-19,-18,256
14577,-18,-23,253
14582,-19,-17,254
14587,-19,-20,254
14592,-17,-18,255
14597,-21,-19,257
14602,-21,-18,255
14607,-15,-21,256
14612,-19,-19,259
14617,-21,-17,255
14622,-18,-22,255
14627,-17,-18,255
14632,-18,-17,255
14637,-21,-19,256
14642,-22,-18,256
14647,-18,-17,256
14652,-20,-20,256
14657,-20,-18,254
14662,-19,-20,256
14667,-18,-21,257
14672,-22,-16,255
14677,-21,-19,257
14682,-19,-20,253
14687,-21,-16,256
14692,-19,-17,256
14697,-19,-17,256
14702,-19,-23,257
14707,-20,-19,255
14712,-21,-17,256
14717,-21,-21,254
14722,-20,-17,255
14727,-16,-20,258
14732,-21,-19,258
14737,-18,-16,256
14742,-17,-16,256
14747,-21,-21,259
14752,-22,-16,255
14757,-20,-16,255
14762,-18,-17,255
14767,-20,-19,258
14772,-17,-16,256
14777,-18,-21,255
14782,-20,-18,256
14787,-23,-17,255
14792,-17,-20,255
14797,-21,-15,255
14802,-18,-19,256
14807,-18,-19,255
14812,-19,-17,254
14817,-18,-18,256
14822,-20,-22,256
14827,-19,-17,255
14832,-18,-21,255
14837,-18,-19,256
14842,-19,-18,257
14847,-18,-20,256
14852,-21,-21,255
14857,-21,-19,255
14862,-21,-19,255
14867,-19,-19,255
14872,-20,-16,256
14877,-19,-19,255
14882,-18,-18,254
14887,-20,-18,255
14892,-20,-18,255
14897,-20,-23,256
14902,-19,-16,257
14907,-22,-22,255
14912,-18,-19,256
14917,-20,-20,254
14922,-23,-18,256
14927,-20,-21,253
14932,-23,-18,254
14937,-19,-19,255
14942,-18,-21,256
14947,-20,-18,256
14952,-21,-19,256
14957,-21,-19,255
14962,-21,-18,257
14967,-17,-20,257
14972,-17,-20,257
14977,-23,-19,254
14982,-20,-18,254
14987,-20,-18,257
14992,-20,-19,257
14997,-19,-17,257
15002,-19,-20,258
15007,-18,-20,257
15012,-19,-15,257
15017,-18,-17,257
15022,-17,-21,257
15027,-15,-15,257
15032,-20,-20,257
15037,-19,-16,255
15042,-20,-18,256
15047,-18,-18,259
15052,-18,-19,256
15057,-16,-17,256
15062,-18,-20,258
15067,-22,-20,255
15072,-18,-15,255
15077,-16,-21,257
15082,-20,-17,255
15087,-19,-18,253
15092,-15,-19,255
15097,-20,-21,256
15102,-21,-16,254
15107,-21,-20,254
15112,-20,-22,257
15117,-17,-17,255
15122,-18,-23,256
15127,-19,-19,257
15132,-19,-19,257
15137,-19,-18,256
15142,-21,-21,255
15147,-22,-16,255
15152,-20,-22,256
[FEATURES] f0=-19290 f1=1701 f2=19364 f3=-23000 f4=-15000 f5=8000 f6=1357 f7=-18510 f8=1979 f9=18615 f10=-23000 f11=-14000 f12=9000 f13=1605 f14=255730 f15=1227 f16=255732 f17=253000 f18=259000 f19=6000 f20=993
[SCALED_FEATURES] f0=3798 f1=-1214 f2=-1233 f3=1494 f4=-1207 f5=-1360 f6=-1207 f7=-2792 f8=-987 f9=-903 f10=1030 f11=-1047 f12=-1041 f13=-981 f14=-190 f15=-856 f16=-462 f17=1013 f18=-1038 f19=-1043 f20=-818
[FEATURES_X] mean=-19290 std=1701 rms=19364 min=-23000 max=-15000 p2p=8000 mad=1357
[FEATURES_Y] mean=-18510 std=1979 rms=18615 min=-23000 max=-14000 p2p=9000 mad=1605
[FEATURES_Z] mean=255730 std=1227 rms=255732 min=253000 max=259000 p2p=6000 mad=993
[CLASS] CLASS=normal ID=0 scores_x1000=[7125,-428,-6697]
[CLASS_STATS] condition=normal total_windows=15
predicted_count=[15,0,0]
correct_windows=15
accuracy_x1000=1000
current_prediction=0
[CLASS_TIMING] sample_interval_ms=5 window_acquisition_ms=901 feature_extract_ms=7 inference_ms=0 total_cycle_ms=971
15251,-22,-17,255
15253,-19,-18,254
15256,-19,-18,254
15259,-18,-17,256
15261,-18,-17,256
15264,-17,-17,258
15266,-17,-17,258
15269,-16,-18,254
15271,-16,-18,254
15274,-18,-20,258
15277,-18,-20,258
15279,-17,-16,253
15282,-17,-16,253
15284,-18,-16,257
15287,-18,-16,257
15289,-16,-22,257
15292,-16,-22,257
15295,-19,-15,253
15297,-19,-15,253
15300,-17,-20,255
15302,-17,-20,255
15305,-16,-20,259
15307,-16,-20,259
15310,-18,-18,255
15313,-18,-18,255
15315,-21,-17,258
15318,-21,-17,258
15320,-18,-20,256
15323,-18,-20,256
15325,-15,-17,258
15328,-15,-17,258
15331,-18,-20,259
15333,-18,-20,259
15336,-18,-18,256
15338,-18,-18,256
15341,-16,-19,256
15343,-16,-19,256
15346,-21,-17,256
15349,-21,-17,256
15352,-18,-19,254
15357,-20,-16,256
15362,-20,-20,255
15367,-20,-18,256
15372,-21,-17,256
15377,-19,-17,255
15382,-19,-19,256
15387,-22,-18,257
15392,-20,-16,255
15397,-19,-22,255
15402,-19,-16,255
15407,-18,-21,255
15412,-18,-19,256
15417,-21,-19,257
15422,-25,-18,255
15427,-21,-17,255
15432,-17,-19,256
15437,-20,-18,257
15442,-20,-21,257
15447,-17,-16,256
15452,-19,-21,256
15457,-20,-20,255
15462,-24,-18,255
15467,-19,-17,256
15472,-20,-19,254
15477,-20,-16,256
15482,-20,-18,256
15487,-21,-22,254
15492,-21,-18,255
15497,-23,-17,255
15502,-21,-21,256
15507,-21,-18,255
15512,-18,-19,256
15517,-18,-21,256
15522,-18,-21,256
15527,-20,-18,255
15532,-21,-21,255
15537,-18,-21,255
15542,-21,-17,252
15547,-17,-20,256
15552,-20,-20,259
15557,-17,-17,255
15562,-16,-18,259
15567,-21,-21,263
15572,-22,-15,256
15577,-17,-19,255
15582,-18,-19,260
15587,-19,-18,258
15592,-17,-19,255
15597,-18,-18,258
15602,-22,-16,257
15607,-20,-18,255
15612,-17,-20,255
15617,-20,-18,255
15622,-17,-20,256
15627,-20,-18,254
15632,-19,-18,256
15637,-20,-20,258
15642,-22,-17,256
15647,-18,-18,256
15652,-20,-20,256
15657,-20,-18,255
15662,-19,-18,255
15667,-20,-19,256
15672,-23,-17,255
15677,-19,-17,256
15682,-19,-19,256
15687,-22,-20,256
15692,-20,-16,256
15697,-17,-21,256
15702,-20,-19,255
15707,-21,-16,256
15712,-20,-19,257
15717,-20,-19,255
15722,-18,-17,255
15727,-19,-19,255
15732,-17,-20,256
15737,-20,-20,254
15742,-20,-20,256
15747,-21,-20,254
15752,-19,-20,256
15757,-18,-19,257
15762,-19,-19,256
15767,-19,-15,255
15772,-20,-22,254
15777,-20,-19,256
15782,-21,-18,255
15787,-16,-18,255
15792,-20,-19,255
15797,-20,-19,255
15802,-19,-19,255
15807,-18,-21,256
15812,-20,-22,257
15817,-21,-18,254
15822,-18,-19,257
15827,-20,-16,262
15832,-20,-18,256
15837,-16,-15,257
15842,-19,-19,259
15847,-17,-16,258
15852,-20,-21,254
15857,-18,-17,257
15862,-21,-19,257
15867,-18,-19,254
15872,-18,-15,255
15877,-17,-20,256
15882,-19,-17,255
15887,-21,-20,254
15892,-17,-16,256
15897,-19,-21,259
15902,-20,-17,255
15907,-18,-21,256
15912,-18,-19,257
15917,-20,-18,256
15922,-18,-16,256
15927,-20,-21,256
15932,-18,-19,255
15937,-19,-16,254
15942,-19,-21,257
15947,-21,-17,256
15952,-21,-19,254
15957,-18,-19,257
15962,-20,-20,256
15967,-18,-16,256
15972,-23,-20,254
15977,-21,-17,256
15982,-19,-18,257
15987,-22,-20,254
15992,-23,-17,254
15997,-19,-19,257
16002,-16,-20,255
16007,-21,-19,253
16012,-19,-17,254
16017,-18,-23,257
16022,-21,-19,256
16027,-21,-17,256
16032,-20,-20,254
16037,-18,-18,256
16042,-19,-20,256
16047,-17,-19,256
16052,-17,-20,256
16057,-20,-20,257
16062,-19,-21,257
16067,-21,-16,256
16072,-21,-16,256
16077,-20,-21,256
16082,-19,-17,257
16087,-20,-17,254
16092,-17,-17,256
16097,-20,-20,254
16102,-21,-15,256
16107,-18,-16,256
16112,-18,-20,259
16117,-20,-14,256
16122,-15,-17,255
16127,-16,-20,257
16132,-20,-19,256
16137,-20,-16,252
16142,-18,-20,258
16147,-19,-16,258
16152,-18,-20,256
[FEATURES] f0=-19065 f1=1794 f2=19149 f3=-25000 f4=-15000 f5=10000 f6=1453 f7=-18465 f8=1785 f9=18551 f10=-23000 f11=-14000 f12=9000 f13=1510 f14=255905 f15=1551 f16=255909 f17=252000 f18=263000 f19=11000 f20=1096
[SCALED_FEATURES] f0=3878 f1=-1212 f2=-1238 f3=1471 f4=-1207 f5=-1349 f6=-1205 f7=-2779 f8=-988 f9=-904 f10=1030 f11=-1047 f12=-1041 f13=-981 f14=-172 f15=-851 f16=-456 f17=1002 f18=-999 f19=-1016 f20=-817
[FEATURES_X] mean=-19065 std=1794 rms=19149 min=-25000 max=-15000 p2p=10000 mad=1453
[FEATURES_Y] mean=-18465 std=1785 rms=18551 min=-23000 max=-14000 p2p=9000 mad=1510
[FEATURES_Z] mean=255905 std=1551 rms=255909 min=252000 max=263000 p2p=11000 mad=1096
[CLASS] CLASS=normal ID=0 scores_x1000=[7333,-304,-7029]
[CLASS_STATS] condition=normal total_windows=16
predicted_count=[16,0,0]
correct_windows=16
accuracy_x1000=1000
current_prediction=0
[CLASS_TIMING] sample_interval_ms=5 window_acquisition_ms=901 feature_extract_ms=7 inference_ms=1 total_cycle_ms=972
16251,-21,-19,255
16254,-21,-19,255
16256,-17,-18,255
16259,-17,-18,255
16262,-19,-17,254
16264,-19,-17,254
16267,-20,-17,256
16269,-20,-17,256
16272,-17,-19,256
16274,-17,-19,256
16277,-20,-18,257
16280,-20,-18,257
16282,-19,-18,256
16285,-19,-18,256
16287,-15,-18,258
16290,-15,-18,258
16292,-21,-19,258
16295,-21,-19,258
16298,-15,-17,255
16300,-15,-17,255
16303,-20,-21,257
16305,-20,-21,257
16308,-20,-18,256
16310,-20,-18,256
16313,-19,-16,256
16316,-19,-16,256
16318,-19,-20,258
16321,-19,-20,258
16323,-15,-18,255
16326,-15,-18,255
16328,-20,-18,257
16331,-20,-18,257
16334,-16,-17,254
16336,-16,-17,254
16339,-19,-20,260
16341,-19,-20,260
16344,-20,-15,257
16346,-20,-15,257
16349,-16,-21,257
16352,-16,-21,257
16357,-18,-18,254
16362,-18,-19,255
16367,-20,-20,256
16372,-20,-19,254
16377,-18,-19,257
16382,-20,-19,256
16387,-20,-17,253
16392,-16,-16,259
16397,-17,-21,261
16402,-18,-17,255
16407,-17,-17,256
16412,-20,-19,258
16417,-21,-20,254
16422,-21,-16,255
16427,-18,-17,255
16432,-19,-19,254
16437,-21,-17,257
16442,-17,-17,255
16447,-17,-17,255
16452,-20,-19,257
16457,-19,-18,254
16462,-18,-18,257
16467,-17,-18,256
16472,-20,-22,256
16477,-18,-19,255
16482,-19,-17,256
16487,-20,-21,256
16492,-20,-18,256
16497,-21,-21,256
16502,-19,-18,260
16507,-20,-18,256
16512,-19,-17,255
16517,-21,-21,256
16522,-20,-17,255
16527,-18,-18,256
16532,-19,-19,257
16537,-20,-18,256
16542,-19,-18,256
16547,-18,-21,257
16552,-20,-18,256
16557,-23,-17,254
16562,-19,-19,257
16567,-20,-14,255
16572,-19,-20,254
16577,-21,-18,256
16582,-20,-18,254
16587,-17,-19,256
16592,-17,-19,256
16597,-20,-18,255
16602,-18,-19,255
16607,-18,-20,255
16612,-20,-18,255
16617,-18,-19,256
16622,-18,-19,256
16627,-20,-20,254
16632,-20,-19,256
16637,-19,-14,254
16642,-17,-20,256
16647,-18,-20,261
16652,-20,-17,255
16657,-18,-17,255
16662,-19,-19,260
16667,-19,-21,259
16672,-18,-17,256
16677,-19,-15,256
16682,-20,-19,259
16687,-21,-20,255
16692,-20,-16,255
16697,-22,-19,257
16702,-21,-19,259
16707,-21,-16,257
16712,-19,-15,254
16717,-16,-20,257
16722,-20,-18,257
16727,-21,-17,257
16732,-20,-20,256
16737,-21,-19,257
16742,-19,-21,258
16747,-19,-17,254
16752,-20,-20,256
16757,-20,-17,256
16762,-20,-18,256
16767,-19,-16,255
16772,-19,-21,255
16777,-20,-19,256
16782,-19,-18,256
16787,-17,-19,257
16792,-20,-21,255
16797,-20,-17,255
16802,-21,-19,255
16807,-20,-19,256
16812,-21,-18,256
16817,-21,-18,255
16822,-18,-15,254
16827,-20,-19,255
16832,-18,-18,256
16837,-20,-21,256
16842,-18,-19,256
16847,-19,-22,257
16852,-20,-19,253
16857,-20,-16,257
16862,-19,-21,256
16867,-19,-19,254
16872,-22,-20,256
16877,-19,-18,255
16882,-20,-20,256
16887,-18,-19,257
16892,-20,-21,256
16897,-20,-21,256
16902,-18,-20,255
16907,-18,-18,259
16912,-20,-21,256
16917,-22,-17,253
16922,-23,-18,256
16927,-18,-19,258
16932,-19,-17,257
16937,-21,-17,254
16942,-17,-21,257
16947,-20,-20,259
16952,-20,-20,255
16957,-17,-16,256
16962,-20,-22,258
16967,-20,-16,256
16972,-22,-16,255
16977,-21,-16,255
16982,-19,-19,257
16987,-19,-20,256
16992,-19,-16,255
16997,-18,-16,257
17002,-18,-20,256
17007,-21,-20,254
17012,-18,-14,254
17017,-20,-24,258
17022,-19,-19,254
17027,-21,-16,255
17032,-16,-22,257
17037,-19,-22,255
17042,-19,-17,256
17047,-19,-18,256
17052,-17,-21,257
17057,-20,-17,257
17062,-19,-21,256
17067,-18,-19,255
17072,-17,-20,257
17077,-19,-21,256
17082,-19,-17,256
17087,-18,-19,256
17092,-17,-22,255
17097,-21,-18,255
17102,-21,-19,256
17107,-18,-19,256
17112,-19,-20,255
17117,-20,-16,256
17122,-21,-21,254
17127,-22,-20,255
17132,-19,-17,255
17137,-19,-22,257
17142,-19,-17,256
17147,-20,-17,256
17152,-20,-19,257
[FEATURES] f0=-19115 f1=1572 f2=19179 f3=-23000 f4=-15000 f5=8000 f6=1224 f7=-18525 f8=1788 f9=18611 f10=-24000 f11=-14000 f12=10000 f13=1459 f14=256005 f15=1440 f16=256009 f17=253000 f18=261000 f19=8000 f20=1027
[SCALED_FEATURES] f0=3860 f1=-1216 f2=-1237 f3=1494 f4=-1207 f5=-1360 f6=-1210 f7=-2797 f8=-988 f9=-903 f10=1026 f11=-1047 f12=-1039 f13=-982 f14=-162 f15=-853 f16=-453 f17=1013 f18=-1019 f19=-1033 f20=-818
[FEATURES_X] mean=-19115 std=1572 rms=19179 min=-23000 max=-15000 p2p=8000 mad=1224
[FEATURES_Y] mean=-18525 std=1788 rms=18611 min=-24000 max=-14000 p2p=10000 mad=1459
[FEATURES_Z] mean=256005 std=1440 rms=256009 min=253000 max=261000 p2p=8000 mad=1027
[CLASS] CLASS=normal ID=0 scores_x1000=[7264,-340,-6923]
[CLASS_STATS] condition=normal total_windows=17
predicted_count=[17,0,0]
correct_windows=17
accuracy_x1000=1000
current_prediction=0
[CLASS_TIMING] sample_interval_ms=5 window_acquisition_ms=901 feature_extract_ms=7 inference_ms=1 total_cycle_ms=972
17251,-22,-18,255
17254,-20,-20,255
17256,-20,-20,255
17259,-18,-22,256
17262,-18,-22,256
17264,-20,-18,256
17267,-20,-18,256
17269,-19,-17,257
17272,-19,-17,257
17274,-18,-21,256
17277,-18,-21,256
17280,-18,-20,256
17282,-18,-20,256
17285,-20,-18,255
17287,-20,-18,255
17290,-18,-19,254
17292,-18,-19,254
17295,-19,-18,258
17298,-19,-18,258
17300,-22,-18,256
17303,-22,-18,256
17305,-19,-21,255
17308,-19,-21,255
17310,-17,-16,256
17313,-17,-16,256
17315,-22,-22,255
17318,-22,-22,255
17321,-18,-17,255
17323,-18,-17,255
17326,-18,-19,258
17328,-18,-19,258
17331,-18,-19,258
17334,-18,-19,258
17336,-21,-23,255
17339,-21,-23,255
17341,-20,-17,256
17344,-20,-17,256
17346,-19,-17,256
17349,-19,-17,256
17352,-17,-18,258
17357,-21,-19,256
17362,-20,-20,255
17367,-21,-17,255
17372,-21,-20,256
17377,-18,-17,257
17382,-19,-20,255
17387,-18,-18,255
17392,-19,-19,255
17397,-21,-21,256
17402,-21,-17,254
17407,-20,-21,255
17412,-20,-19,255
17417,-20,-19,256
17422,-20,-16,255
17427,-21,-22,255
17432,-21,-17,255
17437,-20,-20,255
17442,-19,-19,256
17447,-21,-19,255
17452,-21,-19,255
17457,-21,-17,257
17462,-20,-20,255
17467,-20,-16,253
17472,-21,-19,254
17477,-18,-19,256
17482,-22,-18,259
17487,-20,-20,256
17492,-18,-15,254
17497,-17,-17,257
17502,-16,-17,258
17507,-20,-22,255
17512,-19,-16,254
17517,-21,-20,255
17522,-17,-21,258
17527,-21,-17,256
17532,-21,-16,255
17537,-20,-19,255
17542,-19,-18,257
17547,-22,-18,256
17552,-22,-22,254
17557,-21,-15,255
17562,-19,-20,258
17567,-20,-20,254
17572,-23,-17,256
17577,-19,-21,255
17582,-19,-20,255
17587,-22,-18,256
17592,-20,-20,255
17597,-19,-18,255
17602,-21,-17,255
17607,-18,-20,255
17612,-22,-18,256
17617,-21,-16,255
17622,-19,-20,256
17627,-19,-21,256
17632,-18,-17,255
17637,-19,-21,257
17642,-21,-20,254
17647,-20,-17,256
17652,-20,-20,256
17657,-21,-21,256
17662,-21,-19,256
17667,-17,-17,257
17672,-20,-20,253
17677,-20,-16,256
17682,-20,-22,256
17687,-19,-16,254
17692,-23,-19,256
17697,-20,-20,256
17702,-20,-17,254
17707,-18,-16,257
17712,-19,-19,256
17717,-21,-18,255
17722,-22,-17,256
17727,-21,-23,255
17732,-21,-23,255
17737,-20,-19,254
17742,-17,-18,256
17747,-19,-20,258
17752,-19,-19,256
17757,-18,-16,256
17762,-25,-19,259
17767,-21,-19,256
17772,-17,-16,255
17777,-14,-20,259
17782,-19,-20,256
17787,-19,-15,254
17792,-15,-20,255
17797,-18,-19,258
17802,-21,-18,257
17807,-19,-22,255
17812,-19,-17,256
17817,-19,-19,258
17822,-19,-18,255
17827,-19,-19,254
17832,-17,-16,256
17837,-21,-18,256
17842,-20,-17,256
17847,-20,-17,254
17852,-17,-20,256
17857,-19,-15,256
17862,-23,-18,253
17867,-20,-17,254
17872,-21,-19,257
17877,-19,-19,255
17882,-18,-19,255
17887,-19,-18,255
17892,-20,-17,256
17897,-18,-19,256
17902,-18,-18,256
17907,-21,-18,254
17912,-20,-18,255
17917,-19,-16,256
17922,-19,-19,257
17927,-21,-21,256
17932,-20,-16,256
17937,-20,-19,256
17942,-18,-20,256
17947,-20,-18,255
17952,-19,-19,256
17957,-19,-20,254
17962,-21,-17,256
17967,-21,-18,255
17972,-21,-20,258
17977,-21,-20,255
17982,-20,-20,255
17987,-18,-20,257
17992,-19,-19,256
17997,-18,-21,256
18002,-21,-18,257
18007,-21,-18,257
18012,-21,-17,254
18017,-21,-18,256
18022,-18,-21,257
18027,-21,-12,256
18032,-20,-19,256
18037,-19,-20,258
18042,-22,-17,254
18047,-19,-15,256
18052,-17,-22,258
18057,-19,-17,255
18062,-16,-16,256
18067,-18,-20,259
18072,-19,-17,260
18077,-20,-18,256
18082,-18,-18,256
18087,-22,-20,257
18092,-21,-18,254
18097,-15,-21,257
18102,-18,-17,258
18107,-19,-21,256
18112,-18,-18,255
18117,-20,-16,257
18122,-19,-20,255
18127,-20,-21,256
18132,-20,-16,256
18137,-22,-18,255
18142,-18,-19,254
18147,-22,-17,256
18152,-21,-18,256
[FEATURES] f0=-19570 f1=1610 f2=19636 f3=-25000 f4=-14000 f5=11000 f6=1307 f7=-18635 f8=1871 f9=18728 f10=-23000 f11=-12000 f12=11000 f13=1535 f14=255785 f15=1232 f16=255787 f17=253000 f18=260000 f19=7000 f20=939
[SCALED_FEATURES] f0=3699 f1=-1216 f2=-1227 f3=1471 f4=-1197 f5=-1343 f6=-1208 f7=-2831 f8=-987 f9=-903 f10=1030 f11=-1039 f12=-1038 f13=-981 f14=-184 f15=-856 f16=-460 f17=1013 f18=-1028 f19=-1038 f20=-819
[FEATURES_X] mean=-19570 std=1610 rms=19636 min=-25000 max=-14000 p2p=11000 mad=1307
[FEATURES_Y] mean=-18635 std=1871 rms=18728 min=-23000 max=-12000 p2p=11000 mad=1535
[FEATURES_Z] mean=255785 std=1232 rms=255787 min=253000 max=260000 p2p=7000 mad=939
[CLASS] CLASS=normal ID=0 scores_x1000=[6943,-537,-6406]
[CLASS_STATS] condition=normal total_windows=18
predicted_count=[18,0,0]
correct_windows=18
accuracy_x1000=1000
current_prediction=0
[CLASS_TIMING] sample_interval_ms=5 window_acquisition_ms=901 feature_extract_ms=7 inference_ms=1 total_cycle_ms=972
18251,-22,-20,255
18254,-21,-19,257
18256,-21,-19,257
18259,-20,-17,257
18262,-20,-17,257
18264,-18,-18,255
18267,-18,-18,255
18269,-21,-17,258
18272,-21,-17,258
18274,-19,-19,256
18277,-19,-19,256
18279,-18,-19,258
18282,-18,-19,258
18285,-19,-17,254
18287,-19,-17,254
18290,-18,-20,257
18292,-18,-20,257
18295,-19,-21,256
18297,-19,-21,256
18300,-20,-17,256
18303,-20,-17,256
18305,-20,-20,255
18308,-20,-20,255
18310,-18,-16,256
18313,-18,-16,256
18315,-19,-19,257
18318,-19,-19,257
18321,-20,-19,255
18323,-23,-18,257
18326,-23,-18,257
18328,-22,-16,256
18331,-22,-16,256
18333,-20,-19,254
18336,-20,-19,254
18339,-20,-22,256
18341,-20,-22,256
18344,-18,-16,255
18346,-18,-16,255
18349,-19,-22,256
18352,-19,-22,256
18357,-18,-18,255
18362,-20,-18,257
18367,-17,-18,257
18372,-20,-21,256
18377,-20,-18,256
18382,-18,-19,256
18387,-17,-17,255
18392,-18,-19,257
18397,-22,-21,257
18402,-22,-17,253
18407,-21,-19,255
18412,-20,-20,257
18417,-21,-17,255
18422,-19,-17,255
18427,-19,-21,257
18432,-20,-18,255
18437,-20,-17,257
18442,-20,-22,258
18447,-22,-18,255
18452,-21,-17,256
18457,-19,-18,255
18462,-21,-21,255
18467,-22,-16,256
18472,-18,-21,257
18477,-22,-17,256
18482,-23,-19,255
18487,-18,-19,255
18492,-21,-17,256
18497,-19,-18,255
18502,-18,-21,254
18507,-20,-17,256
18512,-19,-17,255
18517,-19,-22,256
18522,-21,-17,255
18527,-19,-21,254
18532,-17,-19,255
18537,-19,-22,255
18542,-20,-19,255
18547,-21,-22,254
18552,-18,-18,257
18557,-18,-18,257
18562,-19,-19,256
18567,-17,-21,257
18572,-20,-18,257
18577,-19,-19,257
18582,-17,-18,255
18587,-20,-19,255
18592,-20,-20,259
18597,-16,-18,257
18602,-16,-16,254
18607,-19,-21,258
18612,-19,-19,256
18617,-19,-16,254
18622,-18,-21,256
18627,-19,-19,259
18632,-18,-17,256
18637,-15,-18,256
18642,-16,-21,259
18647,-21,-19,255
18652,-19,-16,255
18657,-21,-19,257
18662,-22,-19,258
18667,-19,-13,254
18672,-16,-22,256
18677,-19,-17,257
18682,-23,-16,256
18687,-18,-19,255
18692,-21,-19,255
18697,-20,-20,255
18702,-19,-17,255
18707,-19,-18,254
18712,-19,-18,257
18717,-20,-22,256
18722,-19,-15,256
18727,-20,-21,257
18732,-21,-21,256
18737,-20,-16,256
18742,-19,-17,256
18747,-20,-19,256
18752,-20,-18,255
18757,-22,-18,255
18762,-19,-20,257
18767,-19,-18,256
18772,-19,-19,255
18777,-18,-19,255
18782,-19,-18,256
18787,-17,-20,256
18792,-22,-23,255
18797,-21,-17,253
18802,-21,-20,256
18807,-20,-18,255
18812,-20,-16,255
18817,-19,-22,256
18822,-19,-19,256
18827,-19,-16,257
18832,-19,-16,257
18837,-18,-20,255
18842,-19,-22,257
18847,-19,-17,255
18852,-18,-19,257
18857,-18,-18,256
18862,-22,-18,258
18867,-21,-19,256
18872,-19,-20,256
18877,-20,-17,261
18882,-21,-18,255
18887,-17,-18,255
18892,-19,-16,260
18897,-19,-22,258
18902,-19,-16,255
18907,-22,-18,258
18912,-19,-18,258
18917,-20,-18,255
18922,-19,-16,255
18927,-21,-19,257
18932,-21,-21,258
18937,-19,-15,256
18942,-22,-19,257
18947,-21,-18,256
18952,-21,-16,255
18957,-17,-20,255
18962,-19,-20,258
18967,-21,-19,257
18972,-19,-21,255
18977,-21,-21,257
18982,-21,-20,257
18987,-18,-18,256
18992,-20,-20,255
18997,-19,-19,255
19002,-20,-18,255
19007,-21,-21,256
19012,-22,-18,255
19017,-18,-21,257
19022,-18,-15,256
19027,-18,-21,255
19032,-19,-18,256
19037,-21,-19,257
19042,-20,-17,255
19047,-21,-22,255
19052,-23,-20,255
19057,-20,-16,256
19062,-18,-21,256
19067,-19,-18,255
19072,-23,-17,255
19077,-21,-19,254
19082,-21,-19,255
19087,-19,-21,255
19092,-19,-20,255
19097,-18,-18,256
19102,-18,-17,257
19107,-18,-17,257
19112,-19,-19,256
19117,-21,-15,255
19122,-19,-17,256
19127,-18,-21,255
19132,-19,-17,255
19137,-17,-17,254
19142,-19,-23,257
19147,-20,-15,255
19152,-18,-16,255
[FEATURES] f0=-19510 f1=1529 f2=19569 f3=-23000 f4=-15000 f5=8000 f6=1245 f7=-18615 f8=1896 f9=18711 f10=-23000 f11=-13000 f12=10000 f13=1558 f14=255935 f15=1225 f16=255937 f17=253000 f18=261000 f19=8000 f20=946
[SCALED_FEATURES] f0=3720 f1=-1217 f2=-1229 f3=1494 f4=-1207 f5=-1360 f6=-1209 f7=-2825 f8=-987 f9=-903 f10=1030 f11=-1043 f12=-1039 f13=-981 f14=-169 f15=-856 f16=-455 f17=1013 f18=-1019 f19=-1033 f20=-819
[FEATURES_X] mean=-19510 std=1529 rms=19569 min=-23000 max=-15000 p2p=8000 mad=1245
[FEATURES_Y] mean=-18615 std=1896 rms=18711 min=-23000 max=-13000 p2p=10000 mad=1558
[FEATURES_Z] mean=255935 std=1225 rms=255937 min=253000 max=261000 p2p=8000 mad=946
[CLASS] CLASS=normal ID=0 scores_x1000=[7019,-517,-6501]
[CLASS_STATS] condition=normal total_windows=19
predicted_count=[19,0,0]
correct_windows=19
accuracy_x1000=1000
current_prediction=0
[CLASS_TIMING] sample_interval_ms=5 window_acquisition_ms=901 feature_extract_ms=7 inference_ms=0 total_cycle_ms=971
19251,-19,-18,256
19254,-19,-18,256
19256,-19,-19,259
19259,-19,-19,259
19261,-21,-20,256
19264,-21,-20,256
19266,-18,-16,255
19269,-18,-16,255
19272,-17,-19,260
19274,-17,-19,260
19277,-16,-19,253
19279,-16,-19,253
19282,-18,-15,254
19284,-18,-15,254
19287,-21,-19,256
19290,-21,-19,256
19292,-18,-18,255
19295,-18,-18,255
19297,-19,-17,256
19300,-19,-17,256
19302,-21,-18,255
19305,-21,-18,255
19308,-14,-18,255
19310,-14,-18,255
19313,-17,-18,262
19315,-17,-18,262
19318,-19,-17,257
19320,-19,-17,257
19323,-18,-20,258
19326,-18,-20,258
19328,-20,-17,256
19331,-20,-17,256
19333,-20,-18,258
19336,-20,-18,258
19338,-20,-20,261
19341,-20,-20,261
19344,-18,-13,255
19346,-18,-13,255
19349,-19,-20,258
19352,-19,-20,255
19357,-20,-18,255
19362,-22,-18,254
19367,-23,-20,255
19372,-19,-19,256
19377,-17,-17,256
19382,-17,-17,256
19387,-19,-23,256
19392,-22,-16,257
19397,-22,-18,254
19402,-18,-19,257
19407,-22,-19,259
19412,-21,-20,256
19417,-19,-17,253
19422,-17,-15,258
19427,-20,-22,256
19432,-21,-17,254
19437,-18,-14,255
19442,-19,-21,256
19447,-18,-19,259
19452,-20,-18,254
19457,-17,-19,257
19462,-19,-20,258
19467,-22,-14,257
19472,-23,-16,256
19477,-19,-20,258
19482,-21,-17,257
19487,-20,-17,256
19492,-21,-20,255
19497,-18,-16,257
19502,-19,-22,256
19507,-19,-18,255
19512,-20,-17,256
19517,-20,-21,256
19522,-19,-17,254
19527,-19,-17,255
19532,-21,-21,256
19537,-22,-19,255
19542,-19,-18,256
19547,-18,-19,256
19552,-20,-21,255
19557,-20,-15,256
19562,-18,-21,255
19567,-20,-19,256
19572,-22,-19,256
19577,-21,-19,256
19582,-21,-21,255
19587,-19,-16,256
19592,-19,-17,254
19597,-19,-18,255
19602,-22,-19,256
19607,-19,-18,256
19612,-21,-18,254
19617,-20,-19,257
19622,-18,-21,255
19627,-18,-18,255
19632,-20,-17,256
19637,-19,-23,256
19642,-22,-18,255
19647,-21,-18,256
19652,-19,-21,255
19657,-19,-21,255
19662,-21,-18,256
19667,-18,-16,256
19672,-18,-19,256
19677,-18,-16,254
19682,-20,-20,254
19687,-19,-21,258
19692,-22,-18,255
19697,-14,-18,257
19702,-16,-19,263
19707,-20,-18,255
19712,-16,-16,256
19717,-18,-20,259
19722,-20,-17,256
19727,-21,-17,254
19732,-19,-20,259
19737,-21,-17,256
19742,-21,-15,255
19747,-19,-20,258
19752,-18,-21,256
19757,-21,-15,255
19762,-19,-21,255
19767,-21,-17,256
19772,-21,-16,256
19777,-17,-16,256
19782,-22,-19,255
19787,-20,-17,256
19792,-21,-20,253
19797,-19,-16,256
19802,-19,-20,256
19807,-19,-18,255
19812,-20,-17,255
19817,-20,-18,257
19822,-18,-19,256
19827,-19,-18,255
19832,-19,-17,257
19837,-18,-23,256
19842,-19,-15,254
19847,-21,-20,254
19852,-18,-18,254
19857,-21,-20,258
19862,-22,-16,255
19867,-19,-20,256
19872,-19,-21,256
19877,-19,-17,255
19882,-21,-21,254
19887,-20,-16,256
19892,-21,-20,254
19897,-21,-19,256
19902,-21,-18,254
19907,-20,-20,257
19912,-18,-19,255
19917,-21,-19,256
19922,-20,-19,257
19927,-20,-20,255
19932,-20,-20,255
19937,-19,-18,255
19942,-19,-21,258
19947,-18,-18,256
19952,-19,-19,255
19957,-18,-17,259
19962,-21,-20,256
19967,-20,-15,255
19972,-17,-20,259
19977,-20,-20,256
19982,-18,-15,255
19987,-15,-17,256
19992,-19,-21,258
19997,-19,-15,255
20002,-20,-17,255
20007,-19,-20,257
20012,-21,-18,257
20017,-18,-21,255
20022,-16,-18,257
20027,-21,-20,257
20032,-20,-15,256
20037,-18,-18,256
20042,-21,-17,258
20047,-20,-20,255
20052,-18,-21,255
20057,-20,-16,257
20062,-20,-19,257
20067,-21,-18,254
20072,-20,-17,257
20077,-20,-16,257
20082,-22,-20,254
20087,-21,-16,255
20092,-20,-20,257
20097,-17,-19,257
20102,-19,-18,255
20107,-19,-20,255
20112,-18,-21,256
20117,-20,-18,256
20122,-20,-22,254
20127,-19,-20,255
20132,-22,-17,255
20137,-18,-21,254
20142,-19,-20,256
20147,-21,-18,257
20152,-18,-19,256
[FEATURES] f0=-19360 f1=1637 f2=19429 f3=-23000 f4=-14000 f5=9000 f6=1305 f7=-18385 f8=1914 f9=18484 f10=-23000 f11=-13000 f12=10000 f13=1564 f14=256015 f15=1635 f16=256020 f17=253000 f18=263000 f19=10000 f20=1131
[SCALED_FEATURES] f0=3773 f1=-1215 f2=-1232 f3=1494 f4=-1197 f5=-1354 f6=-1208 f7=-2754 f8=-987 f9=-904 f10=1030 f11=-1043 f12=-1039 f13=-981 f14=-161 f15=-850 f16=-452 f17=1013 f18=-999 f19=-1022 f20=-816
[FEATURES_X] mean=-19360 std=1637 rms=19429 min=-23000 max=-14000 p2p=9000 mad=1305
[FEATURES_Y] mean=-18385 std=1914 rms=18484 min=-23000 max=-13000 p2p=10000 mad=1564
[FEATURES_Z] mean=256015 std=1635 rms=256020 min=253000 max=263000 p2p=10000 mad=1131
[CLASS] CLASS=normal ID=0 scores_x1000=[7166,-426,-6739]
[CLASS_STATS] condition=normal total_windows=20
predicted_count=[20,0,0]
correct_windows=20
accuracy_x1000=1000
current_prediction=0
[CLASS_TIMING] sample_interval_ms=5 window_acquisition_ms=901 feature_extract_ms=7 inference_ms=1 total_cycle_ms=972
20251,-20,-20,253
20254,-19,-16,256
20256,-19,-16,256
20259,-18,-19,256
20262,-18,-19,256
20264,-18,-17,256
20267,-18,-17,256
20269,-20,-18,255
20272,-20,-18,255
20274,-18,-20,256
20277,-18,-20,256
20280,-21,-17,255
20282,-21,-17,255
20285,-17,-20,256
20287,-17,-20,256
20290,-20,-21,257
20292,-20,-21,257
20295,-20,-16,255
20298,-20,-16,255
20300,-16,-17,258
20303,-16,-17,258
20305,-18,-18,255
20308,-18,-18,255
20310,-19,-18,257
20313,-19,-18,257
20316,-21,-17,256
20318,-21,-17,256
20321,-19,-19,255
20323,-19,-19,255
20326,-17,-18,258
20328,-17,-18,258
20331,-21,-16,260
20334,-21,-16,260
20336,-16,-20,256
20339,-16,-20,256
20341,-18,-16,260
20344,-18,-16,260
20346,-20,-16,256
20349,-20,-16,256
20352,-19,-19,258
20357,-19,-18,254
20362,-20,-17,256
20367,-20,-21,255
20372,-21,-17,257
20377,-19,-17,255
20382,-17,-20,255
20387,-20,-18,255
20392,-18,-20,256
20397,-20,-17,254
20402,-21,-20,255
20407,-17,-18,257
20412,-19,-21,255
20417,-19,-17,256
20422,-19,-22,254
20427,-20,-21,256
20432,-19,-17,255
20437,-20,-21,256
20442,-20,-20,256
20447,-18,-19,255
20452,-22,-18,256
20457,-19,-21,255
20462,-22,-20,255
20467,-22,-19,256
20472,-18,-21,256
20477,-19,-19,256
20482,-19,-19,256
20487,-20,-18,257
20492,-22,-20,257
20497,-21,-17,256
20502,-21,-16,253
20507,-19,-18,254
20512,-22,-16,258
20517,-18,-18,257
20522,-18,-19,254
20527,-17,-19,256
20532,-20,-18,262
20537,-21,-21,255
20542,-16,-15,255
20547,-18,-17,259
20552,-19,-20,257
20557,-20,-14,257
20562,-19,-19,258
20567,-21,-20,256
20572,-20,-19,254
20577,-21,-18,256
20582,-16,-19,257
20587,-17,-16,257
20592,-18,-20,256
20597,-18,-19,256
20602,-22,-17,257
20607,-18,-19,255
20612,-20,-20,255
20617,-20,-17,256
20622,-19,-21,256
20627,-19,-15,256
20632,-23,-19,254
20637,-17,-20,256
20642,-21,-19,255
20647,-21,-17,254
20652,-18,-20,256
20657,-20,-20,256
20662,-20,-16,256
20667,-17,-19,255
20672,-22,-19,257
20677,-22,-19,255
20682,-20,-19,256
20687,-22,-21,256
20692,-19,-17,256
20697,-21,-20,255
20702,-21,-21,255
20707,-19,-16,256
20712,-19,-21,255
20717,-20,-18,254
20722,-21,-17,255
20727,-16,-20,257
20732,-21,-20,256
20737,-20,-17,255
20742,-22,-20,256
20747,-19,-19,256
20752,-20,-17,257
20757,-20,-17,257
20762,-20,-21,256
20767,-17,-18,254
20772,-21,-19,254
20777,-19,-16,255
20782,-21,-19,257
20787,-19,-16,256
20792,-15,-20,259
20797,-21,-15,258
20802,-15,-17,253
20807,-16,-20,258
20812,-22,-18,258
20817,-21,-18,255
20822,-15,-19,256
20827,-20,-19,255
20832,-19,-16,256
20837,-14,-22,255
20842,-21,-18,257
20847,-21,-19,257
20852,-18,-15,256
20857,-18,-21,256
20862,-18,-16,258
20867,-18,-20,256
20872,-18,-18,256
20877,-15,-16,256
20882,-20,-22,255
20887,-22,-17,254
20892,-17,-20,255
20897,-20,-18,257
20902,-18,-19,257
20907,-18,-15,254
20912,-20,-21,255
20917,-20,-18,256
20922,-22,-16,254
20927,-18,-19,256
20932,-20,-19,255
20937,-20,-18,256
20942,-17,-18,255
20947,-19,-19,254
20952,-21,-18,256
20957,-19,-19,256
20962,-21,-16,255
20967,-20,-19,256
20972,-19,-20,255
20977,-21,-18,254
20982,-17,-17,256
20987,-19,-20,256
20992,-22,-18,256
20997,-18,-16,255
21002,-17,-20,257
21007,-20,-17,256
21012,-20,-18,256
21017,-20,-20,255
21022,-20,-18,258
21027,-21,-19,254
21032,-20,-20,254
21037,-20,-20,254
21042,-18,-17,254
21047,-16,-20,259
21052,-17,-21,254
21057,-19,-17,256
21062,-21,-20,258
21067,-20,-19,256
21072,-14,-17,256
21077,-17,-19,260
21082,-19,-23,259
21087,-18,-13,254
21092,-19,-17,255
21097,-22,-18,256
21102,-22,-15,254
21107,-17,-16,256
21112,-20,-20,256
21117,-18,-19,259
21122,-19,-20,255
21127,-16,-19,255
21132,-20,-16,257
21137,-22,-18,258
21142,-17,-19,255
21147,-20,-17,257
21152,-19,-19,256
[FEATURES] f0=-19185 f1=1791 f2=19268 f3=-23000 f4=-14000 f5=9000 f6=1452 f7=-18375 f8=1759 f9=18459 f10=-23000 f11=-13000 f12=10000 f13=1475 f14=255955 f15=1432 f16=255959 f17=253000 f18=262000 f19=9000 f20=1006
[SCALED_FEATURES] f0=3835 f1=-1212 f2=-1235 f3=1494 f4=-1197 f5=-1354 f6=-1205 f7=-2751 f8=-988 f9=-904 f10=1030 f11=-1043 f12=-1039 f13=-981 f14=-167 f15=-853 f16=-454 f17=1013 f18=-1009 f19=-1027 f20=-818
[FEATURES_X] mean=-19185 std=1791 rms=19268 min=-23000 max=-14000 p2p=9000 mad=1452
[FEATURES_Y] mean=-18375 std=1759 rms=18459 min=-23000 max=-13000 p2p=10000 mad=1475
[FEATURES_Z] mean=255955 std=1432 rms=255959 min=253000 max=262000 p2p=9000 mad=1006
[CLASS] CLASS=normal ID=0 scores_x1000=[7249,-355,-6894]
[CLASS_STATS] condition=normal total_windows=21
predicted_count=[21,0,0]
correct_windows=21
accuracy_x1000=1000
current_prediction=0
[CLASS_TIMING] sample_interval_ms=5 window_acquisition_ms=901 feature_extract_ms=7 inference_ms=1 total_cycle_ms=972
21251,-19,-20,256
21254,-18,-16,253
21256,-18,-16,253
21259,-18,-20,259
21262,-18,-18,255
21264,-18,-18,255
21267,-19,-19,258
21269,-19,-19,258
21272,-20,-18,256
21274,-20,-18,256
21277,-20,-20,253
21279,-20,-20,253
21282,-20,-16,255
21285,-20,-16,255
21287,-19,-18,252
21290,-19,-18,252
21292,-18,-19,257
21295,-18,-19,257
21298,-20,-16,254
21300,-20,-16,254
21303,-17,-18,256
21305,-17,-18,256
21308,-19,-22,257
21310,-19,-22,257
21313,-19,-18,255
21315,-19,-18,255
21318,-16,-19,256
21321,-16,-19,256
21323,-18,-20,255
21326,-18,-20,255
21328,-18,-15,255
21331,-18,-15,255
21334,-17,-20,256
21336,-17,-20,256
21339,-17,-16,255
21341,-17,-16,255
21344,-20,-20,258
21346,-20,-20,258
21349,-18,-19,258
21352,-18,-19,258
21357,-19,-17,254
21362,-17,-15,256
21367,-19,-18,256
21372,-19,-18,255
21377,-21,-16,256
21382,-19,-19,258
21387,-21,-18,256
21392,-18,-19,256
21397,-17,-17,256
21402,-18,-19,257
21407,-19,-16,253
21412,-19,-20,254
21417,-21,-19,256
21422,-18,-20,255
21427,-17,-19,256
21432,-22,-17,255
21437,-19,-15,255
21442,-20,-21,254
21447,-19,-19,257
21452,-23,-17,254
21457,-20,-21,256
21462,-18,-17,257
21467,-17,-19,256
21472,-17,-19,256
21477,-21,-20,256
21482,-20,-17,256
21487,-20,-19,254
21492,-21,-18,256
21497,-21,-19,257
21502,-19,-19,255
21507,-18,-18,256
21512,-18,-20,255
21517,-18,-22,255
21522,-20,-20,256
21527,-20,-16,256
21532,-19,-19,257
21537,-18,-18,254
21542,-20,-19,256
21547,-17,-20,255
21552,-21,-20,255
21557,-20,-19,254
21562,-21,-19,253
21567,-17,-22,255
21572,-19,-17,256
21577,-19,-19,255
21582,-20,-16,257
21587,-20,-16,257
21592,-18,-20,256
21597,-18,-20,258
21602,-21,-20,257
21607,-18,-17,256
21612,-18,-22,261
21617,-19,-16,260
21622,-19,-18,254
21627,-19,-21,257
21632,-20,-18,258
21637,-17,-17,256
21642,-17,-18,257
21647,-20,-19,256
21652,-20,-15,254
21657,-18,-21,258
21662,-21,-15,256
21667,-21,-18,256
21672,-18,-17,256
21677,-22,-16,256
21682,-19,-16,255
21687,-19,-19,255
21692,-20,-18,258
21697,-19,-17,255
21702,-22,-19,255
21707,-19,-18,256
21712,-19,-22,255
21717,-19,-19,256
21722,-18,-18,255
21727,-20,-17,256
21732,-21,-21,254
21737,-19,-15,259
21742,-18,-19,258
21747,-18,-21,255
21752,-21,-16,256
21757,-17,-20,256
21762,-19,-21,256
21767,-21,-18,256
21772,-21,-18,254
21777,-18,-21,255
21782,-18,-17,255
21787,-19,-21,257
21792,-18,-18,255
21797,-20,-19,256
21802,-20,-20,256
21807,-20,-19,254
21812,-18,-21,256
21817,-18,-20,256
21822,-21,-19,256
21827,-20,-16,256
21832,-21,-22,255
21837,-21,-19,255
21842,-19,-15,254
21847,-20,-19,255
21852,-20,-22,256
21857,-20,-17,255
21862,-20,-17,255
21867,-20,-19,255
21872,-19,-19,258
21877,-22,-19,253
21882,-20,-19,255
21887,-21,-19,257
21892,-19,-17,253
21897,-19,-19,255
21902,-21,-18,259
21907,-20,-12,256
21912,-17,-23,255
21917,-17,-18,260
21922,-21,-17,255
21927,-16,-17,254
21932,-20,-21,258
21937,-20,-17,257
21942,-21,-18,255
21947,-20,-20,257
21952,-22,-15,258
21957,-18,-18,253
21962,-19,-18,255
21967,-20,-18,255
21972,-19,-18,256
21977,-20,-19,253
21982,-18,-19,257
21987,-18,-21,256
21992,-19,-17,255
21997,-21,-19,256
22002,-19,-20,257
22007,-20,-18,255
22012,-20,-19,255
22017,-21,-20,255
22022,-20,-18,256
22027,-18,-16,256
22032,-19,-20,257
22037,-18,-17,256
22042,-22,-18,253
22047,-18,-19,254
22052,-21,-19,255
22057,-19,-17,255
22062,-18,-20,255
22067,-19,-19,254
22072,-19,-18,257
22077,-17,-20,257
22082,-21,-19,255
22087,-23,-17,254
22092,-19,-19,255
22097,-19,-17,255
22102,-21,-18,255
22107,-19,-22,257
22112,-19,-18,256
22117,-21,-19,255
22122,-19,-21,257
22127,-22,-17,254
22132,-20,-18,256
22137,-20,-18,256
22142,-18,-18,258
22147,-22,-19,255
22152,-19,-15,255
[FEATURES] f0=-19220 f1=1411 f2=19271 f3=-23000 f4=-16000 f5=7000 f6=1155 f7=-18450 f8=1788 f9=18536 f10=-23000 f11=-12000 f12=11000 f13=1426 f14=255690 f15=1457 f16=255694 f17=252000 f18=261000 f19=9000 f20=1121
[SCALED_FEATURES] f0=3823 f1=-1219 f2=-1235 f3=1494 f4=-1218 f5=-1365 f6=-1211 f7=-2774 f8=-988 f9=-904 f10=1030 f11=-1039 f12=-1038 f13=-982 f14=-194 f15=-853 f16=-463 f17=1002 f18=-1019 f19=-1027 f20=-816
[FEATURES_X] mean=-19220 std=1411 rms=19271 min=-23000 max=-16000 p2p=7000 mad=1155
[FEATURES_Y] mean=-18450 std=1788 rms=18536 min=-23000 max=-12000 p2p=11000 mad=1426
[FEATURES_Z] mean=255690 std=1457 rms=255694 min=252000 max=261000 p2p=9000 mad=1121
[CLASS] CLASS=normal ID=0 scores_x1000=[7214,-380,-6834]
[CLASS_STATS] condition=normal total_windows=22
predicted_count=[22,0,0]
correct_windows=22
accuracy_x1000=1000
current_prediction=0
[CLASS_TIMING] sample_interval_ms=5 window_acquisition_ms=901 feature_extract_ms=7 inference_ms=1 total_cycle_ms=972
22251,-22,-17,255
22254,-22,-17,255
22256,-18,-20,258
22259,-18,-20,258
22262,-20,-17,254
22264,-20,-17,254
22267,-19,-20,257
22269,-19,-20,257
22272,-20,-16,257
22274,-20,-16,257
22277,-17,-19,256
22280,-17,-19,256
22282,-19,-15,260
22285,-19,-15,260
22287,-21,-20,254
22290,-21,-20,254
22292,-19,-17,257
22295,-19,-17,257
22298,-22,-21,256
22300,-22,-21,256
22303,-18,-17,257
22305,-18,-17,257
22308,-19,-21,255
22310,-19,-21,255
22313,-19,-19,258
22316,-19,-19,258
22318,-18,-17,255
22321,-18,-17,255
22323,-20,-23,254
22326,-20,-23,254
22328,-22,-16,256
22331,-20,-20,256
22334,-20,-20,256
22336,-21,-18,256
22339,-21,-18,256
22341,-20,-16,255
22344,-20,-16,255
22346,-16,-18,255
22349,-16,-18,255
22352,-18,-18,257
22357,-21,-19,256
22362,-19,-19,255
22367,-20,-19,254
22372,-21,-20,256
22377,-20,-19,256
22382,-22,-19,256
22387,-19,-17,257
22392,-20,-19,256
22397,-20,-22,254
22402,-20,-17,254
22407,-19,-22,256
22412,-19,-22,256
22417,-18,-18,257
22422,-21,-18,255
22427,-19,-20,255
22432,-19,-21,255
22437,-20,-16,257
22442,-22,-18,256
22447,-18,-20,254
22452,-17,-17,261
22457,-18,-20,258
22462,-19,-17,254
22467,-21,-17,256
22472,-18,-19,257
22477,-22,-20,257
22482,-19,-18,256
22487,-19,-20,255
22492,-19,-20,258
22497,-20,-16,256
22502,-18,-20,256
22507,-20,-18,257
22512,-20,-17,258
22517,-18,-18,255
22522,-20,-20,255
22527,-19,-17,256
22532,-19,-22,257
22537,-19,-18,255
22542,-21,-19,259
22547,-19,-21,257
22552,-19,-21,254
22557,-16,-16,255
22562,-19,-19,256
22567,-22,-20,256
22572,-20,-16,255
22577,-19,-20,255
22582,-21,-18,257
22587,-22,-21,256
22592,-19,-19,255
22597,-20,-19,256
22602,-22,-19,256
22607,-23,-20,255
22612,-19,-19,255
22617,-22,-16,256
22622,-20,-18,255
22627,-21,-18,256
22632,-20,-18,257
22637,-19,-18,256
22642,-22,-21,254
22647,-20,-17,255
22652,-22,-21,254
22657,-19,-21,256
22662,-17,-16,255
22667,-20,-19,256
22672,-20,-19,255
22677,-19,-19,256
22682,-21,-20,255
22687,-21,-20,255
22692,-19,-21,257
22697,-21,-15,255
22702,-16,-19,256
22707,-19,-18,257
22712,-20,-19,256
22717,-17,-20,256
22722,-16,-20,257
22727,-21,-19,257
22732,-18,-21,256
22737,-15,-17,254
22742,-17,-17,257
22747,-19,-17,256
22752,-18,-15,254
22757,-17,-18,257
22762,-20,-20,256
22767,-21,-15,254
22772,-19,-17,256
22777,-17,-22,256
22782,-18,-18,254
22787,-20,-17,256
22792,-18,-20,257
22797,-20,-17,255
22802,-18,-17,254
22807,-18,-17,257
22812,-20,-20,257
22817,-21,-15,255
22822,-19,-20,255
22827,-19,-16,255
22832,-21,-18,255
22837,-18,-20,254
22842,-18,-17,256
22847,-19,-18,257
22852,-18,-19,255
22857,-19,-19,257
22862,-19,-17,256
22867,-21,-22,255
22872,-20,-19,256
22877,-19,-18,254
22882,-20,-19,256
22887,-20,-18,257
22892,-20,-20,255
22897,-19,-19,256
22902,-20,-19,256
22907,-20,-22,256
22912,-16,-19,255
22917,-21,-17,256
22922,-20,-20,256
22927,-19,-20,256
22932,-21,-16,256
22937,-22,-21,255
22942,-20,-23,256
22947,-17,-17,255
22952,-18,-22,256
22957,-19,-19,255
22962,-19,-19,255
22967,-21,-22,256
22972,-20,-15,255
22977,-20,-22,256
22982,-17,-19,257
22987,-22,-19,256
22992,-20,-18,254
22997,-18,-14,255
23002,-20,-21,259
23007,-20,-18,257
23012,-20,-15,256
23017,-16,-19,257
23022,-17,-19,258
23027,-21,-15,252
23032,-19,-18,256
23037,-17,-19,256
23042,-21,-16,256
23047,-21,-19,256
23052,-21,-21,256
23057,-21,-16,258
23062,-20,-16,255
23067,-22,-19,256
23072,-21,-18,256
23077,-21,-19,257
23082,-22,-18,257
23087,-21,-19,255
23092,-17,-20,255
23097,-20,-20,257
23102,-20,-18,254
23107,-23,-18,254
23112,-22,-19,256
23117,-20,-20,256
23122,-18,-20,256
23127,-19,-17,255
23132,-21,-17,257
23137,-19,-19,257
23142,-20,-20,256
23147,-21,-15,255
23152,-21,-23,256
[FEATURES] f0=-19530 f1=1558 f2=19592 f3=-23000 f4=-15000 f5=8000 f6=1263 f7=-18635 f8=1892 f9=18730 f10=-23000 f11=-14000 f12=9000 f13=1551 f14=255865 f15=1243 f16=255868 f17=252000 f18=261000 f19=9000 f20=927
[SCALED_FEATURES] f0=3713 f1=-1217 f2=-1228 f3=1494 f4=-1207 f5=-1360 f6=-1209 f7=-2831 f8=-987 f9=-903 f10=1030 f11=-1047 f12=-1041 f13=-981 f14=-176 f15=-856 f16=-457 f17=1002 f18=-1019 f19=-1027 f20=-819
[FEATURES_X] mean=-19530 std=1558 rms=19592 min=-23000 max=-15000 p2p=8000 mad=1263
[FEATURES_Y] mean=-18635 std=1892 rms=18730 min=-23000 max=-14000 p2p=9000 mad=1551
[FEATURES_Z] mean=255865 std=1243 rms=255868 min=252000 max=261000 p2p=9000 mad=927
[CLASS] CLASS=normal ID=0 scores_x1000=[7018,-529,-6488]
[CLASS_STATS] condition=normal total_windows=23
predicted_count=[23,0,0]
correct_windows=23
accuracy_x1000=1000
current_prediction=0
[CLASS_TIMING] sample_interval_ms=5 window_acquisition_ms=901 feature_extract_ms=7 inference_ms=0 total_cycle_ms=971
23251,-20,-19,255
23253,-19,-18,256
23256,-19,-18,256
23259,-20,-21,257
23261,-20,-21,257
23264,-20,-22,256
23266,-20,-22,256
23269,-17,-15,258
23271,-17,-15,258
23274,-19,-20,257
23277,-19,-20,257
23279,-19,-15,255
23282,-19,-15,255
23284,-20,-18,259
23287,-20,-18,259
23289,-20,-18,255
23292,-20,-18,255
23295,-20,-18,255
23297,-20,-18,255
23300,-18,-19,255
23302,-18,-19,255
23305,-19,-17,255
23307,-19,-17,255
23310,-15,-17,255
23313,-15,-17,255
23315,-22,-18,257
23318,-22,-18,257
23320,-21,-17,256
23323,-21,-17,256
23325,-19,-15,255
23328,-19,-15,255
23331,-19,-18,257
23333,-19,-18,257
23336,-15,-17,256
23338,-15,-17,256
23341,-16,-17,258
23343,-16,-17,258
23346,-20,-17,258
23349,-20,-17,258
23352,-19,-18,256
23357,-18,-17,257
23362,-20,-18,258
23367,-20,-20,254
23372,-18,-16,256
23377,-20,-19,257
23382,-19,-19,256
23387,-22,-21,254
23392,-21,-15,255
23397,-22,-22,254
23402,-20,-19,258
23407,-20,-19,257
23412,-18,-21,254
23417,-18,-19,255
23422,-21,-19,255
23427,-21,-21,255
23432,-20,-18,255
23437,-19,-20,255
23442,-21,-24,254
23447,-18,-16,257
23452,-19,-21,257
23457,-17,-19,255
23462,-21,-18,255
23467,-20,-17,257
23472,-19,-20,256
23477,-19,-17,254
23482,-21,-16,253
23487,-21,-21,254
23492,-20,-18,255
23497,-19,-21,256
23502,-18,-20,255
23507,-18,-21,256
23512,-17,-20,256
23517,-17,-20,256
23522,-19,-17,256
23527,-20,-16,256
23532,-20,-17,254
23537,-20,-19,256
23542,-21,-15,257
23547,-22,-18,259
23552,-21,-19,255
23557,-15,-17,257
23562,-18,-16,258
23567,-21,-20,258
23572,-18,-17,255
23577,-21,-17,257
23582,-18,-20,258
23587,-20,-18,258
23592,-21,-19,253
23597,-17,-19,254
23602,-18,-19,257
23607,-22,-19,258
23612,-21,-19,257
23617,-22,-16,256
23622,-17,-21,256
23627,-17,-21,257
23632,-19,-20,255
23637,-19,-17,255
23642,-19,-22,259
23647,-19,-17,257
23652,-22,-20,255
23657,-19,-20,254
23662,-18,-18,254
23667,-20,-18,255
23672,-20,-18,254
23677,-21,-20,255
23682,-22,-17,258
23687,-18,-20,256
23692,-19,-17,255
23697,-18,-21,257
23702,-20,-19,256
23707,-22,-16,255
23712,-20,-21,255
23717,-21,-18,255
23722,-19,-20,257
23727,-20,-19,257
23732,-18,-20,255
23737,-22,-16,253
23742,-19,-18,255
23747,-19,-18,256
23752,-20,-18,256
23757,-22,-20,255
23762,-21,-20,256
23767,-21,-15,258
23772,-20,-19,257
23777,-19,-18,254
23782,-18,-20,255
23787,-21,-20,257
23792,-21,-20,257
23797,-21,-20,256
23802,-19,-18,257
23807,-18,-18,257
23812,-18,-19,254
23817,-20,-16,255
23822,-22,-21,257
23827,-20,-16,255
23832,-20,-19,255
23837,-16,-17,255
23842,-20,-19,259
23847,-20,-18,255
23852,-18,-17,255
23857,-20,-18,256
23862,-19,-18,256
23867,-18,-21,257
23872,-19,-20,255
23877,-19,-16,255
23882,-20,-22,255
23887,-20,-21,256
23892,-19,-16,256
23897,-21,-18,256
23902,-17,-20,255
23907,-20,-16,257
23912,-18,-20,256
23917,-17,-18,257
23922,-20,-20,258
23927,-20,-20,255
23932,-21,-18,256
23937,-20,-16,256
23942,-20,-22,257
23947,-19,-17,257
23952,-20,-18,255
23957,-19,-16,256
23962,-20,-18,257
23967,-19,-18,256
23972,-21,-20,254
23977,-18,-20,255
23982,-20,-17,255
23987,-23,-22,257
23992,-19,-18,256
23997,-20,-20,255
24002,-19,-18,256
24007,-21,-19,253
24012,-18,-17,255
24017,-17,-18,255
24022,-22,-17,255
24027,-21,-19,255
24032,-20,-22,255
24037,-20,-17,257
24042,-19,-20,256
24047,-20,-18,254
24052,-20,-18,256
24057,-20,-18,255
24062,-20,-19,256
24067,-20,-17,255
24072,-20,-17,255
24077,-20,-17,253
24082,-17,-19,256
24087,-17,-19,255
24092,-19,-17,257
24097,-20,-21,254
24102,-18,-15,252
24107,-16,-20,257
24112,-17,-23,259
24117,-18,-17,256
24122,-17,-19,255
24127,-16,-17,256
24132,-20,-19,261
24137,-21,-15,257
24142,-19,-20,255
24147,-19,-16,259
24152,-20,-17,256
[FEATURES] f0=-19355 f1=1583 f2=19419 f3=-23000 f4=-15000 f5=8000 f6=1260 f7=-18445 f8=1829 f9=18535 f10=-24000 f11=-15000 f12=9000 f13=1515 f14=255900 f15=1389 f16=255903 f17=252000 f18=261000 f19=9000 f20=1101
[SCALED_FEATURES] f0=3775 f1=-1216 f2=-1232 f3=1494 f4=-1207 f5=-1360 f6=-1209 f7=-2773 f8=-988 f9=-904 f10=1026 f11=-1051 f12=-1041 f13=-981 f14=-173 f15=-854 f16=-456 f17=1002 f18=-1019 f19=-1027 f20=-816
[FEATURES_X] mean=-19355 std=1583 rms=19419 min=-23000 max=-15000 p2p=8000 mad=1260
[FEATURES_Y] mean=-18445 std=1829 rms=18535 min=-24000 max=-15000 p2p=9000 mad=1515
[FEATURES_Z] mean=255900 std=1389 rms=255903 min=252000 max=261000 p2p=9000 mad=1101
[CLASS] CLASS=normal ID=0 scores_x1000=[7147,-442,-6705]
[CLASS_STATS] condition=normal total_windows=24
predicted_count=[24,0,0]
correct_windows=24
accuracy_x1000=1000
current_prediction=0
[CLASS_TIMING] sample_interval_ms=5 window_acquisition_ms=901 feature_extract_ms=7 inference_ms=0 total_cycle_ms=971
24251,-20,-18,255
24254,-20,-18,255
24256,-17,-19,258
24259,-17,-19,258
24261,-19,-22,256
24264,-19,-22,256
24266,-19,-15,256
24269,-19,-15,256
24272,-18,-19,259
24274,-18,-19,259
24277,-20,-18,255
24279,-20,-18,255
24282,-20,-18,255
24284,-20,-18,255
24287,-17,-20,255
24290,-17,-20,255
24292,-20,-20,254
24295,-20,-20,254
24297,-17,-18,256
24300,-17,-18,256
24302,-18,-19,255
24305,-18,-19,255
24308,-23,-21,255
24310,-23,-21,255
24313,-18,-11,254
24315,-18,-11,254
24318,-20,-22,259
24320,-20,-22,259
24323,-21,-17,257
24326,-21,-17,257
24328,-21,-17,255
24331,-21,-17,255
24333,-17,-19,256
24336,-17,-19,256
24338,-20,-18,256
24341,-20,-18,256
24344,-22,-15,256
24346,-22,-15,256
24349,-18,-18,255
24352,-18,-18,255
24357,-20,-19,258
24362,-20,-16,254
24367,-19,-22,255
24372,-17,-20,260
24377,-19,-18,258
24382,-19,-18,254
24387,-24,-18,257
24392,-20,-18,258
24397,-19,-19,260
24402,-17,-20,256
24407,-20,-18,256
24412,-19,-23,260
24417,-19,-18,255
24422,-20,-16,256
24427,-18,-20,257
24432,-22,-20,257
24437,-20,-16,254
24442,-18,-19,256
24447,-19,-19,256
24452,-19,-18,256
24457,-21,-18,256
24462,-22,-15,255
24467,-20,-15,256
24472,-21,-19,257
24477,-16,-21,257
24482,-21,-15,256
24487,-21,-21,255
24492,-21,-18,255
24497,-22,-16,257
24502,-21,-19,255
24507,-20,-18,254
24512,-18,-17,256
24517,-19,-18,257
24522,-20,-21,255
24527,-20,-18,255
24532,-17,-22,256
24537,-21,-17,255
24542,-18,-20,255
24547,-17,-19,256
24552,-17,-21,255
24557,-22,-16,255
24562,-21,-21,256
24567,-19,-18,256
24572,-21,-17,256
24577,-16,-20,256
24582,-19,-20,256
24587,-19,-18,257
24592,-20,-21,256
24597,-22,-19,254
24602,-21,-17,256
24607,-20,-17,255
24612,-21,-18,257
24617,-19,-19,256
24622,-19,-19,256
24627,-18,-21,256
24632,-21,-16,256
24637,-21,-17,254
24642,-19,-22,256
24647,-21,-15,255
24652,-21,-17,252
24657,-15,-20,255
24662,-21,-19,259
24667,-21,-19,255
24672,-16,-16,255
24677,-15,-21,259
24682,-20,-15,257
24687,-18,-19,255
24692,-15,-14,255
24697,-20,-20,258
24702,-20,-19,257
24707,-23,-17,253
24712,-18,-17,254
24717,-21,-20,259
24722,-18,-18,255
24727,-17,-17,253
24732,-18,-21,256
24737,-20,-17,258
24742,-20,-21,258
24747,-17,-19,256
24752,-19,-19,254
24757,-19,-17,253
24762,-21,-19,255
24767,-22,-17,255
24772,-21,-19,255
24777,-19,-18,257
24782,-18,-18,256
24787,-18,-20,255
24792,-16,-19,255
24797,-19,-18,256
24802,-21,-17,255
24807,-21,-22,253
24812,-21,-17,255
24817,-19,-19,255
24822,-19,-19,257
24827,-20,-18,255
24832,-18,-17,254
24837,-22,-20,254
24842,-21,-18,255
24847,-20,-19,255
24852,-16,-23,256
24857,-18,-16,255
24862,-21,-19,256
24867,-16,-22,256
24872,-19,-17,255
24877,-23,-18,256
24882,-19,-22,256
24887,-20,-20,255
24892,-20,-19,257
24897,-18,-20,257
24902,-18,-20,257
24907,-19,-14,255
24912,-20,-24,256
24917,-21,-20,257
24922,-21,-19,256
24927,-16,-17,256
24932,-20,-20,257
24937,-19,-17,257
24942,-19,-16,255
24947,-19,-17,256
24952,-19,-17,257
24957,-20,-19,258
24962,-18,-20,255
24967,-17,-15,255
24972,-16,-20,257
24977,-18,-20,256
24982,-20,-16,254
24987,-21,-17,254
24992,-20,-19,255
24997,-20,-17,256
25002,-17,-19,253
25007,-17,-17,256
25012,-19,-19,255
25017,-20,-18,256
25022,-17,-20,256
25027,-21,-16,258
25032,-18,-23,255
25037,-22,-17,254
25042,-20,-18,256
25047,-17,-19,256
25052,-22,-18,256
25057,-22,-18,254
25062,-21,-19,255
25067,-19,-20,256
25072,-20,-17,254
25077,-21,-21,257
25082,-19,-20,258
25087,-20,-17,255
25092,-22,-18,255
25097,-21,-21,255
25102,-20,-18,254
25107,-21,-19,256
25112,-21,-17,254
25117,-19,-18,255
25122,-19,-19,256
25127,-21,-19,255
25132,-18,-17,257
25137,-20,-22,257
25142,-20,-20,255
25147,-20,-18,256
25152,-18,-21,256
[FEATURES] f0=-19405 f1=1738 f2=19482 f3=-24000 f4=-15000 f5=9000 f6=1428 f7=-18505 f8=2027 f9=18615 f10=-24000 f11=-11000 f12=13000 f13=1574 f14=255780 f15=1378 f16=255783 f17=252000 f18=260000 f19=8000 f20=1049
[SCALED_FEATURES] f0=3757 f1=-1213 f2=-1231 f3=1483 f4=-1207 f5=-1354 f6=-1205 f7=-2791 f8=-987 f9=-903 f10=1026 f11=-1036 f12=-1034 f13=-981 f14=-185 f15=-854 f16=-460 f17=1002 f18=-1028 f19=-1033 f20=-817
[FEATURES_X] mean=-19405 std=1738 rms=19482 min=-24000 max=-15000 p2p=9000 mad=1428
[FEATURES_Y] mean=-18505 std=2027 rms=18615 min=-24000 max=-11000 p2p=13000 mad=1574
[FEATURES_Z] mean=255780 std=1378 rms=255783 min=252000 max=260000 p2p=8000 mad=1049
[CLASS] CLASS=normal ID=0 scores_x1000=[7076,-452,-6624]
[CLASS_STATS] condition=normal total_windows=25
predicted_count=[25,0,0]
correct_windows=25
accuracy_x1000=1000
current_prediction=0
[CLASS_TIMING] sample_interval_ms=5 window_acquisition_ms=901 feature_extract_ms=7 inference_ms=1 total_cycle_ms=972
25251,-20,-19,255
25254,-19,-16,257
25256,-19,-16,257
25259,-18,-22,255
25262,-18,-22,255
25264,-19,-19,257
25267,-19,-19,257
25269,-20,-17,254
25272,-20,-17,254
25274,-18,-21,257
25277,-18,-21,257
25280,-20,-18,256
25282,-20,-18,256
25285,-19,-17,256
25287,-19,-17,256
25290,-17,-18,256
25292,-17,-18,256
25295,-19,-20,257
25298,-19,-20,257
25300,-19,-16,256
25303,-19,-16,256
25305,-20,-21,256
25308,-20,-21,256
25310,-19,-18,255
25313,-19,-18,255
25316,-20,-19,256
25318,-20,-19,256
25321,-16,-19,256
25323,-16,-19,256
25326,-17,-18,257
25328,-17,-18,257
25331,-20,-19,257
25334,-20,-19,257
25336,-18,-19,255
25339,-18,-19,255
25341,-18,-19,257
25344,-18,-19,257
25346,-18,-16,256
25349,-18,-16,256
25352,-18,-20,255
25357,-21,-17,256
25362,-20,-17,257
25367,-20,-20,255
25372,-23,-18,256
25377,-20,-19,256
25382,-18,-18,256
25387,-21,-20,256
25392,-20,-19,256
25397,-17,-20,257
25402,-21,-17,257
25407,-19,-20,256
25412,-20,-18,255
25417,-19,-19,254
25422,-18,-18,255
25427,-21,-23,256
25432,-21,-18,253
25437,-19,-20,254
25442,-20,-21,257
25447,-20,-19,257
25452,-20,-19,257
25457,-20,-18,259
25462,-20,-22,257
25467,-19,-18,256
25472,-19,-16,256
25477,-21,-20,257
25482,-19,-18,260
25487,-19,-16,257
25492,-17,-17,256
25497,-17,-17,258
25502,-22,-20,256
25507,-20,-20,257
25512,-20,-15,257
25517,-21,-19,257
25522,-18,-20,259
25527,-18,-17,256
25532,-18,-17,255
25537,-20,-20,255
25542,-20,-18,256
25547,-22,-18,256
25552,-19,-22,255
25557,-19,-14,255
25562,-18,-21,258
25567,-18,-18,255
25572,-20,-16,256
25577,-17,-17,254
25582,-20,-22,254
25587,-22,-19,258
25592,-22,-19,257
25597,-18,-20,255
25602,-19,-16,255
25607,-21,-19,255
25612,-17,-18,257
25617,-20,-21,259
25622,-18,-20,254
25627,-18,-19,254
25632,-20,-17,256
25637,-20,-19,257
25642,-21,-21,256
25647,-23,-15,256
25652,-20,-21,255
25657,-22,-20,254
25662,-20,-17,258
25667,-19,-17,256
25672,-20,-21,255
25677,-18,-15,256
25682,-21,-20,255
25687,-21,-21,255
25692,-20,-19,256
25697,-21,-18,255
25702,-19,-20,254
25707,-20,-19,255
25712,-21,-18,254
25717,-21,-19,256
25722,-21,-17,256
25727,-20,-22,255
25732,-20,-22,255
25737,-19,-18,254
25742,-18,-18,256
25747,-15,-21,256
25752,-21,-22,260
25757,-22,-16,258
25762,-20,-18,254
25767,-17,-19,254
25772,-18,-18,256
25777,-19,-21,262
25782,-19,-19,257
25787,-20,-19,255
25792,-18,-17,256
25797,-18,-19,255
25802,-19,-16,254
25807,-16,-20,256
25812,-18,-17,255
25817,-20,-20,259
25822,-18,-19,257
25827,-20,-15,254
25832,-22,-20,256
25837,-21,-20,255
25842,-20,-19,255
25847,-18,-17,255
25852,-18,-19,255
25857,-22,-18,256
25862,-19,-18,254
25867,-20,-18,254
25872,-21,-22,256
25877,-20,-17,255
25882,-20,-22,256
25887,-18,-18,257
25892,-21,-17,255
25897,-21,-18,255
25902,-21,-19,255
25907,-19,-17,256
25912,-19,-18,255
25917,-21,-19,257
25922,-21,-18,254
25927,-19,-19,257
25932,-20,-19,256
25937,-21,-20,256
25942,-18,-23,256
25947,-21,-18,255
25952,-18,-19,257
25957,-21,-19,256
25962,-19,-18,255
25967,-20,-16,255
25972,-19,-21,256
25977,-20,-19,254
25982,-21,-19,255
25987,-16,-20,256
25992,-21,-18,255
25997,-21,-15,255
26002,-21,-17,256
26007,-21,-17,256
26012,-20,-18,255
26017,-19,-18,254
26022,-19,-16,256
26027,-21,-19,256
26032,-18,-20,262
26037,-20,-21,257
26042,-20,-16,253
26047,-20,-17,257
26052,-20,-22,258
26057,-17,-17,261
26062,-20,-17,255
26067,-16,-17,254
26072,-20,-20,257
26077,-21,-16,261
26082,-21,-20,257
26087,-19,-17,257
26092,-18,-18,257
26097,-18,-20,258
26102,-20,-17,254
26107,-20,-20,253
26112,-18,-18,256
26117,-23,-19,257
26122,-20,-15,255
26127,-17,-20,255
26132,-19,-18,257
26137,-21,-17,255
26142,-21,-19,255
26147,-22,-18,256
26152,-20,-18,255
[FEATURES] f0=-19450 f1=1479 f2=19506 f3=-23000 f4=-15000 f5=8000 f6=1218 f7=-18595 f8=1760 f9=18678 f10=-23000 f11=-14000 f12=9000 f13=1427 f14=255960 f15=1469 f16=255964 f17=253000 f18=262000 f19=9000 f20=1038
[SCALED_FEATURES] f0=3741 f1=-1218 f2=-1230 f3=1494 f4=-1207 f5=-1360 f6=-1210 f7=-2818 f8=-988 f9=-903 f10=1030 f11=-1047 f12=-1041 f13=-982 f14=-167 f15=-852 f16=-454 f17=1013 f18=-1009 f19=-1027 f20=-818
[FEATURES_X] mean=-19450 std=1479 rms=19506 min=-23000 max=-15000 p2p=8000 mad=1218
[FEATURES_Y] mean=-18595 std=1760 rms=18678 min=-23000 max=-14000 p2p=9000 mad=1427
[FEATURES_Z] mean=255960 std=1469 rms=255964 min=253000 max=262000 p2p=9000 mad=1038
[CLASS] CLASS=normal ID=0 scores_x1000=[7077,-490,-6587]
[CLASS_STATS] condition=normal total_windows=26
predicted_count=[26,0,0]
correct_windows=26
accuracy_x1000=1000
current_prediction=0
[CLASS_TIMING] sample_interval_ms=5 window_acquisition_ms=901 feature_extract_ms=7 inference_ms=0 total_cycle_ms=971
26251,-20,-21,254
26254,-20,-14,254
26256,-20,-14,254
26259,-20,-19,254
26261,-20,-19,254
26264,-14,-19,257
26266,-14,-19,257
26269,-19,-16,258
26272,-19,-16,258
26274,-19,-21,257
26277,-19,-21,257
26279,-21,-21,258
26282,-21,-21,258
26284,-20,-17,255
26287,-20,-17,255
26290,-19,-15,259
26292,-19,-15,259
26295,-18,-21,256
26297,-18,-21,256
26300,-18,-19,255
26302,-18,-19,255
26305,-19,-19,258
26308,-19,-19,258
26310,-18,-18,256
26313,-18,-18,256
26315,-22,-21,257
26318,-22,-21,257
26320,-20,-18,255
26323,-20,-18,255
26326,-24,-19,259
26328,-20,-17,254
26331,-20,-17,254
26333,-19,-19,256
26336,-19,-19,256
26338,-21,-18,258
26341,-21,-18,258
26344,-18,-15,256
26346,-18,-15,256
26349,-18,-21,258
26352,-18,-21,258
26357,-23,-17,256
26362,-19,-17,254
26367,-19,-18,256
26372,-17,-21,256
26377,-18,-14,254
26382,-23,-22,256
26387,-19,-17,254
26392,-20,-19,255
26397,-21,-18,256
26402,-20,-20,256
26407,-18,-18,257
26412,-17,-20,255
26417,-16,-21,255
26422,-19,-17,256
26427,-20,-21,255
26432,-19,-18,256
26437,-22,-20,256
26442,-20,-18,254
26447,-21,-20,255
26452,-22,-15,255
26457,-21,-18,256
26462,-20,-20,255
26467,-21,-15,255
26472,-18,-20,258
26477,-20,-20,255
26482,-21,-17,254
26487,-20,-19,256
26492,-22,-20,256
26497,-19,-14,255
26502,-20,-19,254
26507,-21,-17,256
26512,-18,-19,256
26517,-17,-20,255
26522,-21,-23,256
26527,-19,-19,255
26532,-19,-20,255
26537,-19,-21,255
26542,-20,-17,255
26547,-18,-20,253
26552,-16,-18,256
26557,-22,-20,257
26562,-22,-20,257
26567,-19,-21,255
26572,-18,-19,255
26577,-21,-17,257
26582,-18,-21,257
26587,-21,-17,255
26592,-21,-15,256
26597,-17,-20,257
26602,-23,-17,260
26607,-21,-19,256
26612,-19,-16,256
26617,-19,-24,260
26622,-19,-16,259
26627,-19,-19,257
26632,-19,-17,256
26637,-21,-20,257
26642,-21,-20,258
26647,-23,-16,253
26652,-19,-18,256
26657,-20,-19,256
26662,-19,-17,257
26667,-22,-15,256
26672,-18,-19,258
26677,-19,-18,256
26682,-19,-16,255
26687,-16,-19,256
26692,-18,-21,257
26697,-20,-15,256
26702,-21,-19,256
26707,-19,-16,256
26712,-20,-22,257
26717,-17,-21,255
26722,-22,-17,256
26727,-18,-18,258
26732,-19,-19,255
26737,-22,-18,254
26742,-20,-18,255
26747,-17,-22,256
26752,-20,-16,255
26757,-21,-18,256
26762,-18,-21,255
26767,-24,-19,255
26772,-19,-18,255
26777,-21,-21,256
26782,-20,-20,257
26787,-19,-17,255
26792,-17,-21,256
26797,-20,-17,257
26802,-18,-19,256
26807,-21,-19,257
26812,-21,-18,255
26817,-18,-19,255
26822,-22,-21,255
26827,-17,-18,256
26832,-19,-19,256
26837,-19,-19,256
26842,-18,-23,255
26847,-19,-16,255
26852,-20,-19,258
26857,-19,-20,257
26862,-20,-14,257
26867,-18,-18,255
26872,-17,-20,257
26877,-18,-13,254
26882,-19,-22,254
26887,-19,-19,259
26892,-23,-17,257
26897,-20,-17,255
26902,-19,-20,255
26907,-17,-16,259
26912,-19,-18,256
26917,-19,-20,254
26922,-21,-15,256
26927,-20,-21,258
26932,-19,-17,256
26937,-19,-17,256
26942,-18,-18,255
26947,-24,-19,258
26952,-19,-18,256
26957,-19,-20,255
26962,-19,-19,255
26967,-21,-18,257
26972,-20,-18,258
26977,-16,-20,253
26982,-20,-17,255
26987,-23,-19,255
26992,-20,-21,256
26997,-18,-16,255
27002,-19,-19,257
27007,-17,-18,257
27012,-19,-19,256
27017,-20,-17,257
27022,-20,-20,256
27027,-21,-18,257
27032,-18,-21,255
27037,-19,-19,256
27042,-20,-14,254
27047,-20,-22,253
27052,-22,-19,254
27057,-20,-16,254
27062,-20,-17,255
27067,-19,-22,255
27072,-20,-16,254
27077,-17,-20,256
27082,-19,-18,257
27087,-22,-17,256
27092,-22,-19,256
27097,-23,-18,256
27102,-19,-20,257
27107,-21,-19,255
27112,-21,-19,255
27117,-20,-21,255
27122,-18,-16,259
27127,-21,-20,258
27132,-18,-18,254
27137,-20,-19,258
27142,-20,-20,258
27147,-20,-19,257
27152,-19,-15,257
[FEATURES] f0=-19545 f1=1696 f2=19618 f3=-24000 f4=-14000 f5=10000 f6=1331 f7=-18520 f8=2037 f9=18631 f10=-24000 f11=-13000 f12=11000 f13=1648 f14=255975 f15=1394 f16=255978 f17=253000 f18=260000 f19=7000 f20=1070
[SCALED_FEATURES] f0=3708 f1=-1214 f2=-1228 f3=1483 f4=-1197 f5=-1349 f6=-1208 f7=-2795 f8=-986 f9=-903 f10=1026 f11=-1043 f12=-1038 f13=-980 f14=-165 f15=-854 f16=-454 f17=1013 f18=-1028 f19=-1038 f20=-817
[FEATURES_X] mean=-19545 std=1696 rms=19618 min=-24000 max=-14000 p2p=10000 mad=1331
[FEATURES_Y] mean=-18520 std=2037 rms=18631 min=-24000 max=-13000 p2p=11000 mad=1648
[FEATURES_Z] mean=255975 std=1394 rms=255978 min=253000 max=260000 p2p=7000 mad=1070
[CLASS] CLASS=normal ID=0 scores_x1000=[6990,-520,-6469]
[CLASS_STATS] condition=normal total_windows=27
predicted_count=[27,0,0]
correct_windows=27
accuracy_x1000=1000
current_prediction=0
[CLASS_TIMING] sample_interval_ms=5 window_acquisition_ms=901 feature_extract_ms=7 inference_ms=1 total_cycle_ms=972
27251,-17,-19,257
27254,-17,-19,257
27257,-18,-19,257
27259,-18,-19,257
27262,-16,-17,257
27264,-16,-17,257
27267,-21,-19,256
27269,-21,-19,256
27272,-21,-16,257
27275,-21,-16,257
27277,-19,-18,255
27280,-19,-18,255
27282,-17,-19,261
27285,-17,-19,261
27287,-20,-13,254
27290,-20,-13,254
27293,-15,-20,259
27295,-15,-20,259
27298,-18,-17,259
27300,-18,-17,259
27303,-18,-16,254
27305,-18,-16,254
27308,-19,-20,257
27311,-19,-20,257
27313,-22,-21,257
27316,-22,-21,257
27318,-20,-17,254
27321,-20,-17,254
27323,-17,-21,254
27326,-17,-21,254
27329,-16,-18,257
27331,-16,-18,257
27334,-19,-18,256
27336,-19,-18,256
27339,-19,-18,257
27341,-19,-18,257
27344,-23,-19,256
27347,-23,-19,256
27349,-18,-17,256
27352,-17,-20,256
27357,-21,-17,255
27362,-19,-17,255
27367,-18,-22,256
27372,-18,-17,257
27377,-23,-17,254
27382,-21,-19,254
27387,-21,-19,254
27392,-21,-20,255
27397,-19,-17,256
27402,-19,-20,254
27407,-16,-18,256
27412,-20,-19,258
27417,-20,-19,257
27422,-20,-14,256
27427,-19,-20,254
27432,-19,-20,258
27437,-19,-19,259
27442,-18,-14,254
27447,-15,-21,257
27452,-20,-19,257
27457,-21,-17,257
27462,-16,-18,255
27467,-20,-18,254
27472,-15,-18,258
27477,-18,-19,255
27482,-20,-19,255
27487,-20,-13,255
27492,-20,-21,257
27497,-18,-16,258
27502,-16,-19,257
27507,-19,-19,254
27512,-18,-20,256
27517,-19,-19,256
27522,-20,-20,256
27527,-19,-16,258
27532,-20,-19,257
27537,-19,-23,255
27542,-17,-17,255
27547,-19,-17,256
27552,-19,-19,255
27557,-22,-17,255
27562,-20,-18,255
27567,-18,-19,257
27572,-19,-17,256
27577,-18,-21,256
27582,-17,-21,256
27587,-23,-17,256
27592,-20,-17,256
27597,-22,-20,255
27602,-22,-17,257
27607,-18,-17,256
27612,-20,-21,257
27617,-18,-17,255
27622,-20,-21,256
27627,-21,-20,255
27632,-21,-17,255
27637,-19,-20,256
27642,-21,-21,255
27647,-19,-15,256
27652,-21,-19,256
27657,-21,-21,256
27662,-24,-16,256
27667,-24,-16,256
27672,-19,-19,257
27677,-18,-20,254
27682,-21,-17,255
27687,-19,-18,255
27692,-17,-19,255
27697,-16,-17,254
27702,-20,-20,258
27707,-19,-15,258
27712,-20,-20,255
27717,-17,-15,253
27722,-19,-19,255
27727,-19,-18,259
27732,-18,-16,256
27737,-20,-16,254
27742,-19,-15,260
27747,-16,-23,258
27752,-18,-17,256
27757,-19,-17,255
27762,-16,-19,257
27767,-22,-22,257
27772,-20,-18,256
27777,-21,-17,253
27782,-17,-19,257
27787,-19,-20,258
27792,-20,-21,256
27797,-20,-17,255
27802,-20,-17,256
27807,-20,-19,257
27812,-21,-21,256
27817,-19,-14,256
27822,-19,-22,256
27827,-17,-18,256
27832,-21,-16,256
27837,-21,-19,255
27842,-20,-19,254
27847,-22,-16,255
27852,-20,-21,255
27857,-20,-17,254
27862,-19,-16,256
27867,-19,-20,256
27872,-22,-20,256
27877,-21,-18,256
27882,-17,-22,256
27887,-21,-19,257
27892,-18,-18,254
27897,-18,-19,256
27902,-18,-20,256
27907,-19,-17,256
27912,-21,-21,256
27917,-20,-20,255
27922,-19,-20,256
27927,-20,-19,254
27932,-19,-20,256
27937,-17,-16,256
27942,-17,-16,256
27947,-20,-23,257
27952,-18,-18,258
27957,-20,-18,255
27962,-17,-20,255
27967,-22,-16,258
27972,-19,-17,256
27977,-17,-17,254
27982,-20,-19,259
27987,-22,-17,257
27992,-19,-18,255
27997,-19,-16,256
28002,-20,-17,257
28007,-16,-18,257
28012,-19,-20,255
28017,-16,-17,256
28022,-20,-19,257
28027,-17,-17,255
28032,-16,-19,257
28037,-21,-19,259
28042,-24,-14,254
28047,-17,-17,255
28052,-16,-22,257
28057,-22,-17,256
28062,-19,-17,255
28067,-17,-22,255
28072,-17,-17,256
28077,-17,-17,259
28082,-17,-21,256
28087,-19,-18,255
28092,-21,-18,255
28097,-21,-19,255
28102,-17,-18,255
28107,-21,-18,257
28112,-18,-22,255
28117,-23,-14,255
28122,-22,-21,257
28127,-20,-19,257
28132,-20,-19,255
28137,-17,-17,257
28142,-19,-20,255
28147,-21,-16,254
28152,-20,-17,253
[FEATURES] f0=-19145 f1=1903 f2=19239 f3=-24000 f4=-15000 f5=9000 f6=1515 f7=-18330 f8=1982 f9=18436 f10=-23000 f11=-13000 f12=10000 f13=1616 f14=256000 f15=1435 f16=256004 f17=253000 f18=261000 f19=8000 f20=1070
[SCALED_FEATURES] f0=3849 f1=-1210 f2=-1236 f3=1483 f4=-1207 f5=-1354 f6=-1203 f7=-2737 f8=-987 f9=-904 f10=1030 f11=-1043 f12=-1039 f13=-981 f14=-163 f15=-853 f16=-453 f17=1013 f18=-1019 f19=-1033 f20=-817
[FEATURES_X] mean=-19145 std=1903 rms=19239 min=-24000 max=-15000 p2p=9000 mad=1515
[FEATURES_Y] mean=-18330 std=1982 rms=18436 min=-23000 max=-13000 p2p=10000 mad=1616
[FEATURES_Z] mean=256000 std=1435 rms=256004 min=253000 max=261000 p2p=8000 mad=1070
[CLASS] CLASS=normal ID=0 scores_x1000=[7270,-340,-6930]
[CLASS_STATS] condition=normal total_windows=28
predicted_count=[28,0,0]
correct_windows=28
accuracy_x1000=1000
current_prediction=0
[CLASS_TIMING] sample_interval_ms=5 window_acquisition_ms=901 feature_extract_ms=6 inference_ms=0 total_cycle_ms=971
28251,-20,-18,255
28254,-21,-17,255
28256,-21,-17,255
28259,-19,-16,254
28261,-19,-16,254
28264,-21,-18,257
28266,-21,-18,257
28269,-23,-15,256
28272,-23,-15,256
28274,-20,-18,257
28277,-20,-18,257
28279,-18,-19,259
28282,-18,-19,259
28284,-23,-14,255
28287,-23,-14,255
28290,-16,-18,257
28292,-16,-18,257
28295,-20,-20,258
28297,-20,-20,258
28300,-19,-15,256
28302,-19,-15,256
28305,-17,-17,258
28308,-17,-17,258
28310,-21,-20,255
28313,-21,-20,255
28315,-17,-17,256
28318,-17,-17,256
28320,-19,-20,258
28323,-19,-20,258
28326,-20,-17,256
28328,-20,-17,256
28331,-20,-18,256
28333,-20,-18,256
28336,-20,-19,255
28338,-20,-19,255
28341,-19,-16,257
28344,-19,-16,257
28346,-14,-18,256
28349,-14,-18,256
28352,-19,-19,262
28357,-17,-21,254
28362,-19,-17,254
28367,-20,-22,256
28372,-20,-19,256
28377,-22,-20,255
28382,-18,-18,256
28387,-19,-21,255
28392,-21,-16,256
28397,-21,-20,256
28402,-19,-19,255
28407,-20,-18,255
28412,-20,-18,254
28417,-22,-18,255
28422,-19,-20,257
28427,-19,-19,255
28432,-21,-21,255
28437,-21,-16,257
28442,-21,-22,256
28447,-23,-17,254
28452,-22,-17,256
28457,-21,-21,256
28462,-20,-19,255
28467,-19,-17,255
28472,-20,-21,255
28477,-23,-19,257
28482,-22,-17,255
28487,-19,-21,255
28492,-19,-19,256
28497,-19,-19,256
28502,-22,-18,254
28507,-19,-18,255
28512,-20,-20,255
28517,-22,-14,256
28522,-19,-20,254
28527,-17,-18,255
28532,-18,-17,261
28537,-17,-20,255
28542,-18,-14,254
28547,-18,-18,256
28552,-20,-19,257
28557,-21,-14,255
28562,-18,-17,254
28567,-16,-23,256
28572,-19,-19,258
28577,-18,-15,256
28582,-18,-18,256
28587,-20,-20,258
28592,-18,-17,256
28597,-20,-19,255
28602,-16,-18,256
28607,-21,-17,258
28612,-18,-21,259
28617,-17,-18,255
28622,-17,-18,256
28627,-16,-18,256
28632,-19,-21,256
28637,-18,-15,256
28642,-19,-19,254
28647,-21,-18,255
28652,-22,-20,255
28657,-18,-20,256
28662,-19,-16,257
28667,-18,-19,255
28672,-16,-22,255
28677,-18,-18,256
28682,-20,-15,254
28687,-18,-23,256
28692,-21,-17,254
28697,-21,-17,254
28702,-17,-19,255
28707,-21,-20,255
28712,-20,-18,254
28717,-20,-19,256
28722,-23,-19,255
28727,-21,-18,255
28732,-20,-22,256
28737,-17,-15,256
28742,-20,-18,255
28747,-20,-19,255
28752,-20,-19,254
28757,-20,-19,255
28762,-21,-22,255
28767,-21,-17,255
28772,-21,-17,255
28777,-21,-19,257
28782,-15,-18,255
28787,-19,-18,255
28792,-17,-18,255
28797,-20,-19,256
28802,-18,-18,255
28807,-16,-16,256
28812,-18,-22,258
28817,-21,-14,255
28822,-15,-16,254
28827,-17,-18,261
28832,-21,-20,258
28837,-21,-20,254
28842,-18,-19,253
28847,-16,-17,256
28852,-18,-19,257
28857,-20,-21,254
28862,-18,-18,256
28867,-19,-20,260
28872,-22,-18,255
28877,-22,-15,253
28882,-18,-18,257
28887,-18,-21,257
28892,-19,-16,255
28897,-20,-19,256
28902,-20,-21,257
28907,-18,-19,257
28912,-18,-19,257
28917,-21,-21,253
28922,-21,-18,255
28927,-21,-19,257
28932,-19,-19,256
28937,-22,-16,253
28942,-20,-21,255
28947,-19,-17,257
28952,-21,-20,255
28957,-17,-19,255
28962,-22,-20,255
28967,-20,-17,256
28972,-20,-20,257
28977,-20,-23,255
28982,-20,-17,256
28987,-19,-20,257
28992,-22,-19,256
28997,-22,-19,255
29002,-19,-20,257
29007,-22,-22,255
29012,-18,-17,253
29017,-20,-20,255
29022,-18,-19,256
29027,-22,-19,256
29032,-21,-18,257
29037,-23,-18,255
29042,-23,-18,256
29047,-23,-18,256
29052,-23,-21,255
29057,-19,-19,255
29062,-16,-15,257
29067,-19,-21,257
29072,-20,-17,256
29077,-20,-15,255
29082,-16,-20,258
29087,-21,-22,259
29092,-19,-13,255
29097,-16,-17,255
29102,-18,-19,258
29107,-19,-17,258
29112,-19,-16,255
29117,-20,-18,253
29122,-16,-19,259
29127,-19,-18,258
29132,-20,-20,255
29137,-17,-17,258
29142,-18,-21,255
29147,-18,-18,258
29152,-21,-19,256
[FEATURES] f0=-19420 f1=1911 f2=19513 f3=-23000 f4=-14000 f5=9000 f6=1551 f7=-18370 f8=1957 f9=18474 f10=-23000 f11=-13000 f12=10000 f13=1548 f14=255870 f15=1477 f16=255874 f17=253000 f18=262000 f19=9000 f20=1110
[SCALED_FEATURES] f0=3752 f1=-1210 f2=-1230 f3=1494 f4=-1197 f5=-1354 f6=-1203 f7=-2750 f8=-987 f9=-904 f10=1030 f11=-1043 f12=-1039 f13=-981 f14=-176 f15=-852 f16=-457 f17=1013 f18=-1009 f19=-1027 f20=-816
[FEATURES_X] mean=-19420 std=1911 rms=19513 min=-23000 max=-14000 p2p=9000 mad=1551
[FEATURES_Y] mean=-18370 std=1957 rms=18474 min=-23000 max=-13000 p2p=10000 mad=1548
[FEATURES_Z] mean=255870 std=1477 rms=255874 min=253000 max=262000 p2p=9000 mad=1110
[CLASS] CLASS=normal ID=0 scores_x1000=[7113,-455,-6657]
[CLASS_STATS] condition=normal total_windows=29
predicted_count=[29,0,0]
correct_windows=29
accuracy_x1000=1000
current_prediction=0
[CLASS_TIMING] sample_interval_ms=5 window_acquisition_ms=901 feature_extract_ms=7 inference_ms=1 total_cycle_ms=972
29251,-22,-19,255
29254,-22,-19,255
29256,-19,-17,255
29259,-19,-17,255
29262,-20,-21,257
29264,-20,-21,257
29267,-18,-18,255
29269,-18,-18,255
29272,-18,-19,257
29274,-18,-19,257
29277,-19,-19,255
29280,-19,-19,255
29282,-19,-17,255
29285,-19,-17,255
29287,-18,-17,257
29290,-18,-17,257
29292,-19,-21,257
29295,-19,-21,257
29298,-17,-21,256
29300,-17,-21,256
29303,-21,-18,258
29305,-21,-18,258
29308,-19,-19,257
29310,-19,-19,257
29313,-21,-18,255
29316,-21,-18,255
29318,-21,-21,257
29321,-21,-21,257
29323,-18,-16,257
29326,-18,-16,257
29328,-19,-20,258
29331,-19,-20,258
29334,-18,-16,256
29336,-18,-16,256
29339,-17,-20,256
29341,-17,-20,256
29344,-17,-17,257
29346,-17,-17,257
29349,-18,-16,257
29352,-18,-16,257
29357,-19,-19,257
29362,-19,-16,256
29367,-18,-18,259
29372,-19,-21,259
29377,-18,-17,255
29382,-21,-15,253
29387,-20,-21,255
29392,-21,-17,255
29397,-17,-19,255
29402,-18,-20,258
29407,-19,-21,260
29412,-18,-16,256
29417,-18,-21,255
29422,-18,-18,259
29427,-22,-22,257
29432,-20,-17,257
29437,-20,-16,257
29442,-19,-21,258
29447,-22,-18,255
29452,-21,-17,256
29457,-20,-15,256
29462,-22,-21,257
29467,-23,-18,255
29472,-22,-21,256
29477,-18,-17,256
29482,-23,-18,255
29487,-22,-17,254
29492,-20,-19,257
29497,-21,-18,257
29502,-22,-16,255
29507,-22,-17,255
29512,-18,-16,256
29517,-20,-17,258
29522,-20,-20,256
29527,-22,-17,253
29532,-19,-18,256
29537,-21,-22,255
29542,-19,-18,256
29547,-19,-20,256
29552,-17,-20,256
29557,-18,-16,257
29562,-19,-19,256
29567,-18,-20,256
29572,-18,-20,255
29577,-19,-21,255
29582,-16,-22,256
29587,-19,-18,255
29592,-20,-22,255
29597,-19,-19,255
29602,-19,-19,255
29607,-20,-18,255
29612,-19,-18,255
29617,-17,-20,256
29622,-22,-17,257
29627,-18,-16,258
29632,-22,-18,255
29637,-19,-17,255
29642,-16,-21,258
29647,-23,-17,254
29652,-22,-16,254
29657,-19,-17,255
29662,-22,-21,257
29667,-22,-14,257
29672,-20,-18,254
29677,-17,-19,257
29682,-22,-14,259
29687,-20,-18,254
29692,-18,-18,256
29697,-20,-17,259
29702,-25,-17,258
29707,-18,-19,254
29712,-19,-17,257
29717,-21,-19,256
29722,-21,-18,256
29727,-20,-17,256
29732,-19,-19,255
29737,-22,-16,255
29742,-21,-18,256
29747,-18,-19,256
29752,-19,-20,255
29757,-19,-17,256
29762,-17,-21,256
29767,-22,-20,255
29772,-20,-18,255
29777,-19,-18,257
29782,-23,-21,256
29787,-19,-15,254
29792,-18,-21,256
29797,-15,-20,256
29802,-18,-18,257
29807,-22,-21,255
29812,-19,-18,256
29817,-17,-20,257
29822,-19,-19,255
29827,-18,-19,256
29832,-18,-18,256
29837,-16,-21,256
29842,-22,-18,254
29847,-24,-16,254
29852,-17,-19,256
29857,-18,-19,256
29862,-18,-19,255
29867,-19,-21,257
29872,-21,-20,257
29877,-21,-20,257
29882,-22,-17,256
29887,-19,-19,255
29892,-21,-17,256
29897,-20,-17,254
29902,-19,-18,257
29907,-19,-20,258
29912,-21,-16,257
29917,-21,-19,257
29922,-20,-16,257
29927,-21,-18,259
29932,-22,-17,254
29937,-18,-17,255
29942,-20,-17,260
29947,-19,-20,257
29952,-19,-15,255
29957,-20,-17,256
29962,-19,-20,258
29967,-21,-14,256
29972,-20,-17,255
29977,-17,-18,256
29982,-21,-18,257
29987,-20,-16,255
29992,-18,-20,256
29997,-20,-18,256
30002,-20,-18,254
30007,-16,-19,255
30012,-17,-19,255
30017,-17,-20,257
30022,-20,-19,255
30027,-17,-21,255
30032,-16,-17,256
30037,-21,-21,255
30042,-18,-18,255
30047,-17,-22,254
30052,-18,-20,256
30057,-20,-19,255
30062,-19,-20,256
30067,-17,-19,256
30072,-19,-19,256
30077,-22,-18,255
30082,-18,-22,256
30087,-21,-20,253
30092,-19,-18,255
30097,-19,-18,255
30102,-19,-19,255
30107,-19,-18,256
30112,-18,-19,256
30117,-19,-18,255
30122,-21,-21,253
30127,-19,-19,257
30132,-19,-17,255
30137,-20,-17,255
30142,-21,-19,257
30147,-19,-17,257
30152,-19,-17,257
[FEATURES] f0=-19395 f1=1743 f2=19473 f3=-25000 f4=-15000 f5=10000 f6=1426 f7=-18450 f8=1779 f9=18535 f10=-22000 f11=-14000 f12=8000 f13=1486 f14=255995 f15=1286 f16=255998 f17=253000 f18=260000 f19=7000 f20=986
[SCALED_FEATURES] f0=3761 f1=-1213 f2=-1231 f3=1471 f4=-1207 f5=-1349 f6=-1205 f7=-2774 f8=-988 f9=-904 f10=1034 f11=-1047 f12=-1043 f13=-981 f14=-163 f15=-855 f16=-453 f17=1013 f18=-1028 f19=-1038 f20=-818
[FEATURES_X] mean=-19395 std=1743 rms=19473 min=-25000 max=-15000 p2p=10000 mad=1426
[FEATURES_Y] mean=-18450 std=1779 rms=18535 min=-22000 max=-14000 p2p=8000 mad=1486
[FEATURES_Z] mean=255995 std=1286 rms=255998 min=253000 max=260000 p2p=7000 mad=986
[CLASS] CLASS=normal ID=0 scores_x1000=[7097,-467,-6629]
[CLASS_STATS] condition=normal total_windows=30
predicted_count=[30,0,0]
correct_windows=30
accuracy_x1000=1000
current_prediction=0
[CLASS_TIMING] sample_interval_ms=5 window_acquisition_ms=901 feature_extract_ms=7 inference_ms=0 total_cycle_ms=971
30251,-19,-20,256
30254,-19,-20,256
30256,-20,-17,257
30259,-20,-17,257
30261,-18,-18,256
30264,-18,-18,256
30266,-20,-22,256
30269,-20,-22,256
30272,-20,-15,257
30274,-20,-15,257
30277,-18,-20,255
30279,-18,-20,255
30282,-16,-19,257
30284,-16,-19,257
30287,-20,-18,257
30290,-20,-18,257
30292,-18,-18,254
30295,-18,-18,254
30297,-18,-20,255
30300,-18,-20,255
30302,-18,-20,252
30305,-18,-20,252
30308,-18,-22,248
30310,-18,-22,248
30313,-25,-15,250
30315,-26,-6,259
30318,-26,-6,259
30320,-26,-6,259
30323,-19,-20,264
30325,-19,-20,264
30328,-16,-23,268
30330,-16,-23,268
30333,-13,-23,271
30336,-13,-23,271
30338,-8,-34,264
30341,-8,-34,264
30343,-15,-22,256
30346,-15,-22,256
30348,-19,-12,250
30352,-18,-18,249
30357,-24,-16,249
30362,-26,-10,253
30367,-25,-15,255
30372,-22,-18,258
30377,-24,-18,257
30382,-22,-18,254
30387,-21,-19,253
30392,-22,-19,253
30397,-19,-22,254
30402,-19,-21,259
30407,-16,-23,260
30412,-16,-21,260
30417,-22,-14,261
30422,-22,-19,256
30427,-23,-17,256
30432,-23,-17,256
30437,-23,-15,256
30442,-22,-16,252
30447,-22,-18,255
30452,-17,-17,254
30457,-19,-17,260
30462,-16,-19,255
30467,-18,-22,255
30472,-19,-18,258
30477,-20,-17,253
30482,-18,-19,256
30487,-18,-17,261
30492,-20,-19,257
30497,-18,-16,255
30502,-20,-20,260
30507,-20,-18,260
30512,-21,-20,255
30517,-18,-17,255
30522,-17,-22,255
30527,-16,-19,253
30532,-20,-16,254
30537,-16,-23,257
30542,-20,-16,257
30547,-21,-17,256
30552,-18,-17,254
30557,-18,-17,258
30562,-20,-17,254
30567,-18,-19,254
30572,-18,-18,256
30577,-19,-18,257
30582,-20,-22,256
30587,-20,-20,256
30592,-18,-17,255
30597,-18,-20,257
30602,-18,-18,256
30607,-23,-16,254
30612,-22,-20,256
30617,-23,-17,256
30622,-21,-17,256
30627,-20,-17,255
30632,-22,-18,256
30637,-19,-17,256
30642,-22,-20,255
30647,-19,-19,256
30652,-22,-22,257
30657,-18,-22,255
30662,-18,-18,256
30667,-18,-19,255
30672,-21,-19,255
30677,-19,-18,255
30682,-20,-16,256
30687,-20,-22,256
30692,-21,-20,255
30697,-19,-19,255
30702,-16,-21,255
30707,-16,-21,255
30712,-22,-20,255
30717,-17,-17,255
30722,-19,-20,257
30727,-20,-18,259
30732,-15,-18,256
30737,-17,-21,256
30742,-18,-18,257
30747,-18,-18,255
30752,-18,-19,254
30757,-17,-18,257
30762,-19,-19,259
30767,-19,-21,255
30772,-16,-12,254
30777,-18,-18,257
30782,-18,-20,256
30787,-19,-16,256
30792,-19,-15,256
30797,-20,-19,259
30802,-19,-19,255
30807,-18,-16,255
30812,-20,-21,254
30817,-22,-13,256
30822,-21,-19,256
30827,-19,-17,255
30832,-20,-17,257
30837,-19,-17,257
30842,-21,-21,254
30847,-20,-18,256
30852,-22,-19,257
30857,-19,-21,256
30862,-20,-18,257
30867,-20,-22,254
30872,-19,-20,257
30877,-21,-17,255
30882,-18,-18,255
30887,-20,-22,256
30892,-19,-19,255
30897,-21,-19,254
30902,-22,-20,255
30907,-20,-19,255
30912,-18,-19,257
30917,-20,-20,254
30922,-22,-16,255
30927,-20,-21,257
30932,-22,-20,256
30937,-22,-16,256
30942,-19,-21,256
30947,-17,-19,255
30952,-19,-16,256
30957,-20,-19,256
30962,-21,-20,256
30967,-23,-16,254
30972,-22,-20,256
30977,-17,-20,256
30982,-17,-20,256
30987,-20,-16,255
30992,-18,-19,255
30997,-20,-20,254
31002,-20,-20,258
31007,-18,-15,256
31012,-18,-22,254
31017,-17,-17,257
31022,-19,-20,254
31027,-17,-18,255
31032,-18,-19,255
31037,-17,-22,259
31042,-20,-18,257
31047,-20,-17,255
31052,-17,-18,255
31057,-19,-20,256
31062,-23,-15,255
31067,-18,-19,255
31072,-21,-19,256
31077,-20,-18,258
31082,-19,-19,256
31087,-19,-19,254
31092,-17,-17,257
31097,-22,-20,254
31102,-20,-16,255
31107,-18,-18,257
31112,-20,-21,258
31117,-22,-17,255
31122,-18,-17,255
31127,-17,-20,257
31132,-22,-17,256
31137,-21,-16,253
31142,-19,-22,257
31147,-21,-16,257
31152,-21,-19,256
[FEATURES] f0=-19305 f1=2528 f2=19469 f3=-26000 f4=-8000 f5=18000 f6=1859 f7=-18595 f8=3109 f9=18853 f10=-34000 f11=-6000 f12=28000 f13=2085 f14=256095 f15=2992 f16=256112 f17=248000 f18=271000 f19=23000 f20=1791
[SCALED_FEATURES] f0=3793 f1=-1199 f2=-1231 f3=1460 f4=-1133 f5=-1305 f6=-1196 f7=-2818 f8=-981 f9=-902 f10=987 f11=-1017 f12=-1005 f13=-978 f14=-153 f15=-829 f16=-449 f17=957 f18=-920 f19=-952 f20=-805
[FEATURES_X] mean=-19305 std=2528 rms=19469 min=-26000 max=-8000 p2p=18000 mad=1859
[FEATURES_Y] mean=-18595 std=3109 rms=18853 min=-34000 max=-6000 p2p=28000 mad=2085
[FEATURES_Z] mean=256095 std=2992 rms=256112 min=248000 max=271000 p2p=23000 mad=1791
[CLASS] CLASS=normal ID=0 scores_x1000=[7266,-254,-7012]
[CLASS_STATS] condition=normal total_windows=31
predicted_count=[31,0,0]
correct_windows=31
accuracy_x1000=1000
current_prediction=0
[CLASS_TIMING] sample_interval_ms=5 window_acquisition_ms=901 feature_extract_ms=7 inference_ms=0 total_cycle_ms=971
31251,-19,-17,256
31253,-20,-21,258
31256,-20,-21,258
31259,-19,-17,257
31261,-19,-17,257
31264,-17,-18,257
31266,-17,-18,257
31269,-18,-15,257
31271,-18,-15,257
31274,-18,-20,258
31277,-18,-20,258
31279,-19,-16,255
31282,-19,-16,255
31284,-18,-20,258
31287,-18,-20,258
31289,-18,-15,257
31292,-18,-15,257
31295,-15,-19,256
31297,-15,-19,256
31300,-18,-18,260
31302,-18,-18,260
31305,-19,-17,257
31307,-19,-17,257
31310,-19,-18,253
31313,-19,-18,253
31315,-20,-19,259
31318,-20,-19,259
31320,-20,-20,256
31323,-20,-20,256
31325,-16,-17,256
31328,-16,-17,256
31331,-20,-21,258
31333,-20,-21,258
31336,-16,-19,256
31338,-16,-19,256
31341,-17,-21,256
31343,-17,-21,256
31346,-19,-18,262
31349,-19,-18,262
31352,-20,-19,257
31357,-16,-21,257
31362,-19,-19,257
31367,-19,-20,255
31372,-16,-22,254
31377,-21,-19,256
31382,-21,-19,256
31387,-19,-23,256
31392,-19,-17,257
31397,-20,-19,258
31402,-19,-21,257
31407,-19,-16,256
31412,-21,-17,254
31417,-20,-19,255
31422,-21,-15,254
31427,-20,-18,254
31432,-19,-19,256
31437,-20,-15,256
31442,-17,-19,255
31447,-18,-17,256
31452,-21,-18,255
31457,-20,-16,255
31462,-20,-19,255
31467,-20,-17,255
31472,-21,-17,255
31477,-20,-20,255
31482,-20,-18,255
31487,-21,-17,254
31492,-23,-16,254
31497,-18,-20,256
31502,-19,-20,256
31507,-19,-21,256
31512,-18,-17,255
31517,-21,-22,255
31522,-20,-19,255
31527,-23,-20,255
31532,-23,-20,255
31537,-17,-20,256
31542,-20,-22,254
31547,-19,-17,255
31552,-17,-19,258
31557,-19,-21,257
31562,-21,-17,252
31567,-18,-18,254
31572,-21,-20,257
31577,-20,-17,254
31582,-18,-19,255
31587,-18,-17,255
31592,-22,-19,259
31597,-20,-18,255
31602,-18,-15,254
31607,-17,-19,258
31612,-18,-18,255
31617,-19,-16,255
31622,-17,-15,255
31627,-19,-20,257
31632,-23,-20,258
31637,-21,-14,257
31642,-16,-18,255
31647,-20,-17,258
31652,-17,-19,256
31657,-18,-17,255
31662,-23,-18,255
31667,-18,-15,256
31672,-21,-22,256
31677,-19,-22,256
31682,-18,-17,256
31687,-18,-23,256
31692,-17,-18,257
31697,-21,-19,254
31702,-19,-21,255
31707,-20,-20,257
31712,-19,-21,256
31717,-18,-18,256
31722,-18,-17,254
31727,-20,-20,257
31732,-19,-18,257
31737,-22,-19,255
31742,-19,-18,256
31747,-19,-21,255
31752,-20,-20,256
31757,-16,-15,257
31762,-18,-22,256
31767,-18,-17,255
31772,-23,-19,255
31777,-20,-18,257
31782,-18,-19,256
31787,-21,-17,256
31792,-20,-19,254
31797,-20,-19,255
31802,-22,-17,256
31807,-19,-20,254
31812,-19,-20,254
31817,-19,-18,255
31822,-20,-20,257
31827,-19,-17,255
31832,-17,-18,257
31837,-17,-18,260
31842,-20,-22,258
31847,-19,-15,254
31852,-19,-16,256
31857,-15,-22,258
31862,-20,-19,262
31867,-21,-19,255
31872,-18,-18,254
31877,-18,-22,260
31882,-20,-18,256
31887,-18,-19,254
31892,-16,-16,255
31897,-18,-20,259
31902,-18,-19,257
31907,-22,-21,256
31912,-20,-17,255
31917,-19,-18,257
31922,-21,-18,256
31927,-17,-16,254
31932,-17,-21,256
31937,-17,-18,256
31942,-19,-19,257
31947,-21,-19,253
31952,-20,-19,256
31957,-19,-20,256
31962,-18,-21,256
31967,-20,-16,254
31972,-19,-19,256
31977,-19,-20,257
31982,-21,-17,255
31987,-21,-19,253
31992,-19,-19,257
31997,-18,-19,255
32002,-19,-18,254
32007,-17,-22,255
32012,-20,-18,255
32017,-19,-21,255
32022,-20,-19,255
32027,-22,-19,255
32032,-19,-18,257
32037,-22,-21,258
32042,-18,-17,255
32047,-20,-21,255
32052,-20,-23,255
32057,-21,-16,253
32062,-19,-18,254
32067,-19,-21,253
32072,-22,-19,255
32077,-19,-18,257
32082,-19,-20,256
32087,-19,-20,256
32092,-20,-17,259
32097,-22,-18,257
32102,-19,-19,255
32107,-21,-18,255
32112,-19,-17,255
32117,-21,-19,256
32122,-20,-18,254
32127,-14,-20,256
32132,-17,-19,260
32137,-19,-17,257
32142,-20,-19,255
32147,-19,-16,255
32152,-20,-19,259
[FEATURES] f0=-19105 f1=1671 f2=19177 f3=-23000 f4=-14000 f5=9000 f6=1275 f7=-18620 f8=1858 f9=18712 f10=-23000 f11=-14000 f12=9000 f13=1506 f14=256010 f15=1670 f16=256015 f17=252000 f18=262000 f19=10000 f20=1233
[SCALED_FEATURES] f0=3863 f1=-1215 f2=-1237 f3=1494 f4=-1197 f5=-1354 f6=-1209 f7=-2826 f8=-987 f9=-903 f10=1030 f11=-1047 f12=-1041 f13=-981 f14=-162 f15=-849 f16=-452 f17=1002 f18=-1009 f19=-1022 f20=-814
[FEATURES_X] mean=-19105 std=1671 rms=19177 min=-23000 max=-14000 p2p=9000 mad=1275
[FEATURES_Y] mean=-18620 std=1858 rms=18712 min=-23000 max=-14000 p2p=9000 mad=1506
[FEATURES_Z] mean=256010 std=1670 rms=256015 min=252000 max=262000 p2p=10000 mad=1233
[CLASS] CLASS=normal ID=0 scores_x1000=[7288,-336,-6951]
[CLASS_STATS] condition=normal total_windows=32
predicted_count=[32,0,0]
correct_windows=32
accuracy_x1000=1000
current_prediction=0
[CLASS_TIMING] sample_interval_ms=5 window_acquisition_ms=901 feature_extract_ms=7 inference_ms=1 total_cycle_ms=972
32251,-21,-21,255
32254,-21,-21,255
32256,-18,-17,255
32259,-18,-17,255
32262,-22,-22,256
32264,-22,-22,256
32267,-19,-18,254
32269,-19,-18,254
32272,-17,-17,258
32274,-17,-17,258
32277,-16,-16,255
32280,-16,-16,255
32282,-19,-20,256
32285,-19,-20,256
32287,-20,-16,258
32290,-20,-16,258
32292,-18,-18,255
32295,-18,-18,255
32298,-18,-20,255
32300,-18,-20,255
32303,-21,-19,259
32305,-21,-19,259
32308,-20,-18,254
32310,-20,-18,254
32313,-17,-18,256
32316,-17,-18,256
32318,-16,-18,257
32321,-16,-18,257
32323,-20,-19,256
32326,-20,-19,256
32328,-17,-19,256
32331,-17,-19,256
32334,-17,-17,258
32336,-17,-17,258
32339,-17,-16,254
32341,-17,-16,254
32344,-16,-20,256
32346,-16,-20,256
32349,-17,-18,258
32352,-19,-20,256
32357,-19,-18,256
32362,-19,-18,256
32367,-20,-18,255
32372,-19,-19,255
32377,-18,-21,258
32382,-19,-13,255
32387,-17,-20,256
32392,-19,-17,259
32397,-19,-18,256
32402,-20,-13,255
32407,-21,-19,255
32412,-18,-19,256
32417,-18,-19,257
32422,-16,-17,255
32427,-20,-20,256
32432,-22,-22,259
32437,-22,-14,255
32442,-18,-18,255
32447,-18,-20,259
32452,-19,-19,256
32457,-18,-17,254
32462,-20,-22,256
32467,-22,-19,256
32472,-22,-17,254
32477,-19,-22,254
32482,-19,-20,256
32487,-18,-18,258
32492,-22,-19,255
32497,-16,-20,253
32502,-20,-17,255
32507,-19,-18,255
32512,-20,-18,253
32517,-21,-22,255
32522,-17,-18,256
32527,-21,-18,255
32532,-19,-18,254
32537,-18,-20,256
32542,-19,-17,255
32547,-22,-17,255
32552,-18,-20,255
32557,-21,-16,256
32562,-19,-17,256
32567,-19,-17,256
32572,-20,-18,257
32577,-20,-17,255
32582,-20,-21,256
32587,-18,-18,256
32592,-18,-18,256
32597,-19,-21,255
32602,-20,-18,256
32607,-19,-19,255
32612,-18,-20,258
32617,-22,-19,256
32622,-20,-18,255
32627,-18,-21,254
32632,-19,-19,255
32637,-19,-19,255
32642,-21,-19,255
32647,-18,-23,255
32652,-19,-18,259
32657,-19,-19,257
32662,-21,-19,254
32667,-19,-19,254
32672,-19,-21,256
32677,-22,-19,256
32682,-21,-19,253
32687,-20,-20,255
32692,-17,-22,258
32697,-20,-18,254
32702,-16,-14,252
32707,-20,-22,257
32712,-21,-17,257
32717,-20,-17,256
32722,-19,-19,256
32727,-22,-20,256
32732,-18,-19,256
32737,-18,-19,255
32742,-19,-19,256
32747,-19,-19,257
32752,-22,-20,257
32757,-21,-13,256
32762,-22,-19,257
32767,-17,-19,256
32772,-18,-17,257
32777,-18,-18,257
32782,-17,-20,254
32787,-18,-18,259
32792,-22,-17,257
32797,-21,-21,256
32802,-21,-17,255
32807,-20,-21,254
32812,-19,-18,257
32817,-21,-19,256
32822,-17,-17,256
32827,-21,-22,256
32832,-20,-18,256
32837,-19,-21,256
32842,-20,-19,256
32847,-23,-18,256
32852,-21,-21,254
32857,-20,-23,255
32862,-20,-17,257
32867,-21,-18,254
32872,-18,-22,255
32877,-22,-17,255
32882,-21,-22,256
32887,-20,-18,256
32892,-21,-19,256
32897,-20,-21,256
32902,-20,-21,256
32907,-18,-18,255
32912,-18,-21,255
32917,-18,-21,255
32922,-20,-21,255
32927,-20,-15,254
32932,-19,-20,258
32937,-22,-18,258
32942,-21,-13,253
32947,-19,-18,255
32952,-17,-18,258
32957,-19,-17,257
32962,-21,-18,254
32967,-19,-12,256
32972,-20,-15,258
32977,-19,-20,257
32982,-20,-19,258
32987,-18,-16,255
32992,-19,-18,258
32997,-20,-17,257
33002,-21,-19,255
33007,-17,-18,255
33012,-18,-19,257
33017,-19,-20,256
33022,-18,-17,255
33027,-19,-21,255
33032,-16,-17,255
33037,-18,-21,257
33042,-20,-19,255
33047,-20,-20,254
33052,-16,-19,256
33057,-17,-18,256
33062,-20,-19,256
33067,-18,-20,256
33072,-19,-19,256
33077,-18,-19,256
33082,-20,-22,254
33087,-19,-19,254
33092,-21,-18,256
33097,-18,-17,256
33102,-21,-20,257
33107,-19,-18,257
33112,-19,-19,255
33117,-19,-19,255
33122,-18,-17,253
33127,-23,-20,256
33132,-20,-19,253
33137,-22,-18,255
33142,-21,-21,256
33147,-20,-19,255
33152,-19,-20,256
[FEATURES] f0=-19215 f1=1642 f2=19285 f3=-23000 f4=-16000 f5=7000 f6=1345 f7=-18645 f8=1912 f9=18742 f10=-23000 f11=-12000 f12=11000 f13=1466 f14=255765 f15=1341 f16=255768 f17=252000 f18=259000 f19=7000 f20=1037
[SCALED_FEATURES] f0=3824 f1=-1215 f2=-1235 f3=1494 f4=-1218 f5=-1365 f6=-1207 f7=-2834 f8=-987 f9=-903 f10=1030 f11=-1039 f12=-1038 f13=-982 f14=-186 f15=-854 f16=-460 f17=1002 f18=-1038 f19=-1038 f20=-818
[FEATURES_X] mean=-19215 std=1642 rms=19285 min=-23000 max=-16000 p2p=7000 mad=1345
[FEATURES_Y] mean=-18645 std=1912 rms=18742 min=-23000 max=-12000 p2p=11000 mad=1466
[FEATURES_Z] mean=255765 std=1341 rms=255768 min=252000 max=259000 p2p=7000 mad=1037
[CLASS] CLASS=normal ID=0 scores_x1000=[7170,-397,-6773]
[CLASS_STATS] condition=normal total_windows=33
predicted_count=[33,0,0]
correct_windows=33
accuracy_x1000=1000
current_prediction=0
[CLASS_TIMING] sample_interval_ms=5 window_acquisition_ms=901 feature_extract_ms=7 inference_ms=1 total_cycle_ms=972
33251,-21,-25,256
33254,-19,-18,256
33256,-19,-18,256
33259,-18,-18,255
33262,-18,-18,255
33264,-17,-18,257
33267,-17,-18,257
33269,-20,-18,257
33272,-20,-18,257
33274,-19,-16,256
33277,-19,-16,256
33279,-19,-22,256
33282,-19,-22,256
33285,-19,-18,256
33287,-19,-18,256
33290,-18,-17,255
33292,-18,-17,255
33295,-20,-20,257
33297,-20,-20,257
33300,-18,-16,255
33303,-18,-16,255
33305,-19,-19,257
33308,-19,-19,257
33310,-19,-18,257
33313,-19,-18,257
33315,-22,-17,253
33318,-22,-17,253
33321,-19,-18,256
33323,-19,-18,256
33326,-15,-23,257
33328,-15,-23,257
33331,-20,-16,256
33334,-20,-16,256
33336,-17,-17,256
33339,-17,-17,256
33341,-18,-21,259
33344,-18,-21,259
33346,-20,-14,255
33349,-20,-14,255
33352,-17,-18,260
33357,-19,-18,257
33362,-21,-19,254
33367,-18,-18,255
33372,-16,-23,256
33377,-21,-15,255
33382,-21,-21,256
33387,-21,-18,256
33392,-19,-20,256
33397,-19,-19,254
33402,-19,-21,255
33407,-18,-17,255
33412,-22,-19,256
33417,-22,-20,255
33422,-23,-19,256
33427,-17,-21,258
33432,-18,-19,256
33437,-19,-19,256
33442,-17,-18,254
33447,-19,-21,255
33452,-21,-16,256
33457,-22,-20,254
33462,-21,-18,255
33467,-21,-18,255
33472,-22,-18,257
33477,-16,-15,255
33482,-18,-23,256
33487,-21,-16,256
33492,-20,-19,255
33497,-19,-18,255
33502,-16,-17,256
33507,-18,-18,258
33512,-19,-18,256
33517,-17,-14,252
33522,-16,-18,255
33527,-19,-19,257
33532,-22,-19,257
33537,-20,-21,254
33542,-16,-17,256
33547,-19,-18,257
33552,-18,-20,258
33557,-21,-18,255
33562,-21,-16,256
33567,-18,-20,256
33572,-20,-21,259
33577,-20,-16,256
33582,-20,-22,256
33587,-19,-18,257
33592,-23,-20,257
33597,-20,-18,257
33602,-20,-19,256
33607,-18,-20,256
33612,-22,-19,256
33617,-19,-18,256
33622,-19,-18,255
33627,-19,-22,257
33632,-21,-19,255
33637,-21,-18,255
33642,-17,-17,255
33647,-21,-20,256
33652,-19,-15,258
33657,-20,-20,256
33662,-20,-19,256
33667,-21,-17,255
33672,-21,-20,256
33677,-18,-18,255
33682,-20,-18,256
33687,-19,-20,256
33692,-18,-20,256
33697,-21,-17,257
33702,-19,-21,255
33707,-20,-18,255
33712,-20,-20,255
33717,-16,-19,257
33722,-19,-19,255
33727,-18,-19,255
33732,-20,-19,256
33737,-22,-20,254
33742,-19,-19,255
33747,-19,-19,255
33752,-17,-24,255
33757,-17,-14,254
33762,-19,-20,256
33767,-19,-21,256
33772,-18,-15,255
33777,-21,-18,253
33782,-16,-19,257
33787,-18,-19,255
33792,-19,-16,257
33797,-15,-16,255
33802,-21,-17,258
33807,-21,-21,256
33812,-20,-17,258
33817,-18,-22,256
33822,-16,-17,256
33827,-20,-20,258
33832,-18,-16,256
33837,-18,-15,255
33842,-21,-18,255
33847,-21,-17,254
33852,-19,-19,257
33857,-18,-19,255
33862,-20,-17,253
33867,-20,-16,257
33872,-17,-23,256
33877,-19,-16,257
33882,-21,-18,255
33887,-18,-20,255
33892,-18,-20,257
33897,-20,-18,257
33902,-18,-21,255
33907,-21,-16,254
33912,-20,-18,256
33917,-19,-19,257
33922,-22,-18,255
33927,-17,-18,255
33932,-18,-21,254
33937,-18,-18,257
33942,-20,-19,255
33947,-19,-22,254
33952,-17,-16,255
33957,-20,-18,257
33962,-18,-18,256
33967,-21,-19,256
33972,-19,-16,256
33977,-21,-21,255
33982,-21,-19,256
33987,-20,-21,256
33992,-17,-22,255
33997,-18,-17,256
34002,-19,-20,256
34007,-18,-19,256
34012,-20,-20,253
34017,-20,-18,256
34022,-20,-18,256
34027,-22,-21,256
34032,-19,-16,256
34037,-21,-18,255
34042,-17,-20,256
34047,-18,-16,259
34052,-20,-20,258
34057,-20,-16,254
34062,-20,-16,257
34067,-19,-17,257
34072,-18,-22,259
34077,-22,-15,255
34082,-16,-20,255
34087,-17,-19,257
34092,-21,-18,258
34097,-19,-17,257
34102,-20,-18,254
34107,-18,-16,254
34112,-19,-17,257
34117,-19,-21,258
34122,-21,-19,257
34127,-22,-20,255
34132,-18,-16,255
34137,-19,-20,258
34142,-19,-20,257
34147,-22,-18,255
34152,-20,-17,255
[FEATURES] f0=-19190 f1=1647 f2=19260 f3=-23000 f4=-15000 f5=8000 f6=1320 f7=-18525 f8=2019 f9=18634 f10=-25000 f11=-14000 f12=11000 f13=1607 f14=255885 f15=1257 f16=255888 f17=252000 f18=260000 f19=8000 f20=951
[SCALED_FEATURES] f0=3833 f1=-1215 f2=-1235 f3=1494 f4=-1207 f5=-1360 f6=-1208 f7=-2797 f8=-987 f9=-903 f10=1023 f11=-1047 f12=-1038 f13=-981 f14=-174 f15=-856 f16=-456 f17=1002 f18=-1028 f19=-1033 f20=-819
[FEATURES_X] mean=-19190 std=1647 rms=19260 min=-23000 max=-15000 p2p=8000 mad=1320
[FEATURES_Y] mean=-18525 std=2019 rms=18634 min=-25000 max=-14000 p2p=11000 mad=1607
[FEATURES_Z] mean=255885 std=1257 rms=255888 min=252000 max=260000 p2p=8000 mad=951
[CLASS] CLASS=normal ID=0 scores_x1000=[7208,-370,-6838]
[CLASS_STATS] condition=normal total_windows=34
predicted_count=[34,0,0]
correct_windows=34
accuracy_x1000=1000
current_prediction=0
[CLASS_TIMING] sample_interval_ms=5 window_acquisition_ms=901 feature_extract_ms=7 inference_ms=0 total_cycle_ms=971
34251,-18,-21,255
34254,-20,-17,257
34256,-20,-17,257
34259,-18,-15,255
34261,-18,-15,255
34264,-19,-16,254
34266,-19,-16,254
34269,-22,-23,254
34272,-22,-23,254
34274,-17,-13,257
34277,-17,-13,257
34279,-18,-17,256
34282,-18,-17,256
34284,-17,-21,257
34287,-17,-21,257
34290,-16,-20,255
34292,-16,-20,255
34295,-20,-19,255
34297,-21,-19,255
34300,-21,-19,255
34302,-22,-16,255
34305,-22,-16,255
34308,-21,-17,256
34310,-21,-17,256
34313,-18,-19,258
34315,-18,-19,258
34318,-20,-16,255
34320,-20,-16,255
34323,-19,-22,257
34326,-19,-22,257
34328,-20,-16,256
34331,-20,-16,256
34333,-24,-19,255
34336,-24,-19,255
34339,-17,-19,259
34341,-17,-19,259
34344,-20,-19,255
34346,-20,-19,255
34349,-19,-15,256
34352,-19,-15,256
34357,-21,-20,261
34362,-19,-20,258
34367,-19,-16,254
34372,-21,-19,254
34377,-19,-20,255
34382,-18,-20,261
34387,-17,-22,256
34392,-18,-19,256
34397,-17,-17,258
34402,-19,-22,255
34407,-19,-19,254
34412,-19,-18,255
34417,-17,-21,256
34422,-20,-19,255
34427,-18,-17,255
34432,-18,-19,254
34437,-21,-19,257
34442,-19,-20,257
34447,-19,-19,256
34452,-18,-18,255
34457,-15,-19,257
34462,-20,-22,256
34467,-21,-19,256
34472,-19,-17,255
34477,-20,-24,256
34482,-17,-19,256
34487,-17,-16,256
34492,-17,-22,254
34497,-19,-17,254
34502,-20,-18,256
34507,-17,-16,256
34512,-20,-19,254
34517,-17,-18,255
34522,-19,-19,256
34527,-18,-18,255
34532,-20,-17,257
34537,-22,-21,254
34542,-21,-17,256
34547,-22,-18,255
34552,-18,-19,257
34557,-19,-18,255
34562,-22,-18,255
34567,-20,-22,254
34572,-21,-17,254
34577,-21,-17,254
34582,-23,-21,255
34587,-20,-20,256
34592,-20,-19,253
34597,-18,-17,256
34602,-20,-19,255
34607,-20,-17,255
34612,-18,-19,255
34617,-19,-19,258
34622,-22,-19,261
34627,-22,-20,256
34632,-19,-17,254
34637,-17,-19,260
34642,-19,-18,259
34647,-20,-22,255
34652,-20,-16,255
34657,-19,-20,256
34662,-16,-22,260
34667,-19,-18,253
34672,-20,-19,254
34677,-17,-19,257
34682,-18,-20,257
34687,-19,-18,257
34692,-19,-20,255
34697,-19,-15,256
34702,-19,-17,259
34707,-19,-20,256
34712,-21,-16,254
34717,-17,-17,255
34722,-18,-20,255
34727,-18,-19,257
34732,-21,-21,256
34737,-17,-21,256
34742,-20,-17,256
34747,-23,-19,253
34752,-19,-19,255
34757,-23,-18,256
34762,-19,-19,256
34767,-19,-21,257
34772,-18,-17,256
34777,-19,-22,257
34782,-21,-18,255
34787,-21,-17,255
34792,-19,-19,256
34797,-22,-21,255
34802,-19,-16,255
34807,-20,-17,255
34812,-22,-20,254
34817,-20,-17,255
34822,-22,-20,256
34827,-21,-19,257
34832,-19,-20,256
34837,-18,-22,257
34842,-18,-18,256
34847,-21,-17,254
34852,-21,-18,256
34857,-21,-18,256
34862,-19,-22,256
34867,-24,-16,253
34872,-20,-19,254
34877,-18,-18,257
34882,-19,-18,261
34887,-20,-19,257
34892,-21,-19,254
34897,-17,-18,257
34902,-18,-20,257
34907,-19,-19,257
34912,-19,-16,256
34917,-17,-19,256
34922,-20,-20,257
34927,-20,-20,257
34932,-17,-17,256
34937,-19,-16,255
34942,-18,-17,257
34947,-16,-22,258
34952,-18,-18,254
34957,-20,-18,255
34962,-19,-20,255
34967,-19,-22,256
34972,-20,-16,257
34977,-18,-22,256
34982,-16,-19,257
34987,-19,-20,258
34992,-21,-20,257
34997,-21,-17,255
35002,-21,-17,255
35007,-21,-18,255
35012,-21,-19,256
35017,-17,-15,255
35022,-19,-22,255
35027,-22,-17,255
35032,-23,-19,257
35037,-17,-19,256
35042,-19,-17,255
35047,-21,-18,256
35052,-21,-18,255
35057,-19,-20,257
35062,-20,-16,255
35067,-21,-22,254
35072,-20,-18,255
35077,-19,-18,255
35082,-20,-22,255
35087,-19,-17,254
35092,-19,-18,256
35097,-17,-23,255
35102,-18,-17,255
35107,-21,-20,255
35112,-19,-21,256
35117,-18,-17,256
35122,-18,-20,255
35127,-18,-18,255
35132,-18,-18,255
35137,-21,-19,256
35142,-19,-15,255
35147,-17,-22,255
35152,-18,-18,256
[FEATURES] f0=-19315 f1=1710 f2=19390 f3=-24000 f4=-15000 f5=9000 f6=1382 f7=-18635 f8=2010 f9=18743 f10=-24000 f11=-13000 f12=11000 f13=1614 f14=255795 f15=1457 f16=255799 f17=253000 f18=261000 f19=8000 f20=1093
[SCALED_FEATURES] f0=3789 f1=-1214 f2=-1233 f3=1483 f4=-1207 f5=-1354 f6=-1206 f7=-2831 f8=-987 f9=-903 f10=1026 f11=-1043 f12=-1038 f13=-981 f14=-183 f15=-853 f16=-459 f17=1013 f18=-1019 f19=-1033 f20=-817
[FEATURES_X] mean=-19315 std=1710 rms=19390 min=-24000 max=-15000 p2p=9000 mad=1382
[FEATURES_Y] mean=-18635 std=2010 rms=18743 min=-24000 max=-13000 p2p=11000 mad=1614
[FEATURES_Z] mean=255795 std=1457 rms=255799 min=253000 max=261000 p2p=8000 mad=1093
[CLASS] CLASS=normal ID=0 scores_x1000=[7118,-424,-6693]
[CLASS_STATS] condition=normal total_windows=35
predicted_count=[35,0,0]
correct_windows=35
accuracy_x1000=1000
current_prediction=0
[CLASS_TIMING] sample_interval_ms=5 window_acquisition_ms=901 feature_extract_ms=7 inference_ms=1 total_cycle_ms=972
35251,-18,-21,255
35254,-18,-21,255
35256,-18,-18,259
35259,-18,-18,259
35262,-19,-16,253
35264,-19,-16,253
35267,-19,-20,256
35269,-19,-20,256
35272,-21,-19,259
35274,-21,-19,259
35277,-18,-16,254
35280,-18,-16,254
35282,-19,-21,256
35285,-19,-21,256
35287,-19,-17,255
35290,-19,-17,255
35292,-15,-19,257
35295,-15,-19,257
35298,-18,-19,257
35300,-18,-19,257
35303,-18,-20,254
35305,-18,-20,254
35308,-19,-18,256
35310,-19,-18,256
35313,-22,-18,258
35316,-22,-18,258
35318,-19,-16,255
35321,-19,-16,255
35323,-18,-22,257
35326,-18,-22,257
35328,-18,-20,256
35331,-18,-20,256
35334,-17,-18,252
35336,-19,-19,255
35339,-19,-19,255
35341,-20,-22,256
35344,-20,-22,256
35346,-19,-17,256
35349,-19,-17,256
35352,-22,-17,255
35357,-16,-21,255
35362,-21,-17,254
35367,-19,-18,255
35372,-15,-20,256
35377,-18,-20,256
35382,-21,-18,256
35387,-20,-19,256
35392,-18,-17,255
35397,-20,-18,255
35402,-20,-19,254
35407,-20,-19,254
35412,-19,-18,256
35417,-18,-21,257
35422,-21,-18,254
35427,-19,-17,255
35432,-17,-19,255
35437,-21,-22,258
35442,-20,-14,257
35447,-19,-18,256
35452,-18,-20,258
35457,-19,-18,257
35462,-20,-18,255
35467,-22,-20,254
35472,-19,-15,255
35477,-19,-21,258
35482,-21,-22,257
35487,-20,-15,254
35492,-18,-17,255
35497,-19,-18,256
35502,-19,-17,256
35507,-18,-18,255
35512,-20,-19,254
35517,-20,-19,256
35522,-21,-22,257
35527,-21,-17,255
35532,-19,-19,256
35537,-18,-20,255
35542,-20,-17,256
35547,-19,-19,256
35552,-19,-19,255
35557,-20,-21,257
35562,-20,-17,256
35567,-17,-21,257
35572,-18,-17,255
35577,-19,-19,256
35582,-18,-19,256
35587,-19,-19,255
35592,-19,-19,256
35597,-20,-19,256
35602,-20,-19,255
35607,-18,-16,256
35612,-19,-21,255
35617,-21,-18,255
35622,-20,-22,254
35627,-18,-20,255
35632,-17,-19,255
35637,-20,-19,255
35642,-17,-19,255
35647,-18,-19,255
35652,-19,-15,254
35657,-20,-22,255
35662,-22,-18,255
35667,-20,-17,255
35672,-18,-20,256
35677,-22,-20,254
35682,-21,-18,255
35687,-21,-18,255
35692,-21,-18,256
35697,-18,-19,255
35702,-19,-20,254
35707,-19,-22,258
35712,-20,-17,254
35717,-22,-16,254
35722,-19,-18,255
35727,-18,-21,259
35732,-23,-16,259
35737,-19,-20,256
35742,-20,-15,257
35747,-23,-20,259
35752,-20,-18,255
35757,-19,-18,256
35762,-20,-17,257
35767,-21,-21,257
35772,-19,-18,256
35777,-17,-18,256
35782,-19,-19,257
35787,-22,-16,258
35792,-20,-21,255
35797,-20,-19,256
35802,-20,-20,257
35807,-19,-17,256
35812,-17,-20,257
35817,-17,-17,257
35822,-18,-18,258
35827,-19,-20,255
35832,-19,-19,257
35837,-20,-20,256
35842,-18,-17,255
35847,-16,-17,256
35852,-19,-19,255
35857,-19,-23,254
35862,-19,-17,257
35867,-18,-18,257
35872,-21,-21,257
35877,-20,-22,256
35882,-17,-17,256
35887,-18,-21,256
35892,-22,-17,255
35897,-22,-20,255
35902,-20,-19,256
35907,-22,-19,255
35912,-21,-19,255
35917,-21,-20,255
35922,-19,-19,256
35927,-18,-19,258
35932,-19,-22,257
35937,-21,-14,255
35942,-23,-20,256
35947,-18,-18,256
35952,-19,-19,255
35957,-23,-18,255
35962,-23,-18,255
35967,-22,-21,257
35972,-20,-16,256
35977,-23,-16,255
35982,-20,-19,257
35987,-18,-17,258
35992,-19,-17,258
35997,-20,-17,253
36002,-17,-20,257
36007,-20,-20,259
36012,-20,-18,258
36017,-20,-13,255
36022,-19,-20,255
36027,-18,-19,259
36032,-21,-19,256
36037,-20,-19,255
36042,-20,-19,254
36047,-19,-18,256
36052,-23,-19,257
36057,-16,-20,255
36062,-17,-18,255
36067,-20,-21,254
36072,-21,-17,256
36077,-17,-20,255
36082,-19,-20,256
36087,-21,-18,257
36092,-19,-16,256
36097,-15,-18,255
36102,-19,-20,256
36107,-21,-18,255
36112,-19,-21,255
36117,-18,-19,256
36122,-21,-18,256
36127,-18,-20,257
36132,-19,-21,256
36137,-18,-17,256
36142,-18,-19,256
36147,-20,-22,255
36152,-20,-16,256
[FEATURES] f0=-19305 f1=1603 f2=19371 f3=-23000 f4=-15000 f5=8000 f6=1256 f7=-18710 f8=1809 f9=18797 f10=-23000 f11=-13000 f12=10000 f13=1451 f14=255825 f15=1305 f16=255828 f17=252000 f18=259000 f19=7000 f20=1016
[SCALED_FEATURES] f0=3793 f1=-1216 f2=-1233 f3=1494 f4=-1207 f5=-1360 f6=-1209 f7=-2854 f8=-988 f9=-902 f10=1030 f11=-1043 f12=-1039 f13=-982 f14=-180 f15=-855 f16=-458 f17=1002 f18=-1038 f19=-1038 f20=-818
[FEATURES_X] mean=-19305 std=1603 rms=19371 min=-23000 max=-15000 p2p=8000 mad=1256
[FEATURES_Y] mean=-18710 std=1809 rms=18797 min=-23000 max=-13000 p2p=10000 mad=1451
[FEATURES_Z] mean=255825 std=1305 rms=255828 min=252000 max=259000 p2p=7000 mad=1016
[CLASS] CLASS=normal ID=0 scores_x1000=[7109,-441,-6667]
[CLASS_STATS] condition=normal total_windows=36
predicted_count=[36,0,0]
correct_windows=36
accuracy_x1000=1000
current_prediction=0
[CLASS_TIMING] sample_interval_ms=5 window_acquisition_ms=901 feature_extract_ms=7 inference_ms=1 total_cycle_ms=972
36251,-19,-19,255
36254,-19,-22,258
36256,-19,-22,258
36259,-18,-16,256
36262,-18,-16,256
36264,-14,-19,256
36267,-14,-19,256
36269,-16,-18,258
36272,-16,-18,258
36274,-19,-16,259
36277,-19,-16,259
36280,-19,-20,256
36282,-19,-20,256
36285,-20,-18,258
36287,-20,-18,258
36290,-19,-19,257
36292,-19,-19,257
36295,-20,-16,255
36298,-20,-16,255
36300,-19,-20,258
36303,-19,-20,258
36305,-16,-17,254
36308,-16,-17,254
36310,-17,-19,258
36313,-17,-19,258
36316,-19,-18,262
36318,-19,-18,262
36321,-18,-17,255
36323,-18,-17,255
36326,-16,-20,257
36328,-16,-20,257
36331,-19,-16,255
36334,-19,-16,255
36336,-16,-18,256
36339,-16,-18,256
36341,-17,-20,257
36344,-17,-20,257
36346,-19,-15,256
36349,-19,-15,256
36352,-21,-18,257
36357,-19,-20,254
36362,-19,-19,256
36367,-20,-20,255
36372,-18,-20,255
36377,-20,-19,255
36382,-21,-16,256
36387,-21,-21,257
36392,-19,-17,257
36397,-19,-19,256
36402,-20,-21,256
36407,-21,-17,256
36412,-18,-18,256
36417,-18,-22,256
36422,-20,-18,256
36427,-20,-19,256
36432,-19,-20,256
36437,-19,-14,255
36442,-20,-21,257
36447,-19,-19,254
36452,-22,-19,255
36457,-21,-17,254
36462,-23,-20,256
36467,-20,-17,256
36472,-19,-19,256
36477,-20,-20,255
36482,-20,-15,255
36487,-21,-21,255
36492,-21,-18,254
36497,-21,-17,255
36502,-20,-19,256
36507,-22,-22,253
36512,-19,-15,254
36517,-19,-15,254
36522,-17,-22,257
36527,-18,-19,259
36532,-23,-19,256
36537,-19,-16,255
36542,-19,-20,260
36547,-19,-18,259
36552,-18,-19,255
36557,-17,-20,255
36562,-19,-17,258
36567,-21,-23,259
36572,-19,-17,256
36577,-15,-21,256
36582,-19,-18,258
36587,-19,-20,255
36592,-18,-15,253
36597,-21,-19,253
36602,-18,-18,255
36607,-20,-17,259
36612,-21,-19,255
36617,-21,-18,254
36622,-17,-19,255
36627,-18,-21,255
36632,-21,-20,256
36637,-19,-17,255
36642,-17,-22,257
36647,-17,-20,257
36652,-19,-18,256
36657,-19,-20,254
36662,-18,-20,256
36667,-21,-19,256
36672,-22,-18,255
36677,-19,-20,256
36682,-17,-19,256
36687,-19,-18,256
36692,-19,-17,254
36697,-19,-17,255
36702,-21,-22,257
36707,-23,-19,254
36712,-18,-16,256
36717,-16,-24,257
36722,-20,-19,256
36727,-21,-17,255
36732,-18,-22,256
36737,-23,-17,254
36742,-21,-18,257
36747,-18,-18,254
36752,-18,-19,257
36757,-19,-16,256
36762,-20,-20,255
36767,-17,-19,255
36772,-23,-21,254
36777,-19,-20,255
36782,-22,-17,255
36787,-19,-19,256
36792,-19,-19,256
36797,-17,-19,255
36802,-19,-19,257
36807,-19,-20,256
36812,-18,-20,256
36817,-18,-18,254
36822,-16,-17,253
36827,-17,-18,259
36832,-19,-19,256
36837,-15,-13,254
36842,-18,-18,256
36847,-18,-21,257
36852,-20,-17,255
36857,-18,-18,254
36862,-17,-18,257
36867,-18,-19,255
36872,-20,-19,255
36877,-20,-18,256
36882,-20,-18,257
36887,-19,-20,258
36892,-21,-17,255
36897,-21,-18,256
36902,-18,-18,255
36907,-21,-19,257
36912,-21,-19,254
36917,-20,-21,257
36922,-21,-19,258
36927,-16,-18,256
36932,-18,-20,255
36937,-21,-15,255
36942,-20,-20,256
36947,-17,-17,256
36952,-20,-19,255
36957,-19,-17,257
36962,-17,-22,257
36967,-15,-18,257
36972,-19,-18,255
36977,-18,-21,256
36982,-21,-20,254
36987,-21,-20,257
36992,-18,-19,256
36997,-21,-19,255
37002,-19,-19,256
37007,-17,-21,257
37012,-19,-17,255
37017,-21,-24,255
37022,-19,-21,254
37027,-18,-17,255
37032,-17,-17,256
37037,-21,-22,255
37042,-20,-17,256
37047,-21,-17,256
37052,-22,-22,256
37057,-22,-17,254
37062,-21,-19,255
37067,-21,-19,255
37072,-19,-17,255
37077,-18,-19,257
37082,-19,-17,254
37087,-17,-21,256
37092,-20,-14,258
37097,-19,-20,256
37102,-20,-17,253
37107,-22,-17,257
37112,-18,-21,261
37117,-20,-19,257
37122,-19,-16,256
37127,-20,-18,258
37132,-21,-22,259
37137,-20,-15,256
37142,-20,-18,255
37147,-17,-20,256
37152,-21,-20,260
[FEATURES] f0=-19065 f1=1749 f2=19145 f3=-23000 f4=-14000 f5=9000 f6=1330 f7=-18620 f8=1914 f9=18718 f10=-24000 f11=-13000 f12=11000 f13=1530 f14=256000 f15=1555 f16=256004 f17=253000 f18=262000 f19=9000 f20=1120
[SCALED_FEATURES] f0=3878 f1=-1213 f2=-1238 f3=1494 f4=-1197 f5=-1354 f6=-1208 f7=-2826 f8=-987 f9=-903 f10=1026 f11=-1043 f12=-1038 f13=-981 f14=-163 f15=-851 f16=-453 f17=1013 f18=-1009 f19=-1027 f20=-816
[FEATURES_X] mean=-19065 std=1749 rms=19145 min=-23000 max=-14000 p2p=9000 mad=1330
[FEATURES_Y] mean=-18620 std=1914 rms=18718 min=-24000 max=-13000 p2p=11000 mad=1530
[FEATURES_Z] mean=256000 std=1555 rms=256004 min=253000 max=262000 p2p=9000 mad=1120
[CLASS] CLASS=normal ID=0 scores_x1000=[7288,-311,-6976]
[CLASS_STATS] condition=normal total_windows=37
predicted_count=[37,0,0]
correct_windows=37
accuracy_x1000=1000
current_prediction=0
[CLASS_TIMING] sample_interval_ms=5 window_acquisition_ms=901 feature_extract_ms=6 inference_ms=0 total_cycle_ms=971
37251,-19,-19,255
37254,-19,-19,255
37256,-19,-16,256
37259,-19,-16,256
37261,-18,-19,256
37264,-18,-19,256
37266,-22,-21,257
37269,-22,-21,257
37272,-19,-20,256
37274,-19,-20,256
37277,-16,-17,257
37279,-16,-17,257
37282,-18,-21,256
37284,-18,-21,256
37287,-17,-17,256
37290,-17,-17,256
37292,-20,-20,259
37295,-20,-20,259
37297,-19,-19,254
37300,-19,-19,254
37302,-22,-15,257
37305,-22,-15,257
37308,-20,-19,255
37310,-20,-19,255
37313,-22,-17,253
37315,-22,-17,253
37318,-20,-16,255
37320,-20,-16,255
37323,-19,-17,257
37326,-19,-17,257
37328,-20,-17,256
37331,-20,-17,256
37333,-19,-16,257
37336,-19,-16,257
37339,-21,-22,256
37341,-21,-22,256
37344,-18,-17,256
37346,-18,-17,256
37349,-18,-15,256
37352,-18,-15,256
37357,-18,-19,256
37362,-23,-17,256
37367,-19,-15,256
37372,-19,-19,259
37377,-22,-20,257
37382,-21,-17,255
37387,-16,-20,255
37392,-18,-17,259
37397,-20,-21,256
37402,-15,-17,253
37407,-17,-18,257
37412,-19,-17,259
37417,-19,-21,256
37422,-21,-16,255
37427,-16,-20,257
37432,-18,-22,259
37437,-21,-18,256
37442,-18,-18,254
37447,-20,-22,257
37452,-19,-20,258
37457,-16,-16,255
37462,-19,-22,255
37467,-18,-18,255
37472,-20,-21,255
37477,-19,-18,256
37482,-21,-17,255
37487,-18,-19,257
37492,-18,-17,256
37497,-20,-17,255
37502,-20,-16,255
37507,-22,-22,256
37512,-21,-15,256
37517,-19,-20,257
37522,-18,-19,256
37527,-20,-18,257
37532,-20,-17,255
37537,-18,-20,256
37542,-20,-19,255
37547,-21,-18,256
37552,-22,-19,255
37557,-21,-18,256
37562,-18,-21,256
37567,-19,-20,256
37572,-21,-18,254
37577,-21,-17,255
37582,-20,-23,256
37587,-22,-19,255
37592,-21,-20,257
37597,-20,-18,255
37602,-20,-18,255
37607,-20,-19,255
37612,-21,-24,256
37617,-18,-17,256
37622,-18,-17,256
37627,-22,-22,253
37632,-16,-21,253
37637,-18,-19,257
37642,-19,-20,260
37647,-22,-18,255
37652,-19,-20,254
37657,-18,-15,255
37662,-22,-23,258
37667,-16,-18,256
37672,-18,-17,253
37677,-16,-19,259
37682,-20,-17,257
37687,-17,-20,256
37692,-20,-16,255
37697,-19,-21,257
37702,-19,-20,258
37707,-18,-18,254
37712,-20,-18,256
37717,-20,-20,258
37722,-18,-20,256
37727,-19,-14,255
37732,-18,-20,256
37737,-18,-21,256
37742,-17,-18,256
37747,-19,-17,255
37752,-21,-21,257
37757,-23,-19,258
37762,-20,-20,255
37767,-22,-16,255
37772,-21,-19,257
37777,-20,-18,256
37782,-20,-21,256
37787,-20,-15,255
37792,-22,-21,256
37797,-23,-17,256
37802,-22,-20,255
37807,-18,-21,255
37812,-19,-21,256
37817,-21,-16,256
37822,-20,-20,253
37827,-20,-24,254
37832,-17,-17,256
37837,-22,-20,258
37842,-20,-19,255
37847,-19,-16,255
37852,-19,-19,257
37857,-21,-19,256
37862,-20,-17,256
37867,-19,-21,256
37872,-18,-21,256
37877,-19,-18,256
37882,-16,-21,256
37887,-22,-21,254
37892,-22,-16,254
37897,-22,-16,254
37902,-17,-18,256
37907,-20,-20,256
37912,-21,-20,257
37917,-19,-20,256
37922,-18,-17,256
37927,-17,-19,256
37932,-20,-20,257
37937,-20,-19,255
37942,-15,-18,257
37947,-20,-23,261
37952,-19,-21,255
37957,-17,-14,255
37962,-18,-23,260
37967,-19,-19,256
37972,-20,-18,254
37977,-19,-18,255
37982,-19,-21,258
37987,-19,-18,255
37992,-20,-21,255
37997,-18,-22,258
38002,-21,-20,260
38007,-20,-21,256
38012,-19,-16,256
38017,-19,-21,257
38022,-19,-20,255
38027,-20,-16,255
38032,-22,-17,256
38037,-22,-21,255
38042,-20,-14,257
38047,-21,-16,256
38052,-17,-18,256
38057,-18,-19,256
38062,-18,-18,257
38067,-21,-16,256
38072,-21,-19,255
38077,-20,-19,253
38082,-19,-19,255
38087,-19,-17,256
38092,-17,-19,255
38097,-19,-20,255
38102,-20,-18,256
38107,-19,-19,256
38112,-18,-24,255
38117,-20,-18,257
38122,-20,-19,257
38127,-16,-21,255
38132,-19,-19,257
38137,-19,-20,255
38142,-20,-20,252
38147,-20,-22,254
38152,-20,-18,256
[FEATURES] f0=-19375 f1=1665 f2=19446 f3=-23000 f4=-15000 f5=8000 f6=1343 f7=-18730 f8=2096 f9=18847 f10=-24000 f11=-14000 f12=10000 f13=1734 f14=255915 f15=1392 f16=255918 f17=252000 f18=261000 f19=9000 f20=977
[SCALED_FEATURES] f0=3768 f1=-1215 f2=-1231 f3=1494 f4=-1207 f5=-1360 f6=-1207 f7=-2860 f8=-986 f9=-902 f10=1026 f11=-1047 f12=-1039 f13=-980 f14=-171 f15=-854 f16=-455 f17=1002 f18=-1019 f19=-1027 f20=-819
[FEATURES_X] mean=-19375 std=1665 rms=19446 min=-23000 max=-15000 p2p=8000 mad=1343
[FEATURES_Y] mean=-18730 std=2096 rms=18847 min=-24000 max=-14000 p2p=10000 mad=1734
[FEATURES_Z] mean=255915 std=1392 rms=255918 min=252000 max=261000 p2p=9000 mad=977
[CLASS] CLASS=normal ID=0 scores_x1000=[7096,-460,-6636]
[CLASS_STATS] condition=normal total_windows=38
predicted_count=[38,0,0]
correct_windows=38
accuracy_x1000=1000
current_prediction=0
[CLASS_TIMING] sample_interval_ms=5 window_acquisition_ms=901 feature_extract_ms=7 inference_ms=0 total_cycle_ms=971
38251,-21,-19,255
38254,-21,-19,255
38256,-22,-18,258
38259,-22,-18,258
38261,-17,-15,255
38264,-17,-15,255
38266,-21,-21,258
38269,-21,-21,258
38272,-19,-17,260
38274,-19,-17,260
38277,-20,-20,255
38279,-18,-19,256
38282,-18,-19,256
38284,-21,-17,255
38287,-21,-17,255
38290,-20,-21,254
38292,-20,-21,254
38295,-19,-18,255
38297,-19,-18,255
38300,-19,-20,256
38302,-19,-20,256
38305,-17,-18,257
38308,-17,-18,257
38310,-20,-23,256
38313,-20,-23,256
38315,-20,-17,257
38318,-20,-17,257
38320,-21,-18,253
38323,-21,-18,253
38326,-22,-20,255
38328,-22,-20,255
38331,-23,-16,257
38333,-23,-16,257
38336,-20,-20,255
38338,-20,-20,255
38341,-17,-18,255
38344,-17,-18,255
38346,-17,-16,258
38349,-17,-16,258
38352,-20,-19,257
38357,-21,-20,255
38362,-19,-20,256
38367,-17,-19,257
38372,-19,-21,258
38377,-18,-16,257
38382,-20,-19,255
38387,-21,-17,255
38392,-21,-18,255
38397,-19,-21,256
38402,-18,-21,256
38407,-18,-15,256
38412,-18,-22,256
38417,-18,-18,256
38422,-21,-19,256
38427,-18,-20,256
38432,-18,-23,255
38437,-19,-18,256
38442,-18,-20,256
38447,-20,-20,256
38452,-20,-20,256
38457,-21,-14,256
38462,-23,-21,255
38467,-20,-19,255
38472,-20,-18,257
38477,-21,-16,255
38482,-19,-20,254
38487,-18,-16,257
38492,-20,-19,258
38497,-22,-16,253
38502,-21,-16,257
38507,-16,-22,257
38512,-19,-18,257
38517,-21,-16,256
38522,-19,-14,254
38527,-20,-20,258
38532,-20,-20,257
38537,-19,-18,255
38542,-21,-17,254
38547,-19,-20,257
38552,-19,-19,257
38557,-17,-19,256
38562,-17,-18,255
38567,-20,-22,255
38572,-19,-17,255
38577,-20,-19,254
38582,-17,-19,256
38587,-18,-19,255
38592,-18,-19,255
38597,-20,-18,256
38602,-21,-18,255
38607,-20,-19,255
38612,-18,-22,255
38617,-18,-17,256
38622,-18,-17,256
38627,-16,-17,255
38632,-19,-19,256
38637,-20,-16,256
38642,-20,-21,257
38647,-20,-18,255
38652,-22,-19,255
38657,-19,-22,255
38662,-17,-19,256
38667,-19,-20,255
38672,-20,-18,257
38677,-19,-19,256
38682,-18,-17,256
38687,-18,-20,255
38692,-20,-20,255
38697,-18,-20,257
38702,-20,-22,256
38707,-24,-20,253
38712,-18,-20,256
38717,-19,-22,255
38722,-20,-19,257
38727,-20,-19,257
38732,-18,-20,257
38737,-18,-24,256
38742,-21,-17,254
38747,-20,-18,254
38752,-17,-16,259
38757,-19,-22,257
38762,-19,-15,255
38767,-18,-16,257
38772,-19,-17,256
38777,-22,-19,260
38782,-22,-18,255
38787,-17,-13,254
38792,-18,-20,257
38797,-16,-18,254
38802,-20,-16,257
38807,-17,-19,255
38812,-17,-20,255
38817,-20,-19,257
38822,-21,-17,256
38827,-17,-18,255
38832,-17,-15,259
38837,-17,-20,256
38842,-18,-19,256
38847,-19,-18,255
38852,-17,-19,256
38857,-18,-23,257
38862,-21,-16,256
38867,-19,-22,256
38872,-19,-17,257
38877,-19,-19,257
38882,-18,-21,257
38887,-21,-21,255
38892,-17,-17,255
38897,-18,-18,256
38902,-21,-20,256
38907,-19,-17,255
38912,-19,-19,256
38917,-22,-19,255
38922,-20,-20,256
38927,-19,-19,255
38932,-20,-21,256
38937,-21,-15,255
38942,-19,-20,256
38947,-20,-19,255
38952,-21,-18,256
38957,-18,-18,257
38962,-19,-21,255
38967,-19,-17,256
38972,-22,-20,255
38977,-19,-18,256
38982,-21,-18,255
38987,-21,-20,256
38992,-21,-16,255
38997,-18,-19,254
39002,-17,-19,257
39007,-17,-19,257
39012,-21,-22,255
39017,-18,-15,257
39022,-16,-22,254
39027,-19,-20,261
39032,-23,-18,260
39037,-18,-19,258
39042,-20,-19,253
39047,-17,-16,255
39052,-19,-19,259
39057,-21,-22,257
39062,-22,-17,256
39067,-19,-19,255
39072,-18,-17,254
39077,-18,-18,258
39082,-19,-19,256
39087,-20,-18,256
39092,-20,-17,255
39097,-20,-23,255
39102,-18,-18,257
39107,-19,-19,258
39112,-18,-20,256
39117,-20,-19,255
39122,-19,-15,256
39127,-17,-22,257
39132,-21,-21,256
39137,-21,-15,257
39142,-20,-19,254
39147,-18,-19,256
39152,-20,-19,258
[FEATURES] f0=-19300 f1=1609 f2=19366 f3=-24000 f4=-16000 f5=8000 f6=1337 f7=-18710 f8=2006 f9=18817 f10=-24000 f11=-13000 f12=11000 f13=1587 f14=255950 f15=1362 f16=255953 f17=253000 f18=261000 f19=8000 f20=1019
[SCALED_FEATURES] f0=3794 f1=-1216 f2=-1233 f3=1483 f4=-1218 f5=-1360 f6=-1207 f7=-2854 f8=-987 f9=-902 f10=1026 f11=-1043 f12=-1038 f13=-981 f14=-168 f15=-854 f16=-454 f17=1013 f18=-1019 f19=-1033 f20=-818
[FEATURES_X] mean=-19300 std=1609 rms=19366 min=-24000 max=-16000 p2p=8000 mad=1337
[FEATURES_Y] mean=-18710 std=2006 rms=18817 min=-24000 max=-13000 p2p=11000 mad=1587
[FEATURES_Z] mean=255950 std=1362 rms=255953 min=253000 max=261000 p2p=8000 mad=1019
[CLASS] CLASS=normal ID=0 scores_x1000=[7129,-426,-6703]
[CLASS_STATS] condition=normal total_windows=39
predicted_count=[39,0,0]
correct_windows=39
accuracy_x1000=1000
current_prediction=0
[CLASS_TIMING] sample_interval_ms=5 window_acquisition_ms=901 feature_extract_ms=7 inference_ms=1 total_cycle_ms=972
39251,-18,-20,256
39254,-19,-20,257
39256,-19,-20,257
39259,-18,-17,258
39262,-18,-17,258
39264,-19,-21,260
39267,-19,-21,260
39269,-19,-17,256
39272,-19,-17,256
39274,-19,-17,258
39277,-19,-17,258
39279,-18,-20,256
39282,-18,-20,256
39285,-17,-17,253
39287,-17,-17,253
39290,-18,-17,255
39292,-18,-17,255
39295,-18,-20,258
39297,-18,-20,258
39300,-21,-17,256
39303,-21,-17,256
39305,-20,-20,255
39308,-20,-20,255
39310,-17,-21,257
39313,-20,-15,256
39315,-20,-15,256
39318,-18,-20,257
39321,-18,-20,257
39323,-20,-21,256
39326,-20,-21,256
39328,-18,-18,256
39331,-18,-18,256
39334,-16,-17,257
39336,-16,-17,257
39339,-20,-21,256
39341,-20,-21,256
39344,-20,-18,255
39346,-20,-18,255
39349,-21,-19,256
39352,-21,-19,256
39357,-16,-19,259
39362,-20,-18,257
39367,-21,-17,257
39372,-18,-18,257
39377,-19,-20,256
39382,-20,-20,258
39387,-20,-20,255
39392,-20,-18,255
39397,-19,-19,256
39402,-18,-20,256
39407,-20,-19,255
39412,-22,-19,255
39417,-19,-22,255
39422,-19,-16,258
39427,-21,-19,256
39432,-18,-18,255
39437,-22,-18,256
39442,-17,-19,255
39447,-22,-19,255
39452,-19,-20,257
39457,-16,-19,254
39462,-19,-21,255
39467,-21,-16,255
39472,-21,-22,256
39477,-21,-19,256
39482,-21,-21,255
39487,-19,-18,255
39492,-19,-20,257
39497,-19,-17,257
39502,-20,-19,257
39507,-19,-20,257
39512,-23,-18,255
39517,-21,-21,256
39522,-20,-20,256
39527,-18,-17,255
39532,-21,-19,254
39537,-23,-21,255
39542,-19,-17,256
39547,-19,-20,256
39552,-20,-20,254
39557,-21,-19,254
39562,-21,-19,254
39567,-19,-19,255
39572,-18,-20,254
39577,-19,-18,255
39582,-19,-23,262
39587,-20,-21,256
39592,-19,-18,255
39597,-21,-19,256
39602,-18,-19,256
39607,-20,-20,259
39612,-19,-16,255
39617,-19,-21,256
39622,-20,-17,261
39627,-20,-21,256
39632,-17,-19,255
39637,-18,-16,258
39642,-21,-22,256
39647,-20,-18,255
39652,-20,-18,257
39657,-21,-18,258
39662,-21,-20,258
39667,-18,-18,256
39672,-18,-19,257
39677,-20,-19,256
39682,-21,-17,254
39687,-19,-18,255
39692,-20,-20,257
39697,-18,-16,258
39702,-16,-22,254
39707,-17,-17,254
39712,-22,-17,257
39717,-18,-21,256
39722,-19,-18,255
39727,-20,-19,255
39732,-18,-19,256
39737,-18,-21,256
39742,-18,-17,257
39747,-19,-21,258
39752,-19,-17,256
39757,-19,-21,256
39762,-19,-18,257
39767,-21,-19,256
39772,-17,-20,256
39777,-18,-20,256
39782,-21,-17,255
39787,-22,-18,254
39792,-19,-22,255
39797,-19,-17,256
39802,-21,-19,256
39807,-19,-20,256
39812,-19,-21,256
39817,-20,-17,257
39822,-19,-19,256
39827,-20,-19,257
39832,-21,-20,255
39837,-21,-20,255
39842,-18,-20,255
39847,-18,-19,257
39852,-21,-18,257
39857,-23,-19,254
39862,-23,-17,256
39867,-16,-19,259
39872,-20,-21,257
39877,-18,-17,253
39882,-16,-18,256
39887,-17,-16,260
39892,-23,-19,255
39897,-18,-15,256
39902,-18,-22,259
39907,-19,-17,256
39912,-16,-17,255
39917,-17,-21,254
39922,-21,-18,256
39927,-22,-18,257
39932,-21,-17,254
39937,-18,-22,253
39942,-17,-17,259
39947,-16,-22,256
39952,-16,-16,254
39957,-20,-20,256
39962,-20,-18,256
39967,-21,-20,253
39972,-20,-19,256
39977,-21,-20,256
39982,-20,-17,255
39987,-18,-18,255
39992,-18,-20,256
39997,-23,-16,256
40002,-21,-19,256
40007,-18,-19,256
40012,-18,-19,256
40017,-19,-17,253
40022,-18,-23,255
40027,-19,-18,256
40032,-20,-19,255
40037,-19,-20,255
40042,-18,-19,256
40047,-18,-19,255
40052,-19,-20,255
40057,-19,-20,255
40062,-20,-20,254
40067,-22,-20,254
40072,-18,-17,255
40077,-18,-20,255
40082,-20,-20,255
40087,-19,-18,255
40092,-20,-20,255
40097,-22,-22,254
40102,-21,-17,255
40107,-17,-19,256
40112,-17,-19,256
40117,-18,-22,256
40122,-20,-14,256
40127,-20,-17,256
40132,-20,-20,256
40137,-20,-18,255
40142,-19,-17,255
40147,-18,-21,255
40152,-19,-15,261
[FEATURES] f0=-19265 f1=1585 f2=19330 f3=-23000 f4=-16000 f5=7000 f6=1289 f7=-18865 f8=1728 f9=18943 f10=-23000 f11=-14000 f12=9000 f13=1419 f14=255950 f15=1472 f16=255954 f17=253000 f18=262000 f19=9000 f20=1021
[SCALED_FEATURES] f0=3807 f1=-1216 f2=-1234 f3=1494 f4=-1218 f5=-1365 f6=-1208 f7=-2901 f8=-988 f9=-901 f10=1030 f11=-1047 f12=-1041 f13=-982 f14=-168 f15=-852 f16=-454 f17=1013 f18=-1009 f19=-1027 f20=-818
[FEATURES_X] mean=-19265 std=1585 rms=19330 min=-23000 max=-16000 p2p=7000 mad=1289
[FEATURES_Y] mean=-18865 std=1728 rms=18943 min=-23000 max=-14000 p2p=9000 mad=1419
[FEATURES_Z] mean=255950 std=1472 rms=255954 min=253000 max=262000 p2p=9000 mad=1021
[CLASS] CLASS=normal ID=0 scores_x1000=[7156,-427,-6728]
[CLASS_STATS] condition=normal total_windows=40
predicted_count=[40,0,0]
correct_windows=40
accuracy_x1000=1000
current_prediction=0
[CLASS_TIMING] sample_interval_ms=5 window_acquisition_ms=901 feature_extract_ms=7 inference_ms=0 total_cycle_ms=971
40251,-21,-19,254
40254,-21,-19,254
40256,-18,-19,255
40259,-18,-19,255
40261,-20,-17,255
40264,-20,-17,255
40266,-18,-16,254
40269,-18,-16,254
40272,-18,-18,256
40274,-18,-18,256
40277,-20,-20,255
40279,-20,-20,255
40282,-18,-17,255
40284,-18,-17,255
40287,-17,-19,260
40290,-17,-19,260
40292,-16,-19,255
40295,-16,-19,255
40297,-21,-18,256
40300,-21,-18,256
40302,-19,-17,260
40305,-19,-17,260
40308,-17,-19,255
40310,-17,-19,255
40313,-18,-20,260
40315,-18,-20,260
40318,-19,-17,257
40320,-19,-17,257
40323,-15,-18,258
40326,-15,-18,258
40328,-17,-19,260
40331,-17,-19,260
40333,-20,-18,258
40336,-20,-18,258
40339,-19,-18,258
40341,-19,-18,258
40344,-22,-21,257
40346,-22,-21,257
40349,-20,-18,256
40352,-18,-20,253
40357,-18,-19,255
40362,-20,-20,257
40367,-19,-21,255
40372,-19,-16,256
40377,-21,-20,256
40382,-20,-21,257
40387,-20,-21,257
40392,-20,-18,254
40397,-18,-17,256
40402,-18,-21,256
40407,-20,-18,259
40412,-18,-19,255
40417,-15,-18,254
40422,-18,-21,257
40427,-21,-16,256
40432,-20,-17,255
40437,-16,-16,254
40442,-17,-19,258
40447,-17,-20,261
40452,-23,-16,254
40457,-18,-19,255
40462,-17,-18,259
40467,-20,-21,257
40472,-22,-17,257
40477,-20,-20,256
40482,-19,-16,256
40487,-21,-20,258
40492,-18,-20,257
40497,-18,-18,255
40502,-18,-16,255
40507,-20,-21,255
40512,-20,-19,256
40517,-21,-17,254
40522,-18,-19,255
40527,-19,-18,254
40532,-20,-19,257
40537,-20,-18,256
40542,-18,-20,257
40547,-20,-19,254
40552,-19,-22,255
40557,-22,-18,254
40562,-19,-21,255
40567,-16,-19,257
40572,-21,-19,255
40577,-20,-19,255
40582,-18,-21,256
40587,-19,-17,256
40592,-20,-21,257
40597,-21,-20,254
40602,-21,-19,257
40607,-18,-20,256
40612,-19,-23,254
40617,-22,-19,254
40622,-20,-18,254
40627,-22,-21,256
40632,-19,-18,254
40637,-22,-20,256
40642,-19,-22,256
40647,-20,-17,256
40652,-20,-21,257
40657,-20,-17,254
40662,-20,-21,255
40667,-20,-21,255
40672,-19,-16,254
40677,-21,-19,254
40682,-21,-16,255
40687,-21,-22,257
40692,-21,-19,257
40697,-18,-15,255
40702,-16,-18,257
40707,-18,-20,258
40712,-17,-13,254
40717,-20,-18,253
40722,-19,-20,255
40727,-20,-17,258
40732,-22,-16,256
40737,-21,-17,255
40742,-19,-18,257
40747,-19,-19,258
40752,-22,-20,256
40757,-19,-15,255
40762,-18,-22,257
40767,-19,-17,257
40772,-22,-18,256
40777,-16,-20,253
40782,-19,-20,255
40787,-19,-19,257
40792,-23,-20,255
40797,-21,-21,256
40802,-19,-14,254
40807,-20,-23,257
40812,-18,-20,255
40817,-20,-16,256
40822,-19,-20,255
40827,-21,-20,256
40832,-19,-19,256
40837,-20,-20,256
40842,-20,-19,255
40847,-20,-19,255
40852,-18,-19,256
40857,-19,-20,257
40862,-20,-17,255
40867,-19,-18,255
40872,-20,-20,255
40877,-19,-17,256
40882,-16,-19,256
40887,-21,-17,255
40892,-22,-19,254
40897,-19,-18,256
40902,-18,-18,257
40907,-20,-19,256
40912,-20,-22,256
40917,-18,-20,256
40922,-21,-17,255
40927,-18,-19,256
40932,-22,-19,256
40937,-20,-20,256
40942,-20,-20,256
40947,-16,-17,256
40952,-20,-20,256
40957,-18,-18,256
40962,-21,-22,255
40967,-19,-20,254
40972,-19,-18,256
40977,-18,-21,261
40982,-20,-15,256
40987,-17,-19,254
40992,-15,-19,261
40997,-19,-19,256
41002,-22,-15,252
41007,-20,-21,255
41012,-19,-19,257
41017,-21,-18,258
41022,-16,-19,256
41027,-14,-14,255
41032,-17,-18,260
41037,-22,-19,257
41042,-21,-15,254
41047,-18,-19,257
41052,-17,-21,257
41057,-19,-15,256
41062,-20,-20,254
41067,-17,-18,256
41072,-20,-18,256
41077,-19,-15,254
41082,-19,-23,256
41087,-21,-18,257
41092,-19,-19,257
41097,-17,-19,254
41102,-21,-19,257
41107,-21,-20,258
41112,-20,-21,256
41117,-19,-19,255
41122,-20,-19,256
41127,-22,-21,257
41132,-20,-18,255
41137,-18,-22,256
41142,-19,-20,257
41147,-21,-19,256
41152,-19,-19,257
[FEATURES] f0=-19210 f1=1704 f2=19285 f3=-23000 f4=-14000 f5=9000 f6=1364 f7=-18750 f8=1810 f9=18837 f10=-23000 f11=-13000 f12=10000 f13=1417 f14=256005 f15=1632 f16=256010 f17=252000 f18=261000 f19=9000 f20=1196
[SCALED_FEATURES] f0=3826 f1=-1214 f2=-1235 f3=1494 f4=-1197 f5=-1354 f6=-1207 f7=-2866 f8=-988 f9=-902 f10=1030 f11=-1043 f12=-1039 f13=-982 f14=-162 f15=-850 f16=-452 f17=1002 f18=-1019 f19=-1027 f20=-815
[FEATURES_X] mean=-19210 std=1704 rms=19285 min=-23000 max=-14000 p2p=9000 mad=1364
[FEATURES_Y] mean=-18750 std=1810 rms=18837 min=-23000 max=-13000 p2p=10000 mad=1417
[FEATURES_Z] mean=256005 std=1632 rms=256010 min=252000 max=261000 p2p=9000 mad=1196
[CLASS] CLASS=normal ID=0 scores_x1000=[7195,-390,-6805]
[CLASS_STATS] condition=normal total_windows=41
predicted_count=[41,0,0]
correct_windows=41
accuracy_x1000=1000
current_prediction=0
[CLASS_TIMING] sample_interval_ms=5 window_acquisition_ms=901 feature_extract_ms=7 inference_ms=1 total_cycle_ms=972
41251,-22,-18,255
41254,-19,-17,255
41256,-19,-17,255
41259,-18,-19,258
41262,-18,-19,258
41264,-18,-16,256
41267,-18,-16,256
41269,-17,-19,256
41272,-17,-19,256
41274,-18,-18,257
41277,-18,-18,257
41279,-19,-23,256
41282,-19,-23,256
41285,-20,-16,257
41287,-20,-16,257
41290,-21,-20,256
41292,-21,-20,256
41295,-18,-17,256
41297,-18,-17,256
41300,-20,-19,256
41303,-20,-19,256
41305,-17,-17,255
41308,-17,-17,255
41310,-19,-20,256
41313,-19,-20,256
41315,-21,-18,260
41318,-21,-18,260
41321,-17,-15,255
41323,-17,-15,255
41326,-16,-22,260
41328,-16,-22,260
41331,-17,-16,258
41334,-17,-16,258
41336,-20,-20,256
41339,-20,-20,256
41341,-19,-18,257
41344,-19,-18,257
41346,-18,-17,254
41349,-18,-17,254
41352,-15,-19,256
41357,-21,-19,256
41362,-19,-17,255
41367,-19,-22,255
41372,-22,-19,256
41377,-21,-17,255
41382,-21,-22,255
41387,-19,-22,255
41392,-21,-16,255
41397,-19,-20,255
41402,-17,-23,256
41407,-21,-15,257
41412,-19,-21,254
41417,-21,-18,253
41422,-23,-19,254
41427,-20,-18,257
41432,-18,-18,257
41437,-19,-19,257
41442,-19,-19,257
41447,-18,-18,256
41452,-22,-16,257
41457,-20,-21,255
41462,-22,-17,254
41467,-20,-20,256
41472,-16,-18,256
41477,-20,-19,256
41482,-19,-18,256
41487,-21,-20,257
41492,-21,-20,257
41497,-21,-21,255
41502,-18,-17,256
41507,-18,-21,258
41512,-20,-18,255
41517,-16,-20,257
41522,-20,-16,259
41527,-22,-18,255
41532,-16,-17,257
41537,-17,-21,262
41542,-21,-14,255
41547,-19,-16,257
41552,-18,-21,257
41557,-20,-17,255
41562,-18,-18,255
41567,-19,-20,260
41572,-21,-18,254
41577,-17,-15,255
41582,-15,-21,257
41587,-21,-17,256
41592,-18,-15,255
41597,-17,-19,257
41602,-20,-22,257
41607,-18,-14,258
41612,-18,-23,256
41617,-21,-17,255
41622,-21,-16,254
41627,-20,-19,258
41632,-21,-20,256
41637,-19,-20,256
41642,-17,-19,256
41647,-18,-19,257
41652,-20,-16,255
41657,-21,-20,257
41662,-21,-16,256
41667,-21,-17,255
41672,-19,-19,256
41677,-20,-18,255
41682,-19,-19,255
41687,-18,-19,257
41692,-20,-18,253
41697,-24,-18,256
41702,-20,-22,256
41707,-22,-18,256
41712,-18,-18,257
41717,-22,-20,255
41722,-21,-18,254
41727,-20,-17,257
41732,-20,-21,256
41737,-20,-19,255
41742,-21,-23,256
41747,-18,-21,256
41752,-19,-19,255
41757,-18,-20,256
41762,-21,-22,255
41767,-21,-22,255
41772,-18,-19,256
41777,-21,-16,256
41782,-21,-21,258
41787,-20,-16,255
41792,-18,-21,257
41797,-18,-16,260
41802,-21,-17,258
41807,-19,-15,256
41812,-20,-20,259
41817,-18,-15,258
41822,-19,-18,251
41827,-20,-17,255
41832,-22,-17,257
41837,-19,-21,257
41842,-19,-20,255
41847,-20,-17,256
41852,-18,-20,257
41857,-17,-21,258
41862,-18,-15,255
41867,-20,-21,255
41872,-19,-20,255
41877,-21,-19,255
41882,-18,-19,255
41887,-18,-21,253
41892,-18,-17,258
41897,-21,-20,255
41902,-20,-18,256
41907,-19,-18,256
41912,-20,-20,255
41917,-19,-21,256
41922,-20,-17,255
41927,-17,-18,256
41932,-20,-22,258
41937,-21,-17,257
41942,-21,-19,255
41947,-20,-20,256
41952,-23,-17,256
41957,-17,-21,258
41962,-20,-16,256
41967,-21,-20,257
41972,-22,-17,254
41977,-23,-23,254
41982,-20,-15,256
41987,-19,-22,256
41992,-19,-20,255
41997,-22,-16,253
42002,-21,-21,256
42007,-18,-20,255
42012,-20,-19,254
42017,-22,-18,254
42022,-21,-20,256
42027,-19,-17,255
42032,-16,-21,256
42037,-21,-18,254
42042,-21,-21,255
42047,-21,-21,255
42052,-18,-19,257
42057,-19,-20,256
42062,-19,-18,257
42067,-19,-21,259
42072,-20,-16,254
42077,-19,-14,254
42082,-19,-21,259
42087,-19,-22,256
42092,-19,-15,254
42097,-16,-17,254
42102,-19,-19,258
42107,-18,-18,261
42112,-21,-20,255
42117,-20,-16,255
42122,-19,-19,259
42127,-19,-19,256
42132,-20,-20,257
42137,-15,-16,260
42142,-18,-23,260
42147,-21,-17,256
42152,-21,-17,255
[FEATURES] f0=-19350 f1=1681 f2=19422 f3=-24000 f4=-15000 f5=9000 f6=1387 f7=-18650 f8=2118 f9=18769 f10=-23000 f11=-14000 f12=9000 f13=1774 f14=256095 f15=1595 f16=256099 f17=251000 f18=262000 f19=11000 f20=1168
[SCALED_FEATURES] f0=3777 f1=-1214 f2=-1232 f3=1483 f4=-1207 f5=-1354 f6=-1206 f7=-2835 f8=-986 f9=-902 f10=1030 f11=-1047 f12=-1041 f13=-980 f14=-153 f15=-850 f16=-450 f17=991 f18=-1009 f19=-1016 f20=-815
[FEATURES_X] mean=-19350 std=1681 rms=19422 min=-24000 max=-15000 p2p=9000 mad=1387
[FEATURES_Y] mean=-18650 std=2118 rms=18769 min=-23000 max=-14000 p2p=9000 mad=1774
[FEATURES_Z] mean=256095 std=1595 rms=256099 min=251000 max=262000 p2p=11000 mad=1168
[CLASS] CLASS=normal ID=0 scores_x1000=[7162,-442,-6720]
[CLASS_STATS] condition=normal total_windows=42
predicted_count=[42,0,0]
correct_windows=42
accuracy_x1000=1000
current_prediction=0
[CLASS_TIMING] sample_interval_ms=5 window_acquisition_ms=901 feature_extract_ms=7 inference_ms=1 total_cycle_ms=972
42251,-21,-20,256
42254,-21,-20,256
42256,-19,-16,256
42259,-19,-16,256
42261,-18,-21,258
42264,-18,-21,258
42267,-18,-15,254
42269,-18,-15,254
42272,-21,-20,255
42274,-21,-20,255
42277,-18,-16,256
42279,-18,-16,256
42282,-22,-19,258
42285,-22,-19,258
42287,-19,-20,255
42290,-19,-20,255
42292,-20,-18,256
42295,-20,-18,256
42297,-20,-18,255
42300,-20,-18,255
42303,-18,-16,258
42305,-18,-16,258
42308,-19,-23,256
42310,-19,-23,256
42313,-15,-16,255
42315,-15,-16,255
42318,-20,-21,257
42321,-20,-21,257
42323,-19,-17,256
42326,-19,-17,256
42328,-21,-19,256
42331,-21,-19,256
42333,-18,-18,256
42336,-18,-18,256
42339,-20,-19,256
42341,-20,-19,256
42344,-15,-16,254
42346,-15,-16,254
42349,-17,-20,258
42352,-17,-20,258
42357,-18,-20,253
42362,-19,-16,257
42367,-21,-18,258
42372,-18,-20,260
42377,-22,-17,254
42382,-16,-20,257
42387,-18,-21,259
42392,-21,-17,256
42397,-21,-18,254
42402,-18,-18,255
42407,-19,-20,257
42412,-18,-18,255
42417,-18,-19,254
42422,-19,-18,256
42427,-22,-19,257
42432,-19,-20,255
42437,-19,-16,254
42442,-22,-23,256
42447,-22,-19,255
42452,-21,-15,254
42457,-20,-18,255
42462,-21,-21,256
42467,-21,-17,256
42472,-19,-19,254
42477,-18,-22,255
42482,-20,-19,256
42487,-19,-21,257
42492,-20,-20,253
42497,-20,-21,255
42502,-21,-18,256
42507,-21,-23,258
42512,-18,-18,256
42517,-19,-18,255
42522,-20,-18,255
42527,-21,-19,256
42532,-19,-21,256
42537,-19,-20,255
42542,-18,-18,255
42547,-19,-20,256
42552,-21,-19,254
42557,-20,-18,255
42562,-19,-20,255
42567,-21,-21,255
42572,-19,-17,256
42577,-17,-19,255
42582,-18,-21,256
42587,-19,-17,256
42592,-18,-20,254
42597,-18,-20,254
42602,-19,-20,254
42607,-20,-18,257
42612,-20,-20,257
42617,-20,-19,254
42622,-16,-18,257
42627,-17,-19,260
42632,-20,-20,258
42637,-23,-16,256
42642,-19,-19,254
42647,-18,-15,256
42652,-19,-19,259
42657,-18,-19,257
42662,-18,-18,255
42667,-18,-14,256
42672,-20,-19,257
42677,-22,-19,255
42682,-22,-16,254
42687,-16,-20,256
42692,-18,-18,256
42697,-20,-21,255
42702,-21,-15,254
42707,-20,-21,256
42712,-19,-18,256
42717,-19,-22,259
42722,-19,-17,255
42727,-16,-20,256
42732,-17,-19,258
42737,-22,-19,258
42742,-21,-17,255
42747,-19,-20,255
42752,-17,-17,256
42757,-17,-17,257
42762,-20,-22,256
42767,-20,-17,255
42772,-21,-19,257
42777,-20,-17,258
42782,-20,-21,257
42787,-19,-17,255
42792,-18,-20,256
42797,-19,-17,256
42802,-22,-18,256
42807,-19,-20,256
42812,-21,-17,254
42817,-20,-19,255
42822,-19,-19,256
42827,-22,-20,255
42832,-20,-16,257
42837,-19,-22,256
42842,-18,-18,256
42847,-22,-20,255
42852,-19,-21,256
42857,-17,-20,255
42862,-20,-18,256
42867,-20,-19,257
42872,-20,-20,253
42877,-20,-20,253
42882,-19,-17,255
42887,-18,-23,258
42892,-20,-17,259
42897,-20,-19,256
42902,-20,-19,254
42907,-17,-17,257
42912,-20,-18,256
42917,-17,-19,255
42922,-18,-16,257
42927,-18,-17,256
42932,-20,-19,254
42937,-18,-16,255
42942,-19,-19,259
42947,-20,-19,255
42952,-21,-17,256
42957,-18,-19,258
42962,-17,-23,259
42967,-17,-14,256
42972,-20,-19,256
42977,-18,-19,254
42982,-20,-20,256
42987,-21,-18,256
42992,-18,-23,256
42997,-21,-22,256
43002,-21,-17,255
43007,-16,-20,256
43012,-19,-19,258
43017,-21,-20,256
43022,-20,-18,256
43027,-21,-20,257
43032,-19,-20,255
43037,-19,-18,255
43042,-20,-20,255
43047,-20,-20,255
43052,-22,-18,256
43057,-24,-17,254
43062,-20,-19,255
43067,-16,-20,256
43072,-19,-15,255
43077,-23,-17,256
43082,-22,-20,256
43087,-18,-18,256
43092,-20,-19,255
43097,-19,-18,255
43102,-18,-19,254
43107,-21,-18,256
43112,-22,-19,256
43117,-21,-18,255
43122,-20,-21,254
43127,-19,-16,255
43132,-19,-18,255
43137,-17,-18,258
43142,-19,-24,256
43147,-23,-17,256
43152,-23,-17,256
[FEATURES] f0=-19355 f1=1684 f2=19428 f3=-24000 f4=-15000 f5=9000 f6=1356 f7=-18720 f8=1897 f9=18815 f10=-24000 f11=-14000 f12=10000 f13=1520 f14=255845 f15=1342 f16=255848 f17=253000 f18=260000 f19=7000 f20=1005
[SCALED_FEATURES] f0=3775 f1=-1214 f2=-1232 f3=1483 f4=-1207 f5=-1354 f6=-1207 f7=-2857 f8=-987 f9=-902 f10=1026 f11=-1047 f12=-1039 f13=-981 f14=-178 f15=-854 f16=-458 f17=1013 f18=-1028 f19=-1038 f20=-818
[FEATURES_X] mean=-19355 std=1684 rms=19428 min=-24000 max=-15000 p2p=9000 mad=1356
[FEATURES_Y] mean=-18720 std=1897 rms=18815 min=-24000 max=-14000 p2p=10000 mad=1520
[FEATURES_Z] mean=255845 std=1342 rms=255848 min=253000 max=260000 p2p=7000 mad=1005
[CLASS] CLASS=normal ID=0 scores_x1000=[7075,-456,-6618]
[CLASS_STATS] condition=normal total_windows=43
predicted_count=[43,0,0]
correct_windows=43
accuracy_x1000=1000
current_prediction=0
[CLASS_TIMING] sample_interval_ms=5 window_acquisition_ms=901 feature_extract_ms=7 inference_ms=1 total_cycle_ms=972
43251,-18,-18,255
43254,-18,-18,255
43256,-22,-18,255
43259,-22,-18,255
43262,-19,-17,255
43264,-19,-17,255
43267,-21,-20,260
43269,-21,-20,260
43272,-21,-17,256
43274,-21,-17,256
43277,-17,-18,255
43279,-17,-18,255
43282,-17,-20,258
43285,-17,-20,258
43287,-20,-14,256
43290,-20,-14,256
43292,-22,-19,255
43295,-22,-19,255
43297,-21,-18,254
43300,-18,-18,255
43303,-18,-18,255
43305,-19,-18,255
43308,-19,-18,255
43310,-19,-20,254
43313,-19,-20,254
43315,-17,-18,255
43318,-17,-18,255
43321,-21,-19,255
43323,-21,-19,255
43326,-21,-19,255
43328,-21,-19,255
43331,-19,-19,257
43334,-19,-19,257
43336,-17,-24,256
43339,-17,-24,256
43341,-18,-20,257
43344,-18,-20,257
43346,-17,-19,256
43349,-17,-19,256
43352,-18,-19,255
43357,-21,-21,254
43362,-21,-18,254
43367,-18,-22,256
43372,-19,-20,256
43377,-22,-17,255
43382,-18,-20,255
43387,-17,-19,255
43392,-16,-21,256
43397,-22,-18,256
43402,-20,-19,257
43407,-18,-18,256
43412,-17,-19,257
43417,-19,-16,255
43422,-19,-18,257
43427,-19,-18,257
43432,-17,-18,256
43437,-20,-18,258
43442,-19,-20,257
43447,-20,-19,255
43452,-18,-16,255
43457,-19,-17,257
43462,-16,-22,256
43467,-19,-19,254
43472,-18,-18,257
43477,-20,-18,260
43482,-19,-19,257
43487,-19,-16,254
43492,-19,-20,258
43497,-19,-17,255
43502,-22,-18,257
43507,-22,-17,256
43512,-17,-17,254
43517,-18,-18,257
43522,-20,-18,256
43527,-18,-16,256
43532,-19,-20,255
43537,-18,-21,256
43542,-21,-17,254
43547,-19,-19,256
43552,-17,-20,256
43557,-21,-21,256
43562,-17,-17,257
43567,-18,-21,256
43572,-19,-19,257
43577,-20,-20,255
43582,-17,-20,255
43587,-19,-21,256
43592,-17,-19,256
43597,-18,-20,257
43602,-20,-20,255
43607,-21,-17,254
43612,-22,-22,257
43617,-18,-17,255
43622,-19,-19,255
43627,-18,-19,256
43632,-18,-18,257
43637,-19,-18,256
43642,-20,-20,255
43647,-21,-17,256
43652,-20,-20,255
43657,-18,-21,257
43662,-21,-15,255
43667,-20,-18,255
43672,-20,-19,256
43677,-21,-19,256
43682,-19,-17,255
43687,-18,-23,256
43692,-19,-18,255
43697,-22,-20,256
43702,-19,-21,256
43707,-19,-21,256
43712,-19,-20,255
43717,-18,-22,254
43722,-20,-21,260
43727,-21,-19,257
43732,-14,-19,257
43737,-18,-22,259
43742,-21,-14,256
43747,-19,-21,255
43752,-17,-20,258
43757,-20,-19,256
43762,-16,-18,254
43767,-18,-22,255
43772,-22,-16,254
43777,-20,-16,257
43782,-20,-21,254
43787,-18,-19,256
43792,-18,-19,257
43797,-18,-19,256
43802,-18,-16,255
43807,-21,-17,257
43812,-22,-20,257
43817,-21,-15,255
43822,-20,-21,254
43827,-19,-18,255
43832,-19,-18,257
43837,-17,-20,255
43842,-20,-20,254
43847,-19,-16,256
43852,-23,-18,256
43857,-20,-22,255
43862,-22,-17,256
43867,-17,-21,256
43872,-18,-20,257
43877,-20,-20,256
43882,-19,-19,257
43887,-19,-21,257
43892,-19,-21,255
43897,-18,-21,255
43902,-18,-21,257
43907,-20,-18,255
43912,-19,-21,255
43917,-21,-20,256
43922,-21,-19,254
43927,-20,-20,257
43932,-20,-23,256
43937,-19,-18,255
43942,-20,-23,255
43947,-20,-18,255
43952,-20,-18,256
43957,-19,-19,255
43962,-20,-19,256
43967,-20,-16,254
43972,-18,-22,256
43977,-20,-19,256
43982,-20,-19,256
43987,-19,-18,256
43992,-19,-19,254
43997,-22,-20,255
44002,-20,-20,258
44007,-16,-15,257
44012,-17,-19,255
44017,-17,-16,256
44022,-21,-19,258
44027,-18,-15,256
44032,-21,-17,253
44037,-20,-21,259
44042,-18,-17,255
44047,-19,-18,257
44052,-19,-18,256
44057,-19,-21,258
44062,-20,-17,259
44067,-21,-21,254
44072,-17,-15,253
44077,-18,-19,259
44082,-17,-20,257
44087,-20,-18,256
44092,-22,-19,255
44097,-21,-19,255
44102,-21,-21,258
44107,-20,-19,256
44112,-20,-19,254
44117,-20,-17,256
44122,-20,-21,256
44127,-19,-18,256
44132,-19,-19,256
44137,-18,-18,256
44142,-19,-22,257
44147,-17,-16,255
44152,-20,-19,255
[FEATURES] f0=-19195 f1=1577 f2=19259 f3=-23000 f4=-14000 f5=9000 f6=1286 f7=-18885 f8=1852 f9=18975 f10=-24000 f11=-14000 f12=10000 f13=1434 f14=255855 f15=1289 f16=255858 f17=253000 f18=260000 f19=7000 f20=985
[SCALED_FEATURES] f0=3831 f1=-1216 f2=-1235 f3=1494 f4=-1197 f5=-1354 f6=-1209 f7=-2907 f8=-987 f9=-901 f10=1026 f11=-1047 f12=-1039 f13=-982 f14=-177 f15=-855 f16=-457 f17=1013 f18=-1028 f19=-1038 f20=-818
[FEATURES_X] mean=-19195 std=1577 rms=19259 min=-23000 max=-14000 p2p=9000 mad=1286
[FEATURES_Y] mean=-18885 std=1852 rms=18975 min=-24000 max=-14000 p2p=10000 mad=1434
[FEATURES_Z] mean=255855 std=1289 rms=255858 min=253000 max=260000 p2p=7000 mad=985
[CLASS] CLASS=normal ID=0 scores_x1000=[7142,-396,-6746]
[CLASS_STATS] condition=normal total_windows=44
predicted_count=[44,0,0]
correct_windows=44
accuracy_x1000=1000
current_prediction=0
[CLASS_TIMING] sample_interval_ms=5 window_acquisition_ms=901 feature_extract_ms=7 inference_ms=0 total_cycle_ms=971
44251,-18,-20,256
44254,-21,-16,257
44256,-21,-16,257
44259,-19,-17,259
44261,-19,-17,259
44264,-20,-18,255
44266,-20,-18,255
44269,-20,-18,257
44272,-20,-18,257
44274,-20,-18,256
44277,-20,-18,256
44279,-19,-20,256
44282,-19,-20,256
44284,-20,-17,258
44287,-20,-17,258
44290,-21,-18,257
44292,-21,-18,257
44295,-17,-20,256
44297,-17,-20,256
44300,-17,-19,256
44302,-17,-19,256
44305,-19,-20,253
44308,-19,-20,253
44310,-21,-18,257
44313,-21,-18,257
44315,-21,-20,254
44318,-21,-20,254
44320,-19,-19,256
44323,-19,-19,256
44326,-18,-16,257
44328,-18,-16,257
44331,-21,-21,258
44333,-21,-21,258
44336,-18,-16,256
44338,-18,-16,256
44341,-15,-20,256
44344,-15,-20,256
44346,-18,-15,255
44349,-18,-15,255
44352,-20,-21,255
44357,-18,-20,256
44362,-21,-16,255
44367,-20,-21,258
44372,-20,-20,258
44377,-22,-20,256
44382,-22,-17,256
44387,-18,-20,257
44392,-18,-16,256
44397,-18,-20,257
44402,-19,-15,256
44407,-22,-16,255
44412,-16,-20,256
44417,-21,-17,256
44422,-21,-18,256
44427,-17,-21,256
44432,-18,-20,256
44437,-21,-17,255
44442,-20,-22,254
44447,-20,-18,254
44452,-23,-16,254
44457,-17,-18,257
44462,-19,-21,257
44467,-18,-17,258
44472,-21,-20,256
44477,-21,-20,255
44482,-21,-20,255
44487,-19,-19,254
44492,-21,-19,256
44497,-20,-21,258
44502,-21,-16,255
44507,-23,-20,255
44512,-22,-14,256
44517,-21,-24,254
44522,-20,-18,255
44527,-19,-20,255
44532,-17,-19,255
44537,-17,-19,255
44542,-19,-23,255
44547,-21,-16,255
44552,-19,-18,256
44557,-21,-20,256
44562,-21,-15,255
44567,-18,-20,257
44572,-17,-16,256
44577,-19,-19,261
44582,-19,-20,256
44587,-21,-16,254
44592,-18,-17,257
44597,-18,-21,258
44602,-20,-19,257
44607,-18,-16,254
44612,-17,-21,257
44617,-20,-18,259
44622,-21,-18,255
44627,-15,-18,255
44632,-18,-19,256
44637,-17,-17,257
44642,-19,-22,256
44647,-17,-18,253
44652,-22,-19,255
44657,-17,-21,257
44662,-19,-19,255
44667,-19,-17,255
44672,-16,-20,256
44677,-15,-18,257
44682,-23,-18,255
44687,-20,-20,254
44692,-20,-19,255
44697,-17,-20,257
44702,-21,-18,256
44707,-18,-21,256
44712,-21,-17,255
44717,-20,-22,256
44722,-20,-20,258
44727,-21,-18,255
44732,-18,-20,255
44737,-19,-19,255
44742,-18,-19,256
44747,-19,-23,255
44752,-20,-19,256
44757,-22,-16,255
44762,-17,-22,257
44767,-20,-18,256
44772,-21,-19,256
44777,-16,-21,254
44782,-18,-20,256
44787,-18,-20,257
44792,-19,-20,256
44797,-19,-19,255
44802,-19,-19,256
44807,-20,-19,256
44812,-20,-19,256
44817,-22,-16,255
44822,-22,-19,255
44827,-19,-18,256
44832,-20,-17,255
44837,-18,-16,255
44842,-18,-23,261
44847,-19,-16,257
44852,-19,-17,253
44857,-17,-19,254
44862,-20,-21,258
44867,-20,-16,255
44872,-19,-20,253
44877,-17,-17,257
44882,-19,-18,255
44887,-19,-19,255
44892,-18,-16,254
44897,-20,-20,256
44902,-20,-20,256
44907,-19,-17,256
44912,-16,-19,254
44917,-18,-20,257
44922,-21,-17,255
44927,-21,-19,254
44932,-19,-18,255
44937,-20,-18,257
44942,-23,-20,256
44947,-19,-18,254
44952,-20,-17,256
44957,-17,-18,257
44962,-19,-21,257
44967,-21,-18,255
44972,-17,-17,256
44977,-18,-21,257
44982,-22,-19,255
44987,-20,-19,256
44992,-19,-23,255
44997,-20,-17,255
45002,-22,-18,255
45007,-19,-20,255
45012,-18,-19,256
45017,-18,-21,256
45022,-21,-18,256
45027,-20,-18,255
45032,-19,-18,255
45037,-20,-22,255
45042,-19,-16,253
45047,-21,-23,256
45052,-19,-19,255
45057,-21,-17,256
45062,-20,-18,256
45067,-22,-20,255
45072,-19,-19,255
45077,-17,-19,257
45082,-20,-19,255
45087,-20,-19,255
45092,-19,-19,255
45097,-20,-22,258
45102,-20,-17,254
45107,-20,-20,254
45112,-18,-21,256
45117,-22,-19,258
45122,-18,-15,254
45127,-19,-18,257
45132,-20,-20,259
45137,-19,-15,259
45142,-21,-23,256
45147,-21,-21,257
45152,-19,-18,258
[FEATURES] f0=-19345 f1=1660 f2=19416 f3=-23000 f4=-15000 f5=8000 f6=1358 f7=-18745 f8=1899 f9=18841 f10=-24000 f11=-14000 f12=10000 f13=1543 f14=255870 f15=1357 f16=255873 f17=253000 f18=261000 f19=8000 f20=1023
[SCALED_FEATURES] f0=3778 f1=-1215 f2=-1232 f3=1494 f4=-1207 f5=-1360 f6=-1207 f7=-2864 f8=-987 f9=-902 f10=1026 f11=-1047 f12=-1039 f13=-981 f14=-176 f15=-854 f16=-457 f17=1013 f18=-1019 f19=-1033 f20=-818
[FEATURES_X] mean=-19345 std=1660 rms=19416 min=-23000 max=-15000 p2p=8000 mad=1358
[FEATURES_Y] mean=-18745 std=1899 rms=18841 min=-24000 max=-14000 p2p=10000 mad=1543
[FEATURES_Z] mean=255870 std=1357 rms=255873 min=253000 max=261000 p2p=8000 mad=1023
[CLASS] CLASS=normal ID=0 scores_x1000=[7096,-451,-6645]
[CLASS_STATS] condition=normal total_windows=45
predicted_count=[45,0,0]
correct_windows=45
accuracy_x1000=1000
current_prediction=0
[CLASS_TIMING] sample_interval_ms=5 window_acquisition_ms=901 feature_extract_ms=7 inference_ms=1 total_cycle_ms=972
45251,-19,-20,254
45254,-19,-20,254
45256,-18,-19,256
45259,-18,-19,256
45262,-18,-20,258
45264,-18,-20,258
45267,-19,-17,255
45269,-19,-17,255
45272,-18,-16,258
45274,-18,-16,258
45277,-22,-17,254
45279,-22,-17,254
45282,-20,-18,256
45285,-20,-18,256
45287,-19,-16,256
45290,-19,-16,256
45292,-18,-19,255
45295,-18,-19,255
45297,-18,-17,256
45300,-18,-17,256
45303,-21,-19,258
45305,-21,-19,258
45308,-16,-18,255
45310,-16,-18,255
45313,-20,-18,257
45315,-20,-18,257
45318,-21,-17,256
45321,-21,-17,256
45323,-18,-17,256
45326,-18,-17,256
45328,-17,-18,258
45331,-17,-18,258
45334,-21,-15,256
45336,-21,-15,256
45339,-17,-20,256
45341,-17,-20,256
45344,-18,-18,261
45346,-18,-18,261
45349,-19,-18,256
45352,-18,-19,256
45357,-19,-22,255
45362,-19,-22,255
45367,-20,-16,256
45372,-20,-21,255
45377,-18,-15,255
45382,-19,-20,256
45387,-20,-20,256
45392,-21,-18,257
45397,-16,-20,255
45402,-16,-19,257
45407,-20,-24,259
45412,-19,-19,257
45417,-18,-20,255
45422,-19,-15,255
45427,-19,-21,258
45432,-18,-21,257
45437,-20,-16,256
45442,-21,-20,256
45447,-22,-21,258
45452,-21,-19,255
45457,-16,-15,257
45462,-15,-21,259
45467,-17,-19,254
45472,-20,-16,254
45477,-21,-16,255
45482,-19,-19,257
45487,-19,-18,254
45492,-21,-21,256
45497,-18,-16,255
45502,-16,-18,256
45507,-19,-19,257
45512,-21,-16,256
45517,-18,-18,256
45522,-18,-20,257
45527,-20,-19,257
45532,-21,-16,255
45537,-19,-22,255
45542,-18,-18,255
45547,-21,-18,255
45552,-20,-20,256
45557,-21,-20,257
45562,-18,-17,255
45567,-20,-21,255
45572,-19,-17,256
45577,-19,-23,256
45582,-18,-20,256
45587,-22,-20,257
45592,-19,-21,255
45597,-23,-19,254
45602,-20,-20,253
45607,-18,-20,256
45612,-20,-21,255
45617,-22,-18,254
45622,-20,-19,257
45627,-16,-21,255
45632,-19,-19,255
45637,-17,-19,254
45642,-17,-19,254
45647,-20,-21,257
45652,-20,-19,254
45657,-21,-19,256
45662,-21,-20,256
45667,-19,-16,258
45672,-20,-19,260
45677,-19,-16,255
45682,-16,-14,255
45687,-17,-19,256
45692,-19,-20,259
45697,-22,-14,256
45702,-22,-19,256
45707,-17,-20,254
45712,-17,-16,257
45717,-18,-21,257
45722,-20,-18,255
45727,-20,-15,255
45732,-21,-19,257
45737,-18,-18,259
45742,-19,-15,255
45747,-18,-22,257
45752,-17,-20,258
45757,-19,-20,257
45762,-19,-18,255
45767,-20,-20,254
45772,-19,-19,256
45777,-19,-21,257
45782,-18,-22,255
45787,-19,-17,253
45792,-20,-21,255
45797,-19,-16,256
45802,-20,-20,255
45807,-19,-19,254
45812,-19,-22,255
45817,-20,-17,256
45822,-19,-20,256
45827,-21,-19,255
45832,-24,-18,257
45837,-19,-18,255
45842,-17,-19,255
45847,-22,-16,255
45852,-19,-19,256
45857,-19,-22,255
45862,-23,-18,256
45867,-22,-19,255
45872,-21,-20,254
45877,-19,-20,256
45882,-20,-18,255
45887,-20,-18,256
45892,-18,-18,255
45897,-21,-21,255
45902,-19,-18,254
45907,-21,-17,255
45912,-19,-21,256
45917,-19,-21,256
45922,-21,-18,255
45927,-22,-17,256
45932,-18,-21,256
45937,-20,-22,255
45942,-18,-18,255
45947,-13,-19,257
45952,-18,-19,259
45957,-20,-17,257
45962,-15,-17,255
45967,-19,-18,254
45972,-18,-18,255
45977,-19,-19,255
45982,-18,-17,256
45987,-16,-17,255
45992,-20,-22,258
45997,-20,-16,255
46002,-19,-18,254
46007,-19,-21,258
46012,-19,-18,257
46017,-19,-17,257
46022,-17,-20,256
46027,-18,-17,256
46032,-21,-18,257
46037,-20,-20,256
46042,-23,-17,253
46047,-20,-16,255
46052,-18,-18,257
46057,-19,-19,258
46062,-19,-17,255
46067,-19,-21,255
46072,-18,-17,255
46077,-20,-19,256
46082,-18,-20,255
46087,-19,-19,254
46092,-19,-18,255
46097,-18,-21,258
46102,-21,-18,254
46107,-21,-20,255
46112,-21,-22,255
46117,-19,-18,256
46122,-20,-19,258
46127,-19,-22,256
46132,-20,-18,255
46137,-19,-18,255
46142,-17,-22,256
46147,-21,-19,256
46152,-22,-19,257
[FEATURES] f0=-19165 f1=1672 f2=19237 f3=-24000 f4=-13000 f5=11000 f6=1289 f7=-18680 f8=1883 f9=18774 f10=-24000 f11=-14000 f12=10000 f13=1532 f14=255885 f15=1379 f16=255888 f17=253000 f18=261000 f19=8000 f20=1048
[SCALED_FEATURES] f0=3842 f1=-1215 f2=-1236 f3=1483 f4=-1186 f5=-1343 f6=-1208 f7=-2844 f8=-987 f9=-902 f10=1026 f11=-1047 f12=-1039 f13=-981 f14=-174 f15=-854 f16=-456 f17=1013 f18=-1019 f19=-1033 f20=-817
[FEATURES_X] mean=-19165 std=1672 rms=19237 min=-24000 max=-13000 p2p=11000 mad=1289
[FEATURES_Y] mean=-18680 std=1883 rms=18774 min=-24000 max=-14000 p2p=10000 mad=1532
[FEATURES_Z] mean=255885 std=1379 rms=255888 min=253000 max=261000 p2p=8000 mad=1048
[CLASS] CLASS=normal ID=0 scores_x1000=[7191,-361,-6829]
[CLASS_STATS] condition=normal total_windows=46
predicted_count=[46,0,0]
correct_windows=46
accuracy_x1000=1000
current_prediction=0
[CLASS_TIMING] sample_interval_ms=5 window_acquisition_ms=901 feature_extract_ms=7 inference_ms=1 total_cycle_ms=972
46251,-21,-21,257
46254,-20,-20,256
46257,-20,-20,256
46259,-18,-16,255
46262,-18,-16,255
46264,-18,-20,258
46267,-18,-20,258
46269,-21,-14,257
46272,-21,-14,257
46275,-21,-19,254
46277,-21,-19,254
46280,-18,-17,258
46282,-18,-17,258
46285,-21,-17,258
46287,-21,-17,258
46290,-19,-22,257
46293,-19,-22,257
46295,-19,-19,256
46298,-19,-19,256
46300,-20,-19,255
46303,-20,-19,255
46305,-18,-19,253
46308,-18,-19,253
46311,-20,-22,256
46313,-20,-22,256
46316,-22,-17,253
46318,-22,-17,253
46321,-19,-21,257
46323,-19,-21,257
46326,-19,-21,256
46329,-19,-21,256
46331,-20,-16,256
46334,-20,-16,256
46336,-20,-19,255
46339,-20,-19,255
46341,-21,-20,260
46344,-21,-20,260
46347,-16,-17,257
46349,-16,-17,257
46352,-18,-20,258
46357,-20,-22,256
46362,-21,-18,257
46367,-17,-21,258
46372,-19,-20,254
46377,-20,-19,256
46382,-20,-18,255
46387,-20,-20,257
46392,-18,-17,256
46397,-19,-20,256
46402,-19,-21,257
46407,-20,-17,254
46412,-19,-17,255
46417,-21,-19,255
46422,-21,-20,255
46427,-21,-20,255
46432,-18,-20,255
46437,-20,-16,254
46442,-23,-20,255
46447,-23,-20,255
46452,-20,-21,255
46457,-18,-16,256
46462,-20,-23,254
46467,-18,-17,255
46472,-18,-17,255
46477,-20,-18,255
46482,-19,-21,257
46487,-22,-19,254
46492,-21,-20,256
46497,-19,-19,262
46502,-19,-21,257
46507,-17,-20,255
46512,-18,-18,255
46517,-19,-17,258
46522,-17,-20,259
46527,-20,-19,255
46532,-21,-18,256
46537,-19,-20,260
46542,-19,-22,256
46547,-18,-15,254
46552,-21,-22,255
46557,-20,-22,255
46562,-18,-17,258
46567,-20,-18,254
46572,-18,-17,254
46577,-18,-20,259
46582,-19,-16,257
46587,-21,-22,256
46592,-21,-15,253
46597,-20,-19,255
46602,-19,-18,257
46607,-20,-16,255
46612,-17,-19,255
46617,-18,-20,255
46622,-20,-17,255
46627,-19,-18,256
46632,-19,-20,256
46637,-18,-16,255
46642,-19,-21,255
46647,-16,-18,254
46652,-20,-21,256
46657,-19,-21,256
46662,-21,-19,254
46667,-20,-18,256
46672,-18,-22,257
46677,-20,-18,255
46682,-19,-17,256
46687,-18,-22,255
46692,-18,-21,256
46697,-22,-19,254
46702,-18,-20,256
46707,-20,-20,256
46712,-22,-18,256
46717,-21,-20,255
46722,-19,-18,256
46727,-21,-17,255
46732,-19,-19,256
46737,-20,-19,256
46742,-21,-18,256
46747,-21,-18,256
46752,-18,-20,256
46757,-18,-17,256
46762,-21,-17,254
46767,-18,-18,254
46772,-21,-16,261
46777,-21,-17,257
46782,-20,-15,253
46787,-19,-17,255
46792,-17,-18,259
46797,-21,-21,262
46802,-20,-16,257
46807,-19,-15,254
46812,-16,-21,256
46817,-19,-16,256
46822,-20,-20,256
46827,-17,-20,255
46832,-20,-16,254
46837,-18,-18,256
46842,-19,-21,256
46847,-18,-19,258
46852,-22,-18,256
46857,-17,-21,255
46862,-18,-19,258
46867,-21,-20,255
46872,-22,-18,255
46877,-19,-17,256
46882,-20,-19,257
46887,-19,-20,256
46892,-18,-17,256
46897,-16,-20,255
46902,-19,-21,255
46907,-22,-17,256
46912,-23,-17,255
46917,-19,-21,256
46922,-20,-15,256
46927,-20,-19,255
46932,-18,-22,254
46937,-20,-16,255
46942,-20,-22,255
46947,-21,-18,256
46952,-21,-20,256
46957,-17,-15,255
46962,-17,-22,257
46967,-19,-16,256
46972,-23,-21,256
46977,-23,-19,255
46982,-20,-18,256
46987,-21,-19,256
46992,-20,-21,255
46997,-21,-17,255
47002,-20,-16,256
47007,-19,-21,257
47012,-23,-18,253
47017,-18,-19,257
47022,-19,-18,256
47027,-19,-18,256
47032,-21,-18,254
47037,-21,-19,255
47042,-20,-24,256
47047,-19,-17,255
47052,-20,-19,255
47057,-17,-17,252
47062,-19,-19,258
47067,-18,-19,261
47072,-17,-18,257
47077,-20,-17,253
47082,-19,-20,255
47087,-19,-20,259
47092,-20,-17,257
47097,-20,-18,256
47102,-20,-19,255
47107,-20,-17,258
47112,-19,-19,258
47117,-19,-21,256
47122,-20,-16,254
47127,-19,-20,257
47132,-16,-20,257
47137,-19,-14,255
47142,-17,-23,256
47147,-20,-20,256
47152,-19,-20,257
[FEATURES] f0=-19450 f1=1502 f2=19507 f3=-23000 f4=-16000 f5=7000 f6=1224 f7=-18785 f8=1989 f9=18890 f10=-24000 f11=-14000 f12=10000 f13=1652 f14=255905 f15=1604 f16=255910 f17=252000 f18=262000 f19=10000 f20=1150
[SCALED_FEATURES] f0=3741 f1=-1218 f2=-1230 f3=1494 f4=-1218 f5=-1365 f6=-1210 f7=-2877 f8=-987 f9=-902 f10=1026 f11=-1047 f12=-1039 f13=-980 f14=-172 f15=-850 f16=-456 f17=1002 f18=-1009 f19=-1022 f20=-816
[FEATURES_X] mean=-19450 std=1502 rms=19507 min=-23000 max=-16000 p2p=7000 mad=1224
[FEATURES_Y] mean=-18785 std=1989 rms=18890 min=-24000 max=-14000 p2p=10000 mad=1652
[FEATURES_Z] mean=255905 std=1604 rms=255910 min=252000 max=262000 p2p=10000 mad=1150
[CLASS] CLASS=normal ID=0 scores_x1000=[7069,-495,-6574]
[CLASS_STATS] condition=normal total_windows=47
predicted_count=[47,0,0]
correct_windows=47
accuracy_x1000=1000
current_prediction=0
[CLASS_TIMING] sample_interval_ms=5 window_acquisition_ms=901 feature_extract_ms=7 inference_ms=1 total_cycle_ms=972
47251,-22,-20,256
47254,-18,-17,255
47257,-18,-17,255
47259,-18,-20,257
47262,-18,-21,256
47264,-18,-21,256
47267,-19,-20,258
47269,-19,-20,258
47272,-18,-18,257
47275,-18,-18,257
47277,-19,-20,257
47280,-19,-20,257
47282,-18,-17,255
47285,-18,-17,255
47287,-18,-19,258
47290,-18,-19,258
47293,-19,-23,256
47295,-19,-23,256
47298,-19,-15,256
47300,-19,-15,256
47303,-18,-17,256
47305,-18,-17,256
47308,-20,-19,257
47311,-20,-19,257
47313,-18,-17,255
47316,-18,-17,255
47318,-20,-16,257
47321,-20,-16,257
47323,-24,-19,255
47326,-24,-19,255
47329,-19,-20,256
47331,-19,-20,256
47334,-16,-19,260
47336,-16,-19,260
47339,-18,-20,256
47341,-18,-20,256
47344,-17,-16,255
47347,-17,-16,255
47349,-21,-19,259
47352,-21,-19,259
47357,-19,-18,258
47362,-22,-19,255
47367,-19,-17,254
47372,-16,-24,256
47377,-17,-19,256
47382,-18,-18,256
47387,-16,-18,256
47392,-18,-20,256
47397,-20,-22,257
47402,-19,-21,257
47407,-18,-18,257
47412,-16,-20,255
47417,-19,-20,257
47422,-21,-18,257
47427,-21,-18,256
47432,-19,-20,256
47437,-21,-19,256
47442,-19,-18,258
47447,-16,-20,256
47452,-19,-17,257
47457,-20,-19,256
47462,-18,-20,256
47467,-20,-17,256
47472,-20,-20,255
47477,-20,-17,253
47482,-22,-20,256
47487,-21,-18,255
47492,-21,-20,257
47497,-19,-16,256
47502,-23,-21,255
47507,-17,-20,255
47512,-19,-18,256
47517,-18,-19,254
47522,-21,-21,254
47527,-21,-22,255
47532,-18,-18,257
47537,-20,-24,257
47542,-18,-21,253
47547,-20,-20,254
47552,-21,-14,256
47557,-19,-22,257
47562,-19,-22,256
47567,-20,-18,256
47572,-18,-21,254
47577,-19,-20,255
47582,-19,-20,255
47587,-19,-18,256
47592,-21,-20,254
47597,-18,-18,254
47602,-22,-17,254
47607,-22,-17,258
47612,-21,-17,254
47617,-15,-18,255
47622,-17,-14,258
47627,-22,-19,257
47632,-18,-19,256
47637,-19,-19,255
47642,-19,-16,255
47647,-21,-22,256
47652,-21,-19,256
47657,-20,-17,254
47662,-21,-19,254
47667,-21,-17,256
47672,-20,-22,256
47677,-20,-17,255
47682,-19,-19,255
47687,-17,-19,257
47692,-19,-23,256
47697,-20,-17,255
47702,-20,-18,257
47707,-18,-20,256
47712,-22,-19,257
47717,-21,-21,255
47722,-21,-18,254
47727,-20,-17,258
47732,-22,-20,255
47737,-21,-21,256
47742,-20,-16,256
47747,-22,-18,256
47752,-20,-19,257
47757,-20,-19,256
47762,-18,-18,255
47767,-22,-20,257
47772,-21,-17,255
47777,-21,-18,253
47782,-21,-19,254
47787,-18,-18,256
47792,-17,-21,256
47797,-20,-17,254
47802,-21,-18,256
47807,-18,-20,255
47812,-22,-20,256
47817,-19,-16,255
47822,-18,-23,255
47827,-16,-18,256
47832,-18,-20,256
47837,-19,-20,257
47842,-20,-19,255
47847,-20,-19,255
47852,-18,-20,256
47857,-18,-20,256
47862,-18,-21,255
47867,-17,-17,256
47872,-19,-19,256
47877,-22,-17,257
47882,-19,-15,254
47887,-18,-20,254
47892,-16,-19,255
47897,-19,-15,257
47902,-20,-22,255
47907,-19,-14,255
47912,-22,-17,256
47917,-17,-19,255
47922,-20,-19,256
47927,-20,-20,255
47932,-18,-16,254
47937,-17,-20,256
47942,-18,-16,256
47947,-22,-19,257
47952,-19,-18,253
47957,-16,-20,255
47962,-15,-18,257
47967,-20,-18,257
47972,-17,-18,254
47977,-19,-23,255
47982,-22,-18,257
47987,-22,-20,256
47992,-19,-22,256
47997,-19,-17,255
48002,-19,-18,256
48007,-17,-20,256
48012,-20,-19,257
48017,-19,-16,257
48022,-20,-20,255
48027,-21,-17,256
48032,-20,-19,256
48037,-18,-18,255
48042,-21,-16,255
48047,-21,-18,256
48052,-20,-18,257
48057,-21,-16,255
48062,-20,-17,256
48067,-19,-20,255
48072,-20,-16,255
48077,-21,-20,256
48082,-18,-20,255
48087,-22,-19,255
48092,-19,-17,256
48097,-20,-19,256
48102,-19,-17,254
48107,-19,-19,256
48112,-19,-21,255
48117,-23,-19,255
48122,-21,-19,255
48127,-18,-20,255
48132,-17,-22,254
48137,-17,-22,254
48142,-18,-19,256
48147,-19,-18,254
48152,-20,-18,254
[FEATURES] f0=-19285 f1=1706 f2=19360 f3=-24000 f4=-15000 f5=9000 f6=1384 f7=-18800 f8=1902 f9=18896 f10=-24000 f11=-14000 f12=10000 f13=1507 f14=255770 f15=1211 f16=255772 f17=253000 f18=260000 f19=7000 f20=941
[SCALED_FEATURES] f0=3800 f1=-1214 f2=-1233 f3=1483 f4=-1207 f5=-1354 f6=-1206 f7=-2881 f8=-987 f9=-902 f10=1026 f11=-1047 f12=-1039 f13=-981 f14=-186 f15=-856 f16=-460 f17=1013 f18=-1028 f19=-1038 f20=-819
[FEATURES_X] mean=-19285 std=1706 rms=19360 min=-24000 max=-15000 p2p=9000 mad=1384
[FEATURES_Y] mean=-18800 std=1902 rms=18896 min=-24000 max=-14000 p2p=10000 mad=1507
[FEATURES_Z] mean=255770 std=1211 rms=255772 min=253000 max=260000 p2p=7000 mad=941
[CLASS] CLASS=normal ID=0 scores_x1000=[7098,-430,-6668]
[CLASS_STATS] condition=normal total_windows=48
predicted_count=[48,0,0]
correct_windows=48
accuracy_x1000=1000
current_prediction=0
[CLASS_TIMING] sample_interval_ms=5 window_acquisition_ms=901 feature_extract_ms=7 inference_ms=0 total_cycle_ms=971
48251,-19,-18,255
48254,-19,-18,255
48256,-21,-16,255
48259,-21,-16,255
48261,-19,-18,252
48264,-19,-18,252
48266,-21,-18,258
48269,-21,-18,258
48272,-19,-15,255
48274,-19,-15,255
48277,-17,-17,258
48279,-17,-17,258
48282,-17,-19,259
48284,-17,-19,259
48287,-20,-17,254
48290,-20,-17,254
48292,-19,-17,254
48295,-19,-17,254
48297,-20,-20,260
48300,-20,-20,260
48302,-20,-13,254
48305,-20,-13,254
48308,-20,-19,258
48310,-20,-19,258
48313,-21,-21,257
48315,-21,-21,257
48318,-21,-17,256
48320,-21,-17,256
48323,-21,-19,255
48326,-21,-19,255
48328,-26,-20,256
48331,-26,-20,256
48333,-19,-19,255
48336,-19,-19,255
48339,-18,-21,260
48341,-18,-21,260
48344,-17,-21,255
48346,-20,-18,255
48349,-20,-18,255
48352,-21,-23,257
48357,-20,-19,255
48362,-21,-19,255
48367,-22,-19,254
48372,-21,-22,254
48377,-18,-18,256
48382,-19,-20,257
48387,-20,-21,256
48392,-20,-18,255
48397,-20,-19,254
48402,-18,-21,256
48407,-20,-20,256
48412,-20,-20,256
48417,-21,-19,255
48422,-22,-18,256
48427,-19,-15,256
48432,-17,-21,257
48437,-21,-21,257
48442,-22,-19,257
48447,-16,-16,255
48452,-19,-17,256
48457,-18,-16,258
48462,-18,-19,258
48467,-20,-17,258
48472,-20,-17,257
48477,-19,-20,255
48482,-18,-17,256
48487,-20,-21,257
48492,-19,-19,256
48497,-19,-18,255
48502,-21,-12,256
48507,-17,-22,259
48512,-16,-20,257
48517,-21,-17,256
48522,-20,-20,255
48527,-18,-20,254
48532,-18,-18,259
48537,-21,-19,257
48542,-21,-21,256
48547,-18,-19,254
48552,-16,-20,256
48557,-19,-18,256
48562,-21,-19,255
48567,-20,-18,255
48572,-21,-18,257
48577,-18,-17,256
48582,-18,-21,258
48587,-19,-19,255
48592,-19,-16,256
48597,-20,-21,257
48602,-20,-19,257
48607,-21,-18,256
48612,-20,-18,255
48617,-19,-20,256
48622,-17,-17,257
48627,-19,-20,255
48632,-19,-17,254
48637,-19,-20,255
48642,-20,-20,255
48647,-22,-18,255
48652,-20,-17,255
48657,-18,-20,255
48662,-20,-21,256
48667,-20,-16,255
48672,-20,-22,255
48677,-19,-17,257
48682,-18,-20,256
48687,-18,-18,255
48692,-18,-18,255
48697,-18,-20,257
48702,-19,-19,261
48707,-19,-21,257
48712,-17,-19,256
48717,-19,-18,259
48722,-18,-21,257
48727,-19,-16,255
48732,-20,-18,257
48737,-18,-22,258
48742,-18,-17,264
48747,-19,-16,257
48752,-16,-18,256
48757,-17,-18,260
48762,-19,-19,256
48767,-20,-15,256
48772,-20,-18,255
48777,-18,-19,255
48782,-20,-20,255
48787,-17,-18,256
48792,-18,-17,256
48797,-19,-20,257
48802,-20,-17,256
48807,-20,-16,254
48812,-21,-18,255
48817,-19,-18,256
48822,-19,-18,255
48827,-17,-21,255
48832,-18,-18,255
48837,-19,-19,257
48842,-19,-19,256
48847,-20,-18,257
48852,-18,-22,258
48857,-20,-21,254
48862,-19,-19,255
48867,-22,-19,256
48872,-18,-20,256
48877,-21,-15,254
48882,-21,-22,254
48887,-17,-22,257
48892,-20,-18,256
48897,-17,-18,256
48902,-18,-18,255
48907,-21,-18,256
48912,-19,-18,255
48917,-20,-22,255
48922,-20,-19,256
48927,-21,-19,257
48932,-20,-20,256
48937,-21,-18,256
48942,-21,-18,255
48947,-20,-20,257
48952,-19,-15,255
48957,-18,-20,256
48962,-17,-21,256
48967,-17,-21,256
48972,-19,-16,256
48977,-17,-19,254
48982,-21,-20,257
48987,-21,-20,256
48992,-19,-18,256
48997,-17,-18,256
49002,-19,-17,258
49007,-18,-20,258
49012,-20,-16,254
49017,-20,-17,254
49022,-19,-18,256
49027,-21,-21,257
49032,-18,-16,256
49037,-19,-19,253
49042,-16,-20,255
49047,-22,-20,256
49052,-21,-18,255
49057,-19,-19,256
49062,-20,-18,257
49067,-20,-20,257
49072,-20,-20,254
49077,-18,-17,256
49082,-16,-24,255
49087,-18,-21,256
49092,-21,-18,256
49097,-20,-19,255
49102,-19,-20,255
49107,-19,-17,257
49112,-17,-22,257
49117,-20,-17,256
49122,-21,-18,254
49127,-15,-18,256
49132,-20,-20,257
49137,-19,-19,257
49142,-20,-19,255
49147,-19,-19,254
49152,-21,-17,256
[FEATURES] f0=-19320 f1=1586 f2=19385 f3=-26000 f4=-15000 f5=11000 f6=1246 f7=-18670 f8=1873 f9=18763 f10=-24000 f11=-12000 f12=12000 f13=1486 f14=256005 f15=1563 f16=256009 f17=252000 f18=264000 f19=12000 f20=1106
[SCALED_FEATURES] f0=3787 f1=-1216 f2=-1233 f3=1460 f4=-1207 f5=-1343 f6=-1209 f7=-2841 f8=-987 f9=-902 f10=1026 f11=-1039 f12=-1036 f13=-981 f14=-162 f15=-851 f16=-452 f17=1002 f18=-989 f19=-1011 f20=-816
[FEATURES_X] mean=-19320 std=1586 rms=19385 min=-26000 max=-15000 p2p=11000 mad=1246
[FEATURES_Y] mean=-18670 std=1873 rms=18763 min=-24000 max=-12000 p2p=12000 mad=1486
[FEATURES_Z] mean=256005 std=1563 rms=256009 min=252000 max=264000 p2p=12000 mad=1106
[CLASS] CLASS=normal ID=0 scores_x1000=[7163,-406,-6757]
[CLASS_STATS] condition=normal total_windows=49
predicted_count=[49,0,0]
correct_windows=49
accuracy_x1000=1000
current_prediction=0
[CLASS_TIMING] sample_interval_ms=5 window_acquisition_ms=901 feature_extract_ms=7 inference_ms=1 total_cycle_ms=972
49251,-20,-20,254
49254,-20,-16,255
49257,-20,-16,255
49259,-19,-20,256
49262,-19,-20,256
49264,-20,-22,257
49267,-20,-22,257
49269,-20,-15,254
49272,-20,-15,254
49275,-17,-16,255
49277,-17,-16,255
49280,-16,-21,260
49282,-16,-21,260
49285,-19,-18,255
49287,-19,-18,255
49290,-18,-20,256
49293,-18,-20,256
49295,-20,-19,256
49298,-20,-19,256
49300,-20,-21,255
49303,-20,-21,255
49305,-16,-16,256
49308,-16,-16,256
49311,-20,-21,259
49313,-20,-21,259
49316,-19,-15,256
49318,-19,-15,256
49321,-18,-19,257
49324,-18,-19,257
49326,-20,-20,258
49329,-20,-20,258
49331,-20,-19,255
49334,-20,-19,255
49336,-18,-20,257
49339,-18,-20,257
49341,-17,-19,259
49344,-17,-19,259
49347,-17,-17,255
49349,-17,-17,255
49352,-21,-17,256
49357,-19,-20,256
49362,-20,-16,257
49367,-20,-20,255
49372,-19,-18,255
49377,-21,-21,258
49382,-19,-19,255
49387,-20,-20,256
49392,-20,-18,257
49397,-18,-18,256
49402,-18,-21,257
49407,-18,-17,256
49412,-20,-18,256
49417,-18,-18,255
49422,-20,-19,256
49427,-20,-16,255
49432,-21,-22,256
49437,-20,-16,255
49442,-16,-20,255
49447,-16,-16,254
49452,-23,-20,256
49457,-20,-18,256
49462,-20,-19,255
49467,-23,-19,254
49472,-23,-21,256
49477,-22,-21,258
49482,-20,-18,254
49487,-18,-19,255
49492,-21,-21,253
49497,-21,-17,256
49502,-19,-18,255
49507,-21,-21,254
49512,-21,-19,256
49517,-21,-21,255
49522,-21,-21,255
49527,-18,-17,256
49532,-19,-20,254
49537,-20,-20,258
49542,-20,-20,256
49547,-20,-20,254
49552,-15,-17,255
49557,-17,-21,256
49562,-21,-16,257
49567,-21,-18,256
49572,-18,-16,255
49577,-18,-19,257
49582,-18,-21,256
49587,-19,-21,255
49592,-17,-14,255
49597,-21,-17,257
49602,-20,-17,256
49607,-20,-17,256
49612,-19,-16,257
49617,-20,-19,257
49622,-18,-20,257
49627,-18,-18,255
49632,-22,-20,256
49637,-19,-18,258
49642,-18,-21,257
49647,-20,-18,255
49652,-18,-17,254
49657,-16,-20,254
49662,-19,-20,256
49667,-20,-17,254
49672,-22,-20,255
49677,-17,-20,255
49682,-20,-20,256
49687,-19,-22,259
49692,-18,-20,256
49697,-20,-18,255
49702,-18,-21,257
49707,-23,-22,257
49712,-20,-18,256
49717,-18,-20,255
49722,-19,-17,256
49727,-20,-18,256
49732,-20,-21,255
49737,-23,-20,256
49742,-22,-17,255
49747,-22,-20,254
49752,-20,-18,256
49757,-19,-16,255
49762,-19,-20,256
49767,-20,-18,257
49772,-23,-20,256
49777,-17,-19,255
49782,-19,-18,256
49787,-22,-18,256
49792,-20,-21,256
49797,-20,-21,256
49802,-20,-19,255
49807,-19,-19,256
49812,-19,-20,256
49817,-21,-21,255
49822,-17,-18,255
49827,-15,-13,255
49832,-17,-20,258
49837,-18,-17,257
49842,-18,-21,258
49847,-17,-16,256
49852,-18,-16,253
49857,-18,-18,258
49862,-20,-19,256
49867,-18,-16,258
49872,-19,-19,254
49877,-20,-19,256
49882,-22,-17,257
49887,-18,-21,256
49892,-19,-16,256
49897,-20,-17,253
49902,-15,-20,256
49907,-17,-19,258
49912,-21,-17,255
49917,-22,-19,255
49922,-20,-18,255
49927,-18,-18,256
49932,-16,-21,259
49937,-17,-18,256
49942,-19,-20,256
49947,-19,-19,254
49952,-18,-20,257
49957,-19,-17,258
49962,-17,-23,255
49967,-19,-15,254
49972,-19,-19,257
49977,-16,-19,256
49982,-21,-21,256
49987,-19,-17,255
49992,-22,-21,254
49997,-17,-17,256
50002,-22,-21,256
50007,-19,-20,255
50012,-21,-17,254
50017,-17,-19,257
50022,-21,-20,255
50027,-21,-21,256
50032,-18,-19,256
50037,-20,-19,256
50042,-19,-16,255
50047,-20,-19,256
50052,-20,-19,255
50057,-18,-20,256
50062,-19,-19,255
50067,-22,-21,255
50072,-19,-16,256
50077,-19,-16,256
50082,-19,-21,256
50087,-19,-19,255
50092,-24,-16,255
50097,-20,-18,258
50102,-17,-18,256
50107,-18,-16,255
50112,-15,-19,256
50117,-19,-21,258
50122,-19,-16,255
50127,-20,-18,253
50132,-17,-20,258
50137,-18,-19,256
50142,-17,-18,255
50147,-19,-19,257
50152,-20,-19,258
[FEATURES] f0=-19175 f1=1739 f2=19253 f3=-24000 f4=-15000 f5=9000 f6=1378 f7=-18740 f8=1863 f9=18832 f10=-23000 f11=-13000 f12=10000 f13=1554 f14=255885 f15=1300 f16=255888 f17=253000 f18=260000 f19=7000 f20=968
[SCALED_FEATURES] f0=3839 f1=-1213 f2=-1236 f3=1483 f4=-1207 f5=-1354 f6=-1206 f7=-2863 f8=-987 f9=-902 f10=1030 f11=-1043 f12=-1039 f13=-981 f14=-174 f15=-855 f16=-456 f17=1013 f18=-1028 f19=-1038 f20=-819
[FEATURES_X] mean=-19175 std=1739 rms=19253 min=-24000 max=-15000 p2p=9000 mad=1378
[FEATURES_Y] mean=-18740 std=1863 rms=18832 min=-23000 max=-13000 p2p=10000 mad=1554
[FEATURES_Z] mean=255885 std=1300 rms=255888 min=253000 max=260000 p2p=7000 mad=968
[CLASS] CLASS=normal ID=0 scores_x1000=[7178,-380,-6797]
[CLASS_STATS] condition=normal total_windows=50
predicted_count=[50,0,0]
correct_windows=50
accuracy_x1000=1000
current_prediction=0
[CLASS_TIMING] sample_interval_ms=5 window_acquisition_ms=901 feature_extract_ms=7 inference_ms=0 total_cycle_ms=971
50251,-20,-19,254
50254,-20,-19,254
50256,-20,-18,256
50259,-20,-18,256
50261,-18,-19,255
50264,-18,-19,255
50266,-20,-20,257
50269,-20,-20,257
50272,-20,-14,257
50274,-20,-14,257
50277,-20,-18,254
50279,-20,-18,254
50282,-19,-20,254
50284,-19,-20,254
50287,-20,-17,258
50290,-20,-17,258
50292,-17,-20,256
50295,-17,-20,256
50297,-17,-18,257
50300,-17,-18,257
50302,-21,-21,257
50305,-21,-21,257
50308,-18,-18,254
50310,-18,-18,254
50313,-17,-20,255
50315,-17,-20,255
50318,-18,-16,258
50320,-18,-16,258
50323,-18,-22,255
50326,-18,-22,255
50328,-19,-20,254
50331,-19,-20,254
50333,-20,-17,257
50336,-20,-17,257
50339,-15,-20,256
50341,-15,-20,256
50344,-19,-18,258
50346,-19,-18,258
50349,-19,-16,254
50352,-19,-16,254
50357,-19,-19,256
50362,-19,-22,257
50367,-21,-17,258
50372,-22,-21,254
50377,-19,-16,257
50382,-14,-19,258
50387,-19,-18,259
50392,-20,-19,255
50397,-15,-15,256
50402,-19,-21,258
50407,-20,-18,257
50412,-22,-17,255
50417,-16,-18,256
50422,-16,-21,255
50427,-21,-17,254
50432,-20,-19,256
50437,-19,-19,255
50442,-20,-19,259
50447,-20,-20,258
50452,-19,-16,255
50457,-18,-17,255
50462,-21,-19,254
50467,-22,-20,257
50472,-22,-15,255
50477,-20,-24,255
50482,-20,-19,255
50487,-19,-16,255
50492,-18,-22,257
50497,-20,-18,256
50502,-20,-19,256
50507,-18,-16,256
50512,-20,-20,255
50517,-19,-17,257
50522,-20,-20,256
50527,-22,-16,255
50532,-19,-20,255
50537,-19,-20,256
50542,-18,-19,257
50547,-18,-19,257
50552,-15,-21,257
50557,-18,-19,257
50562,-21,-19,257
50567,-20,-21,256
50572,-22,-17,256
50577,-21,-19,256
50582,-20,-20,256
50587,-19,-20,255
50592,-20,-18,256
50597,-20,-23,255
50602,-21,-18,256
50607,-21,-19,256
50612,-21,-19,254
50617,-20,-17,254
50622,-19,-22,255
50627,-20,-19,256
50632,-20,-19,256
50637,-20,-20,255
50642,-21,-18,255
50647,-19,-21,256
50652,-21,-17,255
50657,-20,-19,260
50662,-17,-16,256
50667,-17,-18,255
50672,-18,-19,258
50677,-17,-21,258
50682,-18,-19,259
50687,-19,-18,256
50692,-17,-21,254
50697,-20,-15,258
50702,-17,-19,258
50707,-21,-18,256
50712,-22,-18,254
50717,-18,-17,256
50722,-16,-18,259
50727,-20,-17,255
50732,-18,-20,255
50737,-19,-17,254
50742,-21,-18,254
50747,-21,-18,257
50752,-21,-18,257
50757,-20,-14,256
50762,-19,-18,255
50767,-17,-19,256
50772,-22,-16,257
50777,-19,-22,257
50782,-20,-21,257
50787,-19,-17,258
50792,-18,-17,255
50797,-20,-22,256
50802,-19,-17,254
50807,-20,-19,255
50812,-20,-21,256
50817,-22,-16,254
50822,-17,-23,255
50827,-19,-17,256
50832,-18,-21,256
50837,-19,-21,257
50842,-19,-24,256
50847,-20,-17,257
50852,-23,-20,256
50857,-22,-21,257
50862,-22,-20,256
50867,-17,-16,257
50872,-17,-25,255
50877,-22,-20,254
50882,-23,-17,253
50887,-21,-17,252
50892,-20,-20,254
50897,-22,-15,254
50902,-23,-18,253
50907,-23,-18,253
50912,-19,-17,255
50917,-19,-18,259
50922,-23,-19,257
50927,-20,-19,256
50932,-18,-17,255
50937,-17,-17,255
50942,-19,-18,257
50947,-17,-17,259
50952,-19,-18,254
50957,-19,-13,256
50962,-19,-18,256
50967,-18,-21,259
50972,-21,-18,259
50977,-21,-18,254
50982,-19,-16,254
50987,-18,-20,258
50992,-19,-19,256
50997,-21,-19,257
51002,-19,-18,257
51007,-18,-17,256
51012,-20,-20,257
51017,-20,-15,254
51022,-22,-20,259
51027,-22,-18,253
51032,-19,-18,256
51037,-20,-19,257
51042,-20,-21,256
51047,-18,-17,256
51052,-19,-20,255
51057,-22,-17,255
51062,-18,-19,256
51067,-19,-20,255
51072,-19,-20,254
51077,-19,-18,256
51082,-17,-21,256
51087,-18,-19,257
51092,-20,-21,255
51097,-19,-19,256
51102,-20,-19,256
51107,-16,-19,257
51112,-19,-19,256
51117,-18,-19,256
51122,-22,-17,255
51127,-20,-19,254
51132,-22,-17,254
51137,-21,-19,255
51142,-22,-20,256
51147,-22,-18,254
51152,-19,-16,256
[FEATURES] f0=-19380 f1=1719 f2=19456 f3=-23000 f4=-14000 f5=9000 f6=1361 f7=-18645 f8=1941 f9=18745 f10=-25000 f11=-13000 f12=12000 f13=1536 f14=255875 f15=1459 f16=255879 f17=252000 f18=260000 f19=8000 f20=1158
[SCALED_FEATURES] f0=3766 f1=-1214 f2=-1231 f3=1494 f4=-1197 f5=-1354 f6=-1207 f7=-2834 f8=-987 f9=-903 f10=1023 f11=-1043 f12=-1036 f13=-981 f14=-175 f15=-853 f16=-457 f17=1002 f18=-1028 f19=-1033 f20=-815
[FEATURES_X] mean=-19380 std=1719 rms=19456 min=-23000 max=-14000 p2p=9000 mad=1361
[FEATURES_Y] mean=-18645 std=1941 rms=18745 min=-25000 max=-13000 p2p=12000 mad=1536
[FEATURES_Z] mean=255875 std=1459 rms=255879 min=252000 max=260000 p2p=8000 mad=1158
[CLASS] CLASS=normal ID=0 scores_x1000=[7081,-452,-6628]
[CLASS_STATS] condition=normal total_windows=51
predicted_count=[51,0,0]
correct_windows=51
accuracy_x1000=1000
current_prediction=0
[CLASS_TIMING] sample_interval_ms=5 window_acquisition_ms=901 feature_extract_ms=7 inference_ms=1 total_cycle_ms=972
51251,-20,-21,253
51254,-21,-16,256
51256,-21,-16,256
51259,-21,-20,255
51262,-21,-20,255
51264,-21,-18,254
51267,-21,-18,254
51269,-20,-21,257
51272,-20,-21,257
51274,-17,-15,258
51277,-17,-15,258
51279,-20,-21,257
51282,-20,-21,257
51285,-17,-17,256
51287,-17,-17,256
51290,-22,-22,256
51292,-22,-22,256
51295,-21,-17,255
51297,-21,-17,255
51300,-22,-19,254
51303,-22,-19,254
51305,-17,-17,256
51308,-17,-17,256
51310,-18,-21,257
51313,-18,-21,257
51315,-17,-16,255
51318,-17,-16,255
51321,-18,-18,255
51323,-18,-18,255
51326,-18,-22,256
51328,-18,-22,256
51331,-21,-18,257
51334,-21,-18,257
51336,-20,-18,255
51339,-20,-18,255
51341,-17,-21,256
51344,-17,-21,256
51346,-19,-18,257
51349,-19,-18,257
51352,-19,-17,254
51357,-19,-20,256
51362,-21,-18,256
51367,-20,-21,257
51372,-20,-22,255
51377,-20,-18,255
51382,-17,-20,257
51387,-18,-22,256
51392,-20,-19,256
51397,-19,-18,256
51402,-20,-21,256
51407,-23,-18,256
51412,-23,-21,256
51417,-22,-18,253
51422,-20,-19,254
51427,-21,-18,254
51432,-21,-21,257
51437,-20,-16,256
51442,-21,-22,257
51447,-20,-19,256
51452,-18,-15,255
51457,-19,-22,256
51462,-19,-22,256
51467,-23,-19,256
51472,-21,-17,255
51477,-20,-17,254
51482,-22,-19,255
51487,-20,-17,255
51492,-20,-19,260
51497,-20,-18,257
51502,-19,-16,255
51507,-18,-17,255
51512,-18,-20,257
51517,-19,-19,260
51522,-19,-20,257
51527,-18,-18,255
51532,-21,-15,256
51537,-21,-23,256
51542,-19,-19,260
51547,-21,-18,257
51552,-17,-18,256
51557,-19,-21,254
51562,-16,-18,256
51567,-21,-20,257
51572,-20,-18,256
51577,-21,-21,254
51582,-19,-19,255
51587,-21,-21,256
51592,-19,-19,259
51597,-19,-19,255
51602,-20,-20,254
51607,-19,-15,254
51612,-19,-21,256
51617,-21,-19,257
51622,-20,-21,256
51627,-17,-18,255
51632,-20,-19,256
51637,-19,-18,257
51642,-21,-20,255
51647,-21,-18,256
51652,-20,-17,256
51657,-17,-20,257
51662,-21,-19,256
51667,-20,-20,256
51672,-21,-18,255
51677,-23,-17,256
51682,-20,-17,255
51687,-18,-22,257
51692,-18,-16,259
51697,-20,-18,256
51702,-19,-17,255
51707,-22,-21,255
51712,-19,-18,257
51717,-18,-20,256
51722,-21,-18,255
51727,-20,-18,256
51732,-18,-22,254
51737,-19,-17,256
51742,-19,-17,256
51747,-22,-20,255
51752,-21,-17,254
51757,-18,-20,255
51762,-18,-15,254
51767,-17,-21,258
51772,-16,-17,255
51777,-18,-16,254
51782,-17,-19,256
51787,-18,-18,257
51792,-21,-19,260
51797,-20,-18,255
51802,-16,-15,254
51807,-18,-17,257
51812,-16,-24,256
51817,-22,-18,257
51822,-21,-21,256
51827,-16,-18,255
51832,-20,-18,258
51837,-18,-16,256
51842,-17,-22,258
51847,-20,-15,257
51852,-22,-17,255
51857,-21,-18,254
51862,-19,-20,256
51867,-18,-17,257
51872,-19,-19,255
51877,-19,-17,254
51882,-20,-18,256
51887,-19,-18,255
51892,-18,-17,255
51897,-20,-19,258
51902,-21,-18,255
51907,-21,-17,255
51912,-21,-17,255
51917,-20,-23,254
51922,-20,-18,253
51927,-19,-19,256
51932,-18,-20,256
51937,-21,-16,256
51942,-19,-20,255
51947,-20,-18,254
51952,-22,-22,256
51957,-19,-21,256
51962,-20,-22,256
51967,-18,-17,255
51972,-19,-21,255
51977,-21,-18,253
51982,-22,-18,255
51987,-20,-19,255
51992,-20,-18,255
51997,-20,-19,255
52002,-18,-21,256
52007,-20,-22,255
52012,-21,-12,254
52017,-20,-20,256
52022,-20,-20,256
52027,-20,-20,256
52032,-20,-20,256
52037,-18,-17,254
52042,-18,-21,255
52047,-20,-15,257
52052,-17,-20,260
52057,-17,-20,259
52062,-20,-17,257
52067,-19,-18,254
52072,-19,-19,254
52077,-19,-18,256
52082,-21,-17,259
52087,-20,-20,258
52092,-24,-16,257
52097,-19,-21,255
52102,-15,-14,254
52107,-19,-17,255
52112,-18,-20,257
52117,-22,-20,258
52122,-21,-17,256
52127,-20,-18,255
52132,-19,-22,255
52137,-21,-16,257
52142,-19,-20,256
52147,-23,-17,255
52152,-23,-17,255
[FEATURES] f0=-19555 f1=1660 f2=19625 f3=-24000 f4=-15000 f5=9000 f6=1365 f7=-18705 f8=2029 f9=18814 f10=-24000 f11=-12000 f12=12000 f13=1683 f14=255815 f15=1360 f16=255818 f17=253000 f18=260000 f19=7000 f20=1032
[SCALED_FEATURES] f0=3704 f1=-1215 f2=-1228 f3=1483 f4=-1207 f5=-1354 f6=-1207 f7=-2852 f8=-986 f9=-902 f10=1026 f11=-1039 f12=-1036 f13=-980 f14=-181 f15=-854 f16=-459 f17=1013 f18=-1028 f19=-1038 f20=-818
[FEATURES_X] mean=-19555 std=1660 rms=19625 min=-24000 max=-15000 p2p=9000 mad=1365
[FEATURES_Y] mean=-18705 std=2029 rms=18814 min=-24000 max=-12000 p2p=12000 mad=1683
[FEATURES_Z] mean=255815 std=1360 rms=255818 min=253000 max=260000 p2p=7000 mad=1032
[CLASS] CLASS=normal ID=0 scores_x1000=[6955,-533,-6421]
[CLASS_STATS] condition=normal total_windows=52
predicted_count=[52,0,0]
correct_windows=52
accuracy_x1000=1000
current_prediction=0
[CLASS_TIMING] sample_interval_ms=5 window_acquisition_ms=901 feature_extract_ms=7 inference_ms=1 total_cycle_ms=972
52251,-20,-22,256
52254,-19,-18,256
52256,-19,-18,256
52259,-18,-19,258
52262,-18,-19,258
52264,-18,-18,256
52267,-18,-18,256
52269,-22,-18,258
52272,-22,-18,258
52274,-18,-16,253
52277,-18,-16,253
52280,-20,-18,258
52282,-20,-19,255
52285,-20,-19,255
52287,-20,-16,256
52290,-20,-16,256
52292,-19,-20,257
52295,-19,-20,257
52298,-19,-17,256
52300,-19,-17,256
52303,-20,-18,255
52305,-20,-18,255
52308,-19,-18,257
52310,-19,-18,257
52313,-20,-19,256
52316,-20,-19,256
52318,-20,-17,255
52321,-20,-17,255
52323,-20,-20,257
52326,-20,-20,257
52328,-20,-19,256
52331,-20,-19,256
52334,-16,-18,255
52336,-16,-18,255
52339,-18,-20,256
52341,-18,-20,256
52344,-22,-18,256
52346,-22,-18,256
52349,-18,-16,255
52352,-18,-16,255
52357,-18,-19,256
52362,-23,-20,261
52367,-20,-17,258
52372,-18,-21,256
52377,-17,-19,255
52382,-17,-20,258
52387,-18,-18,260
52392,-23,-18,255
52397,-18,-14,253
52402,-19,-21,256
52407,-21,-20,255
52412,-19,-19,257
52417,-18,-21,255
52422,-18,-14,256
52427,-21,-20,256
52432,-20,-19,256
52437,-20,-17,259
52442,-21,-15,255
52447,-19,-18,255
52452,-18,-15,257
52457,-19,-18,257
52462,-21,-19,257
52467,-21,-17,255
52472,-20,-20,255
52477,-20,-19,256
52482,-20,-19,257
52487,-19,-18,255
52492,-18,-19,255
52497,-20,-16,256
52502,-20,-20,256
52507,-20,-21,255
52512,-21,-21,257
52517,-17,-19,257
52522,-18,-22,255
52527,-21,-18,254
52532,-23,-20,255
52537,-19,-18,256
52542,-20,-20,255
52547,-19,-18,256
52552,-20,-21,255
52557,-18,-20,255
52562,-20,-19,254
52567,-22,-22,256
52572,-21,-17,256
52577,-21,-17,256
52582,-19,-22,258
52587,-18,-20,255
52592,-19,-16,258
52597,-19,-20,257
52602,-18,-15,256
52607,-20,-17,255
52612,-20,-17,256
52617,-21,-20,258
52622,-22,-16,255
52627,-17,-17,256
52632,-19,-17,254
52637,-19,-19,256
52642,-23,-17,259
52647,-20,-19,255
52652,-17,-13,255
52657,-20,-18,255
52662,-17,-19,257
52667,-20,-16,256
52672,-17,-20,257
52677,-19,-19,254
52682,-21,-18,258
52687,-20,-19,258
52692,-21,-19,257
52697,-19,-15,255
52702,-20,-21,255
52707,-19,-19,257
52712,-21,-18,258
52717,-19,-17,256
52722,-17,-24,256
52727,-18,-17,256
52732,-18,-21,258
52737,-23,-18,255
52742,-23,-18,255
52747,-20,-19,255
52752,-20,-20,255
52757,-19,-17,256
52762,-20,-19,254
52767,-19,-19,255
52772,-20,-17,256
52777,-19,-21,256
52782,-21,-17,255
52787,-19,-20,256
52792,-17,-19,256
52797,-20,-20,257
52802,-20,-16,257
52807,-22,-21,255
52812,-20,-21,256
52817,-20,-16,256
52822,-19,-23,257
52827,-19,-20,259
52832,-19,-19,256
52837,-17,-18,256
52842,-19,-23,254
52847,-21,-19,256
52852,-21,-21,255
52857,-21,-21,255
52862,-20,-20,254
52867,-19,-16,256
52872,-19,-22,257
52877,-23,-19,256
52882,-20,-17,255
52887,-19,-18,256
52892,-19,-14,254
52897,-17,-17,258
52902,-18,-23,259
52907,-19,-18,257
52912,-22,-18,254
52917,-17,-19,254
52922,-20,-19,257
52927,-17,-17,259
52932,-19,-21,256
52937,-20,-16,256
52942,-19,-17,254
52947,-18,-18,259
52952,-21,-20,255
52957,-20,-19,257
52962,-19,-19,254
52967,-15,-18,256
52972,-19,-18,257
52977,-19,-21,256
52982,-20,-18,255
52987,-22,-19,256
52992,-16,-17,255
52997,-20,-16,255
53002,-19,-20,256
53007,-17,-19,259
53012,-20,-18,254
53017,-21,-18,256
53022,-21,-23,256
53027,-19,-17,254
53032,-17,-17,256
53037,-19,-20,256
53042,-19,-20,257
53047,-19,-15,256
53052,-20,-21,257
53057,-20,-18,255
53062,-22,-18,255
53067,-17,-19,256
53072,-21,-20,255
53077,-22,-19,255
53082,-21,-22,255
53087,-19,-17,257
53092,-20,-19,257
53097,-18,-22,254
53102,-18,-19,255
53107,-20,-21,254
53112,-18,-19,256
53117,-21,-20,256
53122,-21,-15,254
53127,-19,-24,256
53132,-18,-18,256
53137,-18,-18,256
53142,-19,-18,255
53147,-19,-19,255
53152,-22,-18,256
[FEATURES] f0=-19455 f1=1529 f2=19514 f3=-23000 f4=-15000 f5=8000 f6=1224 f7=-18615 f8=1922 f9=18714 f10=-24000 f11=-13000 f12=11000 f13=1510 f14=255955 f15=1312 f16=255958 f17=253000 f18=261000 f19=8000 f20=955
[SCALED_FEATURES] f0=3739 f1=-1217 f2=-1230 f3=1494 f4=-1207 f5=-1360 f6=-1210 f7=-2825 f8=-987 f9=-903 f10=1026 f11=-1043 f12=-1038 f13=-981 f14=-167 f15=-855 f16=-454 f17=1013 f18=-1019 f19=-1033 f20=-819
[FEATURES_X] mean=-19455 std=1529 rms=19514 min=-23000 max=-15000 p2p=8000 mad=1224
[FEATURES_Y] mean=-18615 std=1922 rms=18714 min=-24000 max=-13000 p2p=11000 mad=1510
[FEATURES_Z] mean=255955 std=1312 rms=255958 min=253000 max=261000 p2p=8000 mad=955
[CLASS] CLASS=normal ID=0 scores_x1000=[7049,-488,-6560]
[CLASS_STATS] condition=normal total_windows=53
predicted_count=[53,0,0]
correct_windows=53
accuracy_x1000=1000
current_prediction=0
[CLASS_TIMING] sample_interval_ms=5 window_acquisition_ms=901 feature_extract_ms=7 inference_ms=0 total_cycle_ms=971
53251,-21,-20,257
53254,-21,-20,257
53256,-20,-14,256
53259,-20,-14,256
53261,-18,-17,253
53264,-18,-17,253
53266,-19,-21,259
53269,-19,-21,259
53272,-20,-15,254
53274,-20,-15,254
53277,-14,-18,256
53279,-14,-18,256
53282,-17,-16,256
53284,-17,-16,256
53287,-20,-18,257
53290,-20,-18,257
53292,-21,-15,256
53295,-21,-15,256
53297,-16,-20,255
53300,-16,-20,255
53302,-20,-19,257
53305,-20,-19,257
53308,-20,-19,256
53310,-20,-19,256
53313,-19,-19,255
53315,-19,-19,255
53318,-20,-19,256
53320,-20,-19,256
53323,-19,-16,259
53326,-19,-16,259
53328,-21,-19,258
53331,-21,-19,258
53333,-21,-15,256
53336,-21,-15,256
53339,-18,-20,255
53341,-19,-18,255
53344,-19,-18,255
53346,-22,-17,255
53349,-22,-17,255
53352,-19,-20,256
53357,-24,-19,255
53362,-21,-17,254
53367,-18,-19,254
53372,-21,-17,255
53377,-21,-16,254
53382,-18,-20,256
53387,-18,-18,255
53392,-22,-20,254
53397,-20,-17,255
53402,-20,-20,256
53407,-18,-16,256
53412,-18,-16,256
53417,-18,-21,255
53422,-19,-20,256
53427,-20,-16,256
53432,-19,-20,254
53437,-21,-18,255
53442,-18,-19,257
53447,-18,-18,261
53452,-19,-20,256
53457,-17,-14,255
53462,-19,-21,255
53467,-17,-18,256
53472,-20,-19,260
53477,-19,-20,257
53482,-21,-21,258
53487,-19,-15,255
53492,-17,-20,256
53497,-19,-17,255
53502,-22,-18,256
53507,-17,-19,256
